artclId,제목,등록일,URL
312398,2026년 제1급감염병(바이러스성출혈열) 대응지침(2026.8월),2026.08.28,https://www.kdca.go.kr/bbs/kdca/55/312398/artclView.do
312381,2026년 코로나바이러스감염증-19 관리지침,2026.08.27,https://www.kdca.go.kr/bbs/kdca/55/312381/artclView.do
312241,감염병 위기 사회대응 매뉴얼(2026),2026.08.18,https://www.kdca.go.kr/bbs/kdca/55/312241/artclView.do
311933,의료관련감염 자율보고 운영안내(제3판),2026.07.24,https://www.kdca.go.kr/bbs/kdca/55/311933/artclView.do
311901,법정감염병 진단검사 통합지침(제5판),2026.07.23,https://www.kdca.go.kr/bbs/kdca/55/311901/artclView.do
311900,2026 검역감염병 대응지침,2026.07.23,https://www.kdca.go.kr/bbs/kdca/55/311900/artclView.do
311716,2025년도 감염병 역학조사 연보,2026.07.08,https://www.kdca.go.kr/bbs/kdca/55/311716/artclView.do
311621,「항생제 적정사용 관리(ASP) 시범사업」 FAQ 개정 안내(2026.6.30. 기준),2026.06.30,https://www.kdca.go.kr/bbs/kdca/55/311621/artclView.do
311300,코로나19예방접종 피해보상 특별법 업무지침(2판),2026.06.02,https://www.kdca.go.kr/bbs/kdca/55/311300/artclView.do
311285,2026년도 엔테로바이러스감염증·수족구병 관리지침 재안내,2026.06.01,https://www.kdca.go.kr/bbs/kdca/55/311285/artclView.do
311284,2026년 수인성·식품매개감염병 관리지침 재안내,2026.06.01,https://www.kdca.go.kr/bbs/kdca/55/311284/artclView.do
311278,엠폭스 관리지침(제3-1판),2026.06.01,https://www.kdca.go.kr/bbs/kdca/55/311278/artclView.do
311258,2026년 한타바이러스 심폐증후군(안데스바이러스 감염) 대응지침 제정 안내,2026.05.29,https://www.kdca.go.kr/bbs/kdca/55/311258/artclView.do
311242,2026년 감염병 관리 사업 안내 지침,2026.05.28,https://www.kdca.go.kr/bbs/kdca/55/311242/artclView.do
311214,2026년 아토피·천식 안심학교 운영안내서(초등학교용),2026.05.26,https://www.kdca.go.kr/bbs/kdca/55/311214/artclView.do
311153,2026년 CRE 감염증 감소전략 운영 사업 지침,2026.05.20,https://www.kdca.go.kr/bbs/kdca/55/311153/artclView.do
311073,2026년 법정감염병 진단·신고기준 지침,2026.05.14,https://www.kdca.go.kr/bbs/kdca/55/311073/artclView.do
311032,2026년도 예방접종 대상 감염병 관리 지침,2026.05.11,https://www.kdca.go.kr/bbs/kdca/55/311032/artclView.do
311031,홍역 대응 지침(2026.5.),2026.05.11,https://www.kdca.go.kr/bbs/kdca/55/311031/artclView.do
310916,2026년 다빈도 감염증 5종 항생제 적정사용을 위한 실무지침,2026.04.29,https://www.kdca.go.kr/bbs/kdca/55/310916/artclView.do
310715,고위험병원체 취급 및 보존 안전관리 가이드(2023),2026.04.10,https://www.kdca.go.kr/bbs/kdca/55/310715/artclView.do
310657,2026년 국가지정 입원치료병상 운영과 관리 지침,2026.04.03,https://www.kdca.go.kr/bbs/kdca/55/310657/artclView.do
310651,2026 검역업무지침,2026.04.02,https://www.kdca.go.kr/bbs/kdca/55/310651/artclView.do
310611,2026년도 호흡기감염병 관리지침(일부개정판),2026.03.30,https://www.kdca.go.kr/bbs/kdca/55/310611/artclView.do
310605,말라리아 진료가이드(제3판),2026.03.30,https://www.kdca.go.kr/bbs/kdca/55/310605/artclView.do
310557,2026년 예방접종 후 이상반응 관리지침,2026.03.26,https://www.kdca.go.kr/bbs/kdca/55/310557/artclView.do
310524,2026년도 크로이츠펠트-야콥병 관리지침,2026.03.23,https://www.kdca.go.kr/bbs/kdca/55/310524/artclView.do
310522,2026년도 기생충감염병 관리지침,2026.03.23,https://www.kdca.go.kr/bbs/kdca/55/310522/artclView.do
310521,"2026년도 인수공통감염병(브루셀라증, 공수병, 큐열, 유비저) 관리지침",2026.03.23,https://www.kdca.go.kr/bbs/kdca/55/310521/artclView.do
310488,2026년도 칸디다 오리스 관리지침,2026.03.19,https://www.kdca.go.kr/bbs/kdca/55/310488/artclView.do
310475,의료감염관리 지침·안내서 가이드맵 안내,2026.03.17,https://www.kdca.go.kr/bbs/kdca/55/310475/artclView.do
310439,2026년 의료관련감염병 지역 의료기관 네트워크 운영 사업 지침,2026.03.13,https://www.kdca.go.kr/bbs/kdca/55/310439/artclView.do
310434,2026년도 바이러스성 모기매개감염병 관리지침,2026.03.12,https://www.kdca.go.kr/bbs/kdca/55/310434/artclView.do
310433,2026년도 말라리아 관리지침,2026.03.12,https://www.kdca.go.kr/bbs/kdca/55/310433/artclView.do
310390,2026년도 진드기·설치류매개감염병 관리지침,2026.03.06,https://www.kdca.go.kr/bbs/kdca/55/310390/artclView.do
310382,2026년 의료관련감염병 표본감시 운영 및 예산집행 안내,2026.03.06,https://www.kdca.go.kr/bbs/kdca/55/310382/artclView.do
310321,2026년 성매개감염병 관리지침,2026.03.03,https://www.kdca.go.kr/bbs/kdca/55/310321/artclView.do
310222,2026년도 한센병사업관리지침,2026.02.24,https://www.kdca.go.kr/bbs/kdca/55/310222/artclView.do
310098,2025년 CRE 감염증 감소전략 운영 사업 지침,2026.02.12,https://www.kdca.go.kr/bbs/kdca/55/310098/artclView.do
310062,소독업 관련 질의응답집(2026.1월),2026.02.09,https://www.kdca.go.kr/bbs/kdca/55/310062/artclView.do
309990,2026년도 엔테로바이러스감염증·수족구병 관리지침,2026.02.03,https://www.kdca.go.kr/bbs/kdca/55/309990/artclView.do
309970,2026년 HIV/AIDS 관리지침,2026.02.02,https://www.kdca.go.kr/bbs/kdca/55/309970/artclView.do
309968,2026년도 의료관련감염병 관리지침,2026.02.02,https://www.kdca.go.kr/bbs/kdca/55/309968/artclView.do
309941,2026년도 레지오넬라증 관리지침,2026.01.30,https://www.kdca.go.kr/bbs/kdca/55/309941/artclView.do
309937,2026년도 호흡기감염병 관리지침,2026.01.30,https://www.kdca.go.kr/bbs/kdca/55/309937/artclView.do
309847,2026년 제1급감염병(중동호흡기증후군(MERS)·중증급성호흡기증후군(SARS)) 대응지침,2026.01.22,https://www.kdca.go.kr/bbs/kdca/55/309847/artclView.do
309846,2026년 제1급감염병(동물인플루엔자 인체감염증) 대응지침,2026.01.22,https://www.kdca.go.kr/bbs/kdca/55/309846/artclView.do
309845,요양병원 감염관리 toolkit,2026.01.22,https://www.kdca.go.kr/bbs/kdca/55/309845/artclView.do
309785,2026년 주요감염병 표본감시사업 안내,2026.01.19,https://www.kdca.go.kr/bbs/kdca/55/309785/artclView.do
309745,2026년도 제1급감염병(바이러스성출혈열) 대응지침,2026.01.15,https://www.kdca.go.kr/bbs/kdca/55/309745/artclView.do
309744,2026년도 제1급감염병(두창·페스트·탄저·보툴리눔독소증·야토병) 대응지침,2026.01.15,https://www.kdca.go.kr/bbs/kdca/55/309744/artclView.do
309706,2026년 지역사회 통합건강증진사업 안내(아토피·천식 예방관리),2026.01.13,https://www.kdca.go.kr/bbs/kdca/55/309706/artclView.do
309683,(7.27.수정)2026년 국가예방접종 지침,2026.01.09,https://www.kdca.go.kr/bbs/kdca/55/309683/artclView.do
309608,2026 국가결핵관리지침,2026.01.05,https://www.kdca.go.kr/bbs/kdca/55/309608/artclView.do
309605,2026년 지역사회 통합건강증진사업 안내(심뇌혈관질환 예방관리),2026.01.05,https://www.kdca.go.kr/bbs/kdca/55/309605/artclView.do
309604,2026년 고혈압·당뇨병 등록관리사업 표준실무지침,2026.01.05,https://www.kdca.go.kr/bbs/kdca/55/309604/artclView.do
309603,2026년 시도 심뇌혈관질환 예방관리사업 안내,2026.01.05,https://www.kdca.go.kr/bbs/kdca/55/309603/artclView.do
309601,2026년도 바이러스 간염 관리지침(A형·B형·C형·E형),2026.01.05,https://www.kdca.go.kr/bbs/kdca/55/309601/artclView.do
309571,2026년도 수인성 및 식품매개감염병 관리지침,2026.01.02,https://www.kdca.go.kr/bbs/kdca/55/309571/artclView.do
309537,치과감염관리 표준정책 매뉴얼,2025.12.31,https://www.kdca.go.kr/bbs/kdca/55/309537/artclView.do
309533,중증열성혈소판감소증후군(SFTS) 공동 역학조사 매뉴얼,2025.12.31,https://www.kdca.go.kr/bbs/kdca/55/309533/artclView.do
309484,제4-1판 의료관련감염 집단발생 대응 안내,2025.12.29,https://www.kdca.go.kr/bbs/kdca/55/309484/artclView.do
309469,병원기반 인간 마이크로바이옴 연구개발 사업 운영 가이드라인 개정판(2025년),2025.12.26,https://www.kdca.go.kr/bbs/kdca/55/309469/artclView.do
309371,엠폭스 관리지침(제3판),2025.12.18,https://www.kdca.go.kr/bbs/kdca/55/309371/artclView.do
309367,소아청소년 마이코플라스마 폐렴균 감염증 진료지침 2026,2025.12.18,https://www.kdca.go.kr/bbs/kdca/55/309367/artclView.do
228322,의원급 의료기관 인플루엔자 의사환자 감시 가이드라인(의료기관용),2025.12.10,https://www.kdca.go.kr/bbs/kdca/55/228322/artclView.do
228321,법정감염병 진단검사 통합지침(제4-2판),2025.12.05,https://www.kdca.go.kr/bbs/kdca/55/228321/artclView.do
228320,「코로나바이러스감염증-19 재택치료 안내서」,2025.12.03,https://www.kdca.go.kr/bbs/kdca/55/228320/artclView.do
228319,크로이츠펠트-야콥병(CJ) 안내서,2025.12.02,https://www.kdca.go.kr/bbs/kdca/55/228319/artclView.do
228318,2025년 법정감염병 진단·신고기준 지침,2025.11.10,https://www.kdca.go.kr/bbs/kdca/55/228318/artclView.do
228316,2025년 백신 보관 및 관리 가이드라인(접종기관용) 개정,2025.11.04,https://www.kdca.go.kr/bbs/kdca/55/228316/artclView.do
228315,제4판 의료관련감염 집단발생 대응 안내,2025.11.04,https://www.kdca.go.kr/bbs/kdca/55/228315/artclView.do
228314,기후재난 보건응급조사 매뉴얼,2025.11.03,https://www.kdca.go.kr/bbs/kdca/55/228314/artclView.do
228313,코로나바이러스감염증-19 치료제 사용 안내서(제13-2판) 개정 안내,2025.10.28,https://www.kdca.go.kr/bbs/kdca/55/228313/artclView.do
228312,코로나19 예방접종 피해보상 특별법 업무지침,2025.10.23,https://www.kdca.go.kr/bbs/kdca/55/228312/artclView.do
228311,2025 시설별 인플루엔자 관리지침(사업장용),2025.10.21,https://www.kdca.go.kr/bbs/kdca/55/228311/artclView.do
228310,2025 시설별 인플루엔자 관리지침(노인복지시설용),2025.10.21,https://www.kdca.go.kr/bbs/kdca/55/228310/artclView.do
228309,"2025 시설별 인플루엔자 관리지침(어린이집, 유치원, 학교용)",2025.10.21,https://www.kdca.go.kr/bbs/kdca/55/228309/artclView.do
228308,2025-2026 절기 인플루엔자 관리지침,2025.09.26,https://www.kdca.go.kr/bbs/kdca/55/228308/artclView.do
228307,2024년도 감염병 역학조사 연보,2025.09.24,https://www.kdca.go.kr/bbs/kdca/55/228307/artclView.do
228306,의원 종사자의 감염관리 실천 안내서,2025.09.12,https://www.kdca.go.kr/bbs/kdca/55/228306/artclView.do
228305,제1급감염병 니파바이러스감염증 대응 지침(제1판),2025.09.08,https://www.kdca.go.kr/bbs/kdca/55/228305/artclView.do
228304,2025년 코로나바이러스감염증-19 관리지침,2025.08.29,https://www.kdca.go.kr/bbs/kdca/55/228304/artclView.do
228303,검역감염병 대응 지침,2025.07.17,https://www.kdca.go.kr/bbs/kdca/55/228303/artclView.do
228302,2025 HIV/AIDS 관리지침(개정),2025.07.14,https://www.kdca.go.kr/bbs/kdca/55/228302/artclView.do
228301,일차 의료기관용 바이러스 간염(B형·C형) 진료 지침,2025.07.11,https://www.kdca.go.kr/bbs/kdca/55/228301/artclView.do
228300,2025년 의료관련감염병 표본감시 운영 및 예산집행 안내,2025.07.03,https://www.kdca.go.kr/bbs/kdca/55/228300/artclView.do
228299,2025년도 감염병 관리 사업 안내,2025.06.30,https://www.kdca.go.kr/bbs/kdca/55/228299/artclView.do
228298,2025년도 크로이츠펠트-야콥병 관리지침,2025.06.04,https://www.kdca.go.kr/bbs/kdca/55/228298/artclView.do
228297,한의의료기관 감염관리 표준 매뉴얼,2025.05.30,https://www.kdca.go.kr/bbs/kdca/55/228297/artclView.do
228296,감염병 국가표준실험실 인정요건 및 표준운영지침(국·영문판),2025.05.27,https://www.kdca.go.kr/bbs/kdca/55/228296/artclView.do
228295,2025년 예방접종대상감염병 관리지침,2025.05.20,https://www.kdca.go.kr/bbs/kdca/55/228295/artclView.do
228294,2025년 국가지정 입원치료병상 운영과 관리 지침,2025.05.16,https://www.kdca.go.kr/bbs/kdca/55/228294/artclView.do
228293,2025 검역업무지침,2025.05.07,https://www.kdca.go.kr/bbs/kdca/55/228293/artclView.do
228292,2025년 레지오넬라증 관리지침,2025.04.23,https://www.kdca.go.kr/bbs/kdca/55/228292/artclView.do
228291,2025년 호흡기감염병 관리지침,2025.04.23,https://www.kdca.go.kr/bbs/kdca/55/228291/artclView.do
228290,2025년 아토피·천식 안심학교 운영안내서(초등학교용),2025.04.16,https://www.kdca.go.kr/bbs/kdca/55/228290/artclView.do
228289,2025년 매독 신고 안내서,2025.03.31,https://www.kdca.go.kr/bbs/kdca/55/228289/artclView.do
228288,2025년도 한센병사업 관리지침,2025.03.27,https://www.kdca.go.kr/bbs/kdca/55/228288/artclView.do
228287,요양병원 감염병 진단 및 항생제 사용 지침,2025.03.26,https://www.kdca.go.kr/bbs/kdca/55/228287/artclView.do
228286,「항생제 적정사용 관리(ASP) 시범사업」 FAQ 개정 안내 (2025. 3. 24. 기준)(오류 정정 파일재첨부),2025.03.25,https://www.kdca.go.kr/bbs/kdca/55/228286/artclView.do
228285,2025년도 진드기.설치류매개감염병 관리지침,2025.03.25,https://www.kdca.go.kr/bbs/kdca/55/228285/artclView.do
228284,2025년도 기생충감염병 관리지침,2025.03.24,https://www.kdca.go.kr/bbs/kdca/55/228284/artclView.do
228283,2025년도 인수공통감염병 관리지침,2025.03.24,https://www.kdca.go.kr/bbs/kdca/55/228283/artclView.do
228282,2025년도 바이러스성 모기매개감염병 관리지침,2025.03.21,https://www.kdca.go.kr/bbs/kdca/55/228282/artclView.do
228281,원인미상 비감염 집단발병 역학조사 가이드라인(2025),2025.03.21,https://www.kdca.go.kr/bbs/kdca/55/228281/artclView.do
228280,2025년도 말라리아 관리지침,2025.03.19,https://www.kdca.go.kr/bbs/kdca/55/228280/artclView.do
228279,2025년 지역사회 통합건강증진사업 안내(아토피·천식 예방관리),2025.03.18,https://www.kdca.go.kr/bbs/kdca/55/228279/artclView.do
228278,2025년 의료관련감염병 지역 의료기관 네트워크 운영 사업 지침,2025.03.12,https://www.kdca.go.kr/bbs/kdca/55/228278/artclView.do
228277,「다제내성결핵 치료 신약 사전심사 세부기준」,2025.03.04,https://www.kdca.go.kr/bbs/kdca/55/228277/artclView.do
228276,군중행사 감염병 위험평가 매뉴얼,2025.02.28,https://www.kdca.go.kr/bbs/kdca/55/228276/artclView.do
228275,2025년 엔테로바이러스감염증 수족구병 관리지침,2025.02.27,https://www.kdca.go.kr/bbs/kdca/55/228275/artclView.do
228274,2025년 수인성 및 식품매개감염병 관리지침,2025.02.27,https://www.kdca.go.kr/bbs/kdca/55/228274/artclView.do
228273,2025년도 바이러스 간염 관리지침 (A형·B형·C형·E형),2025.02.18,https://www.kdca.go.kr/bbs/kdca/55/228273/artclView.do
228272,소아청소년 마크로라이드 불응성 마이코플라스마 폐렴 2차 항생제 안전 사용 가이드,2025.02.06,https://www.kdca.go.kr/bbs/kdca/55/228272/artclView.do
228271,소아 마크로라이드 불응성 마이코플라스마 폐렴 항생제 치료 지침(2024),2025.02.06,https://www.kdca.go.kr/bbs/kdca/55/228271/artclView.do
228270,2025년 성매개감염병 관리지침,2025.02.05,https://www.kdca.go.kr/bbs/kdca/55/228270/artclView.do
228269,2025년 HIV/AIDS 관리지침,2025.02.05,https://www.kdca.go.kr/bbs/kdca/55/228269/artclView.do
228268,「2025 국제공인예방접종지정기관 운영가이드 개정판」,2025.02.04,https://www.kdca.go.kr/bbs/kdca/55/228268/artclView.do
228267,「2024 군중모임행사 감염병 대비·대응 표준운영절차(SOP)」,2025.01.21,https://www.kdca.go.kr/bbs/kdca/55/228267/artclView.do
228266,국가건강검진 검진의사 상담매뉴얼(정신건강검사 및 상담),2025.01.15,https://www.kdca.go.kr/bbs/kdca/55/228266/artclView.do
228265,2021 영유아 건강검진 검진의사 상담매뉴얼 개정판(2024년),2025.01.15,https://www.kdca.go.kr/bbs/kdca/55/228265/artclView.do
228264,2025년 제1급감염병(중동호흡기증후군(MERS)·중동급성호흡기증후군(SARS)) 대응지침,2025.01.02,https://www.kdca.go.kr/bbs/kdca/55/228264/artclView.do
228263,2025년 제1급감염병(두창·페스트·탄저·보툴리눔독소증·야토병) 대응지침,2025.01.02,https://www.kdca.go.kr/bbs/kdca/55/228263/artclView.do
228262,2025년 제1급감염병(바이러스성출혈열) 대응지침,2025.01.02,https://www.kdca.go.kr/bbs/kdca/55/228262/artclView.do
228261,2025년 제1급감염병(동물인플루엔자 인체감염증) 대응지침,2025.01.02,https://www.kdca.go.kr/bbs/kdca/55/228261/artclView.do
228260,2025년도 의료관련감염병 관리치침,2025.01.02,https://www.kdca.go.kr/bbs/kdca/55/228260/artclView.do
228259,2025 국가결핵관리지침(시스템 이용 설명서 2종),2024.12.31,https://www.kdca.go.kr/bbs/kdca/55/228259/artclView.do
228258,2025년 지역사회 통합건강증진사업 안내(심뇌혈관질환 예방관리),2024.12.31,https://www.kdca.go.kr/bbs/kdca/55/228258/artclView.do
228257,2025년 고혈압·당뇨병 등록관리사업 표준실무지침,2024.12.31,https://www.kdca.go.kr/bbs/kdca/55/228257/artclView.do
228256,2025년 시도 심뇌혈관질환 예방관리사업 안내,2024.12.31,https://www.kdca.go.kr/bbs/kdca/55/228256/artclView.do
228255,"(9.18. 수정) 2025년 국가예방접종사업 관리지침(보건소용, 의료기관용) 개정 안내",2024.12.31,https://www.kdca.go.kr/bbs/kdca/55/228255/artclView.do
228254,2025 실험실 생물안전지침 개정 안내,2024.12.27,https://www.kdca.go.kr/bbs/kdca/55/228254/artclView.do
228253,원인불명 질병 집단감염 대응지침(제3판),2024.12.23,https://www.kdca.go.kr/bbs/kdca/55/228253/artclView.do
228252,엠폭스(Mpox) 치료지침 제3판,2024.12.04,https://www.kdca.go.kr/bbs/kdca/55/228252/artclView.do
228251,2024-2025절기 인플루엔자 관리 지침,2024.12.03,https://www.kdca.go.kr/bbs/kdca/55/228251/artclView.do
228250,2023년도 감염병 역학조사 연보,2024.12.02,https://www.kdca.go.kr/bbs/kdca/55/228250/artclView.do
228249,코로나바이러스감염증-19 치료제 사용 안내서(제13-1판) 개정 안내,2024.11.26,https://www.kdca.go.kr/bbs/kdca/55/228249/artclView.do
228248,제3판 의료관련감염 집단발생 대응 안내,2024.11.26,https://www.kdca.go.kr/bbs/kdca/55/228248/artclView.do
228247,2024 시설별 인플루엔자 관리지침(사업장용),2024.11.18,https://www.kdca.go.kr/bbs/kdca/55/228247/artclView.do
228246,2024 시설별 인플루엔자 관리지침(노인복지시설용),2024.11.18,https://www.kdca.go.kr/bbs/kdca/55/228246/artclView.do
228245,"2024 시설별 인플루엔자 관리지침(어린이집, 유치원, 학교용)",2024.11.18,https://www.kdca.go.kr/bbs/kdca/55/228245/artclView.do
228244,2024년 제1급감염병(동물인플루엔자 인체감염증) 대응지침(2024.10월),2024.10.29,https://www.kdca.go.kr/bbs/kdca/55/228244/artclView.do
228243,"엠폭스 관리지침(2024.11, 제2-1판) 개정판",2024.10.29,https://www.kdca.go.kr/bbs/kdca/55/228243/artclView.do
228242,코로나바이러스감염증-19 치료제 사용 안내서(제13판) 개정 안내,2024.10.22,https://www.kdca.go.kr/bbs/kdca/55/228242/artclView.do
228241,HIV 감염인 진료를 위한 의료기관 길라잡이,2024.10.14,https://www.kdca.go.kr/bbs/kdca/55/228241/artclView.do
228240,법정감염병 진단검사 통합지침 제4-1판,2024.10.02,https://www.kdca.go.kr/bbs/kdca/55/228240/artclView.do
228239,항생제 적정사용 관리 시범사업 관련 지침 등,2024.09.27,https://www.kdca.go.kr/bbs/kdca/55/228239/artclView.do
228238,’24~’25절기 코로나19 임시예방접종 지원사업 지침,2024.09.23,https://www.kdca.go.kr/bbs/kdca/55/228238/artclView.do
228237,｢2024년도 엔테로바이러스 감염증‧수족구병 관리지침｣ 일부 개정,2024.09.13,https://www.kdca.go.kr/bbs/kdca/55/228237/artclView.do
228236,2024년 진드기·설치류 매개 감염병 관리지침 일부 개정 안내,2024.09.09,https://www.kdca.go.kr/bbs/kdca/55/228236/artclView.do
228235,「2024년도 바이러스간염(A형·B형·C형·E형) 관리지침」일부 개정,2024.08.29,https://www.kdca.go.kr/bbs/kdca/55/228235/artclView.do
228234,2020-2021 감염병 역학조사 연보,2024.08.23,https://www.kdca.go.kr/bbs/kdca/55/228234/artclView.do
228233,2024년도 코로나바이러스감염증-19 관리지침 개정(2024.8.16),2024.08.16,https://www.kdca.go.kr/bbs/kdca/55/228233/artclView.do
228232,성인 패혈증 초기치료지침서,2024.08.08,https://www.kdca.go.kr/bbs/kdca/55/228232/artclView.do
228231,유흥분야 종사자 건강진단 Q&A,2024.07.24,https://www.kdca.go.kr/bbs/kdca/55/228231/artclView.do
228230,의료인을 위한 말라리아 예방 및 관리 안내서(소책자),2024.07.18,https://www.kdca.go.kr/bbs/kdca/55/228230/artclView.do
228229,감염병 과학 정보의 효과적 소통을 위한 가이드라인,2024.07.10,https://www.kdca.go.kr/bbs/kdca/55/228229/artclView.do
228228,2024년 법정감염병 진단 신고 기준 지침,2024.07.09,https://www.kdca.go.kr/bbs/kdca/55/228228/artclView.do
228227,"2024-2025절기 인플루엔자 국가예방접종 지원사업 관리지침(보건소용, 의료기관용)",2024.07.08,https://www.kdca.go.kr/bbs/kdca/55/228227/artclView.do
228226,감염관리실 업무 지침서,2024.07.05,https://www.kdca.go.kr/bbs/kdca/55/228226/artclView.do
228225,엠폭스 관리지침,2024.06.25,https://www.kdca.go.kr/bbs/kdca/55/228225/artclView.do
228224,투약 준비 관련 감염관리 권고안,2024.06.20,https://www.kdca.go.kr/bbs/kdca/55/228224/artclView.do
228223,2024년도 코로나바이러스감염증-19 관리 지침(수정),2024.06.19,https://www.kdca.go.kr/bbs/kdca/55/228223/artclView.do
228222,2024 검역업무지침,2024.06.12,https://www.kdca.go.kr/bbs/kdca/55/228222/artclView.do
228221,2024년도 옴 예방관리 안내서,2024.06.10,https://www.kdca.go.kr/bbs/kdca/55/228221/artclView.do
228220,결핵환자 맞춤형 통합관리 지침 안내,2024.05.31,https://www.kdca.go.kr/bbs/kdca/55/228220/artclView.do
228219,2024년 한센병사업관리지침,2024.05.31,https://www.kdca.go.kr/bbs/kdca/55/228219/artclView.do
228218,2024 카바페넴 내성 장내세균목 항생제 사용 지침(전자용),2024.05.29,https://www.kdca.go.kr/bbs/kdca/55/228218/artclView.do
228217,시설별 설비별 레지오넬라증 관리 가이드라인,2024.05.20,https://www.kdca.go.kr/bbs/kdca/55/228217/artclView.do
228216,2024년도 감염병 관리 사업 안내(일부개정),2024.05.13,https://www.kdca.go.kr/bbs/kdca/55/228216/artclView.do
228215,2024년 호흡기감염병 관리지침,2024.05.09,https://www.kdca.go.kr/bbs/kdca/55/228215/artclView.do
228214,2024년도 예방접종 대상 감염병 관리 지침,2024.05.02,https://www.kdca.go.kr/bbs/kdca/55/228214/artclView.do
228213,엠폭스 치료제 사용 안내서 제3판,2024.04.30,https://www.kdca.go.kr/bbs/kdca/55/228213/artclView.do
228212,2024년 레지오넬라증 관리지침,2024.04.30,https://www.kdca.go.kr/bbs/kdca/55/228212/artclView.do
228211,2024년도 바이러스 간염 관리지침,2024.04.29,https://www.kdca.go.kr/bbs/kdca/55/228211/artclView.do
228210,‘국립결핵병원 치료·간병 통합지원 시범사업’ 시행 안내(2024.5.1.시행),2024.04.26,https://www.kdca.go.kr/bbs/kdca/55/228210/artclView.do
228209,폴리오 대응 지침(2024년 개정),2024.04.24,https://www.kdca.go.kr/bbs/kdca/55/228209/artclView.do
228208,2024년도 엔테로바이러스 감염증·수족구병 관리지침,2024.04.19,https://www.kdca.go.kr/bbs/kdca/55/228208/artclView.do
228207,2024년도 수인성 및 식품매개감염병 관리지침,2024.04.19,https://www.kdca.go.kr/bbs/kdca/55/228207/artclView.do
228206,「잠복결핵감염 관리 안내」,2024.04.11,https://www.kdca.go.kr/bbs/kdca/55/228206/artclView.do
228205,코로나19 예방접종 실시기준 개정 안내 (2024.4.15. 기준),2024.04.09,https://www.kdca.go.kr/bbs/kdca/55/228205/artclView.do
228204,2024년 엠폭스 대응지침 6판 안내,2024.04.05,https://www.kdca.go.kr/bbs/kdca/55/228204/artclView.do
228203,상호주의 원칙에 따른 코로나19 격리입원치료비 지원 국가 안내('24.4월),2024.03.29,https://www.kdca.go.kr/bbs/kdca/55/228203/artclView.do
228202,「다제내성결핵 치료 신약 사전심사제」 일부개정 및 안내서 배포 알림,2024.03.29,https://www.kdca.go.kr/bbs/kdca/55/228202/artclView.do
228201,2024년 성매개감염병 관리지침,2024.03.25,https://www.kdca.go.kr/bbs/kdca/55/228201/artclView.do
228200,2024년 HIV/AIDS 관리지침,2024.03.25,https://www.kdca.go.kr/bbs/kdca/55/228200/artclView.do
228199,「교정시설 결핵관리지침」(2024),2024.03.25,https://www.kdca.go.kr/bbs/kdca/55/228199/artclView.do
228198,2024년 지역사회 통합건강증진사업 안내(심뇌혈관질환 예방관리),2024.03.21,https://www.kdca.go.kr/bbs/kdca/55/228198/artclView.do
228197,2024년 시도 심뇌혈관질환 예방관리사업 안내,2024.03.21,https://www.kdca.go.kr/bbs/kdca/55/228197/artclView.do
228196,2024년도 말라리아 관리지침 및 복약수첩,2024.03.19,https://www.kdca.go.kr/bbs/kdca/55/228196/artclView.do
228195,2024년도 바이러스성 모기매개감염병 관리지침,2024.03.18,https://www.kdca.go.kr/bbs/kdca/55/228195/artclView.do
228194,2024년도 인수공통감염병 관리지침,2024.03.18,https://www.kdca.go.kr/bbs/kdca/55/228194/artclView.do
228193,2024년도 크로이츠펠트-야콥병 관리지침,2024.03.18,https://www.kdca.go.kr/bbs/kdca/55/228193/artclView.do
228192,2024년도 기생충감염병 관리지침,2024.03.18,https://www.kdca.go.kr/bbs/kdca/55/228192/artclView.do
228191,2024년 주요 감염병 매개모기 방제지침(개정판),2024.03.15,https://www.kdca.go.kr/bbs/kdca/55/228191/artclView.do
228190,2024년도 진드기·설치류 매개 감염병 관리지침 발간 안내,2024.03.14,https://www.kdca.go.kr/bbs/kdca/55/228190/artclView.do
228189,「2024 국가결핵관리지침」 발간 안내,2024.03.13,https://www.kdca.go.kr/bbs/kdca/55/228189/artclView.do
228188,군중모임행사 감염병 대비·대응 표준운영절차(2023년 개정),2024.03.08,https://www.kdca.go.kr/bbs/kdca/55/228188/artclView.do
228187,「2024년 찾아가는 결핵검진사업 세부안내」,2024.03.07,https://www.kdca.go.kr/bbs/kdca/55/228187/artclView.do
228186,상호주의 원칙에 따른 코로나19 격리입원치료비 지원 국가 안내('24.3월),2024.02.29,https://www.kdca.go.kr/bbs/kdca/55/228186/artclView.do
228185,2024년 감염병관리시설 평가 지침,2024.02.23,https://www.kdca.go.kr/bbs/kdca/55/228185/artclView.do
228184,2024년 고혈압·당뇨병 등록관리사업 표준실무지침,2024.02.22,https://www.kdca.go.kr/bbs/kdca/55/228184/artclView.do
228183,매독 신고 안내서,2024.02.16,https://www.kdca.go.kr/bbs/kdca/55/228183/artclView.do
228182,생물테러 대비 및 대응지침,2024.02.07,https://www.kdca.go.kr/bbs/kdca/55/228182/artclView.do
228181,홍역 대응 지침(2024년 개정),2024.02.06,https://www.kdca.go.kr/bbs/kdca/55/228181/artclView.do
228180,2024년도 감염병 관리 사업 안내,2024.02.02,https://www.kdca.go.kr/bbs/kdca/55/228180/artclView.do
228179,상호주의 원칙에 따른 코로나19 격리입원치료비 지원 국가 안내('24.2월),2024.02.01,https://www.kdca.go.kr/bbs/kdca/55/228179/artclView.do
228178,｢결핵 진료지침(5판)｣(2024),2024.01.31,https://www.kdca.go.kr/bbs/kdca/55/228178/artclView.do
228177,"「풍수해(태풍·호우, 대설) 감염병 대응 매뉴얼(2023년판)」",2024.01.24,https://www.kdca.go.kr/bbs/kdca/55/228177/artclView.do
228176,2023-2024절기 인플루엔자 관리 지침,2024.01.10,https://www.kdca.go.kr/bbs/kdca/55/228176/artclView.do
228175,2024년 국가지정 입원치료병상 운영과 관리 지침,2024.01.09,https://www.kdca.go.kr/bbs/kdca/55/228175/artclView.do
228174,상호주의 원칙에 따른 코로나19 격리입원치료비 지원 국가 안내('24.1월),2023.12.29,https://www.kdca.go.kr/bbs/kdca/55/228174/artclView.do
228173,2024년 제1급감염병 중동호흡기증후군(MERS)중증급성호흡기증후군(SARS) 대응지침(2024.1월),2023.12.29,https://www.kdca.go.kr/bbs/kdca/55/228173/artclView.do
228172,2024년 제1급감염병 두창，페스트，탄저，보툴리눔독소증，야토병 대응지침(2024.1월),2023.12.29,https://www.kdca.go.kr/bbs/kdca/55/228172/artclView.do
228171,2024년 제1급감염병(바이러스성출혈열) 대응지침(2024.1월),2023.12.29,https://www.kdca.go.kr/bbs/kdca/55/228171/artclView.do
228170,2024년 제1급감염병(동물인플루엔자 인체감염증) 대응지침(2024.1월),2023.12.29,https://www.kdca.go.kr/bbs/kdca/55/228170/artclView.do
228169,2024년도 의료관련감염병 관리지침,2023.12.29,https://www.kdca.go.kr/bbs/kdca/55/228169/artclView.do
228168,「국립보건연구원 연구개발과제 및 성과 관리지침」 개정 안내(23.12.7),2023.12.28,https://www.kdca.go.kr/bbs/kdca/55/228168/artclView.do
228167,코로나19 예방접종 실시기준 개정 안내 (2024.1.8. 기준),2023.12.27,https://www.kdca.go.kr/bbs/kdca/55/228167/artclView.do
228166,"2024년 국가예방접종 지원사업 관리지침(보건소용,의료기관용) 일부개정",2023.12.18,https://www.kdca.go.kr/bbs/kdca/55/228166/artclView.do
228165,코로나19 예방접종 실시기준 및 FAQ 개정 안내 (2023.12.18. 기준),2023.12.18,https://www.kdca.go.kr/bbs/kdca/55/228165/artclView.do
228164,상호주의 원칙에 따른 코로나19 격리입원치료비 지원 국가 안내('23.12월),2023.12.04,https://www.kdca.go.kr/bbs/kdca/55/228164/artclView.do
228163,시설별 인플루엔자 관리 지침(사업장용),2023.11.22,https://www.kdca.go.kr/bbs/kdca/55/228163/artclView.do
228162,시설별 인플루엔자 관리 지침(노인복지시설용),2023.11.22,https://www.kdca.go.kr/bbs/kdca/55/228162/artclView.do
228161,"시설별 인플루엔자 관리 지침(어린이집, 유치원, 학교용)",2023.11.22,https://www.kdca.go.kr/bbs/kdca/55/228161/artclView.do
228160,상호주의 원칙에 따른 코로나19 격리입원치료비 지원 국가 안내('23.11월),2023.11.09,https://www.kdca.go.kr/bbs/kdca/55/228160/artclView.do
228159,코로나19 예방접종 실시기준 변경사항 안내,2023.10.31,https://www.kdca.go.kr/bbs/kdca/55/228159/artclView.do
228158,2022년도 감염병 역학조사 연보,2023.10.23,https://www.kdca.go.kr/bbs/kdca/55/228158/artclView.do
228157,2023 성인 병원획득 폐렴 진료 및 항생제 사용 지침(전자용),2023.10.20,https://www.kdca.go.kr/bbs/kdca/55/228157/artclView.do
228156,2023년 중증열성혈소판감소증후군(SFTS) 진료지침(의료인용)(2판) 안내,2023.10.20,https://www.kdca.go.kr/bbs/kdca/55/228156/artclView.do
228155,코로나19 예방접종 실시기준 및 FAQ 추가 개정 안내 (2023.10.19. 기준),2023.10.19,https://www.kdca.go.kr/bbs/kdca/55/228155/artclView.do
228154,코로나19 예방접종 실시기준 및 FAQ 개정 안내 (2023.10.19. 기준),2023.10.19,https://www.kdca.go.kr/bbs/kdca/55/228154/artclView.do
228153,상호주의 원칙에 따른 코로나19 격리입원치료비 지원 국가 안내('23.10월),2023.10.06,https://www.kdca.go.kr/bbs/kdca/55/228153/artclView.do
228152,상호주의 원칙에 따른 코로나19 격리입원치료비 지원 국가 안내('23.9월),2023.09.04,https://www.kdca.go.kr/bbs/kdca/55/228152/artclView.do
228151,2023 전국 의료기관 항생제 사용량 분석 연보,2023.09.04,https://www.kdca.go.kr/bbs/kdca/55/228151/artclView.do
228150,코로나19 입원격리 치료비 지원업무(제10판) 안내(정정),2023.09.01,https://www.kdca.go.kr/bbs/kdca/55/228150/artclView.do
228149,"2023-2024절기 인플루엔자 국가예방접종 지원사업 관리지침(보건소용,의료기관용)",2023.08.31,https://www.kdca.go.kr/bbs/kdca/55/228149/artclView.do
228148,엠폭스 대응지침(지자체용) 제5-2판,2023.08.10,https://www.kdca.go.kr/bbs/kdca/55/228148/artclView.do
228147,상호주의 원칙에 따른 코로나19 격리입원치료비 지원 국가 안내('23.8월),2023.07.31,https://www.kdca.go.kr/bbs/kdca/55/228147/artclView.do
228146,인공신장실 감염관리 지침(제2판)_재업로드,2023.07.26,https://www.kdca.go.kr/bbs/kdca/55/228146/artclView.do
228145,「2023년 찾아가는 결핵검진사업 세부 안내」 ('23.1.1.),2023.07.17,https://www.kdca.go.kr/bbs/kdca/55/228145/artclView.do
228144,말라리아 진료가이드(제2판),2023.07.13,https://www.kdca.go.kr/bbs/kdca/55/228144/artclView.do
228143,엠폭스(mpox) 치료지침 제2판,2023.07.04,https://www.kdca.go.kr/bbs/kdca/55/228143/artclView.do
228142,2023년 아토피천식 안심학교 운영안내서,2023.07.03,https://www.kdca.go.kr/bbs/kdca/55/228142/artclView.do
228141,상호주의 원칙에 따른 코로나19 격리입원치료비 지원 국가 안내('23.7월),2023.06.30,https://www.kdca.go.kr/bbs/kdca/55/228141/artclView.do
228140,예방접종의 실시기준과 방법 (2023년 개정판)_수정게재,2023.06.26,https://www.kdca.go.kr/bbs/kdca/55/228140/artclView.do
228139,인수공통감염병 공동 역학조사 매뉴얼(3.인수공통결핵),2023.06.21,https://www.kdca.go.kr/bbs/kdca/55/228139/artclView.do
228138,23년 브루셀라증(병) 공동 역학조사 메뉴얼,2023.06.05,https://www.kdca.go.kr/bbs/kdca/55/228138/artclView.do
228137,23년 큐열 공동 역학조사 메뉴얼,2023.06.05,https://www.kdca.go.kr/bbs/kdca/55/228137/artclView.do
228136,상호주의 원칙에 따른 코로나19 격리입원치료비 지원 국가('23.6월),2023.06.01,https://www.kdca.go.kr/bbs/kdca/55/228136/artclView.do
228135,코로나19 입원격리 치료비 지원업무(제9-1판) 개정 안내,2023.06.01,https://www.kdca.go.kr/bbs/kdca/55/228135/artclView.do
228134,2023년도 의료관련감염병 관리지침,2023.05.31,https://www.kdca.go.kr/bbs/kdca/55/228134/artclView.do
228133,항생제 사용관리 프로그램(ASP) 통합 운영 가이드라인,2023.05.24,https://www.kdca.go.kr/bbs/kdca/55/228133/artclView.do
228132,엠폭스 대응지침(제5-1판) 안내,2023.05.19,https://www.kdca.go.kr/bbs/kdca/55/228132/artclView.do
228131,코로나19 예방접종 실시기준 및 FAQ 개정 안내 (2023.5.15. 기준),2023.05.12,https://www.kdca.go.kr/bbs/kdca/55/228131/artclView.do
228130,2023년도 바이러스 간염 관리지침(A형·B형·C형·E형간염) 제정 안내,2023.05.09,https://www.kdca.go.kr/bbs/kdca/55/228130/artclView.do
228129,엠폭스 대응지침(제5판) 안내,2023.04.28,https://www.kdca.go.kr/bbs/kdca/55/228129/artclView.do
228128,상호주의 원칙에 따른 코로나19 입원격리 치료비 지원 국가(2023년 5월),2023.04.28,https://www.kdca.go.kr/bbs/kdca/55/228128/artclView.do
228127,성매개감염 진료지침 2023,2023.04.26,https://www.kdca.go.kr/bbs/kdca/55/228127/artclView.do
228126,2023년도 엔테로바이러스 감염증 수족구병 관리지침,2023.04.24,https://www.kdca.go.kr/bbs/kdca/55/228126/artclView.do
228125,2023년도 수인성식품매개감염병 관리지침,2023.04.24,https://www.kdca.go.kr/bbs/kdca/55/228125/artclView.do
228124,2023년 제1급감염병(동물인플루엔자 인체감염증) 대응지침,2023.04.21,https://www.kdca.go.kr/bbs/kdca/55/228124/artclView.do
228123,2023년 제1급감염병(바이러스성출혈열) 대응지침,2023.04.21,https://www.kdca.go.kr/bbs/kdca/55/228123/artclView.do
228122,2023년제1급중동호흡기증후군[MERS]중증급성호흡기증후군[SARS]대응지침(2023.4.),2023.04.21,https://www.kdca.go.kr/bbs/kdca/55/228122/artclView.do
228121,2023년 제1급감염병 두창，페스트，탄저，보툴리눔독소증，야토병 대응지침,2023.04.21,https://www.kdca.go.kr/bbs/kdca/55/228121/artclView.do
228120,병원기반 인간 마이크로바이옴 연구개발 사업 운영 가이드라인,2023.04.18,https://www.kdca.go.kr/bbs/kdca/55/228120/artclView.do
228119,2023년도 예방접종 대상 감염병 관리 지침,2023.04.17,https://www.kdca.go.kr/bbs/kdca/55/228119/artclView.do
228118,2023년 의료관련감염병 예방관리사업 지침,2023.04.13,https://www.kdca.go.kr/bbs/kdca/55/228118/artclView.do
228117,2023년 HIV/AIDS 관리지침,2023.04.11,https://www.kdca.go.kr/bbs/kdca/55/228117/artclView.do
228116,2023년도 크로이츠펠트-야콥병 관리 지침,2023.04.07,https://www.kdca.go.kr/bbs/kdca/55/228116/artclView.do
228115,2023년도 레지오넬라증 관리지침,2023.04.06,https://www.kdca.go.kr/bbs/kdca/55/228115/artclView.do
228114,"2023년도 호흡기감염병 관리지침 (수막구균감염증, 성홍열, 급성호흡기감염증)",2023.04.06,https://www.kdca.go.kr/bbs/kdca/55/228114/artclView.do
228113,질병관리청 직무발명 및 기술이전 관리 지침,2023.04.05,https://www.kdca.go.kr/bbs/kdca/55/228113/artclView.do
228112,2023년도 기생충감염병 관리 지침,2023.04.03,https://www.kdca.go.kr/bbs/kdca/55/228112/artclView.do
228111,2023년도 인수공통감염병 관리 지침,2023.04.03,https://www.kdca.go.kr/bbs/kdca/55/228111/artclView.do
228110,상호주의 원칙에 따른 코로나19 입원격리 치료비 지원 국가(2023년 4월),2023.03.31,https://www.kdca.go.kr/bbs/kdca/55/228110/artclView.do
228109,법정감염병 진단검사 통합지침 제4판,2023.03.29,https://www.kdca.go.kr/bbs/kdca/55/228109/artclView.do
228108,중환자실 감염관리 지침(제2판),2023.03.27,https://www.kdca.go.kr/bbs/kdca/55/228108/artclView.do
228107,2023 법정감염병 진단·신고기준 지침(pdf 추가),2023.03.27,https://www.kdca.go.kr/bbs/kdca/55/228107/artclView.do
228106,2023년 한센병사업 관리지침,2023.03.23,https://www.kdca.go.kr/bbs/kdca/55/228106/artclView.do
228105,엠폭스 대응지침(제4판) 안내,2023.03.20,https://www.kdca.go.kr/bbs/kdca/55/228105/artclView.do
228104,2023년도 진드기·설치류 매개 감염병 관리지침,2023.03.06,https://www.kdca.go.kr/bbs/kdca/55/228104/artclView.do
228103,상호주의 원칙에 따른 코로나19 입원격리 치료비 지원 국가(2023년 3월),2023.02.28,https://www.kdca.go.kr/bbs/kdca/55/228103/artclView.do
228102,2023년 성매개감염병 관리지침,2023.02.22,https://www.kdca.go.kr/bbs/kdca/55/228102/artclView.do
228101,2023년도 지역사회 통합건강증진사업 안내(아토피천식 예방관리사업),2023.02.21,https://www.kdca.go.kr/bbs/kdca/55/228101/artclView.do
228100,먹는치료제 투여 전 건강상태 자가점검표,2023.02.16,https://www.kdca.go.kr/bbs/kdca/55/228100/artclView.do
228099,다제내성결핵 치료 신약 사전심사 안내서(2023.1. 개정),2023.02.16,https://www.kdca.go.kr/bbs/kdca/55/228099/artclView.do
228098,2023년 검역업무지침,2023.02.15,https://www.kdca.go.kr/bbs/kdca/55/228098/artclView.do
228097,2023년도 바이러스성 모기매개감염병 관리지침,2023.02.10,https://www.kdca.go.kr/bbs/kdca/55/228097/artclView.do
228096,2023년도 말라리아 관리지침,2023.02.10,https://www.kdca.go.kr/bbs/kdca/55/228096/artclView.do
228095,2023년도 감염병 관리 사업 안내,2023.02.09,https://www.kdca.go.kr/bbs/kdca/55/228095/artclView.do
228094,크로이츠펠트-야콥병(CJD) 안내서,2023.02.08,https://www.kdca.go.kr/bbs/kdca/55/228094/artclView.do
228093,코로나19 예방접종 실시기준 개정 및 관련 FAQ 안내 (2023.1.30. 기준),2023.02.06,https://www.kdca.go.kr/bbs/kdca/55/228093/artclView.do
228092,2023년 시도 심뇌혈관질환예방사업안내,2023.02.03,https://www.kdca.go.kr/bbs/kdca/55/228092/artclView.do
228091,2023년 고혈압 당뇨병 등록관리사업 표준 실무지침,2023.02.03,https://www.kdca.go.kr/bbs/kdca/55/228091/artclView.do
228090,군중모임행사 감염병 및 생물테러 대비·대응 표준운영절차(2022년판),2023.02.02,https://www.kdca.go.kr/bbs/kdca/55/228090/artclView.do
228089,상호주의 원칙에 따른 국가별 치료비 지원 국가('23.2월),2023.02.01,https://www.kdca.go.kr/bbs/kdca/55/228089/artclView.do
228088,코로나바이러스감염증-19 예방을 위한 시험 방역관리 안내(제6-1판),2023.01.27,https://www.kdca.go.kr/bbs/kdca/55/228088/artclView.do
228087,코로나바이러스감염증-19 예방을 위한 시험 방역관리 안내(제6판),2023.01.12,https://www.kdca.go.kr/bbs/kdca/55/228087/artclView.do
228086,의료기관 환경 표면 청소 및 소독권고안,2023.01.04,https://www.kdca.go.kr/bbs/kdca/55/228086/artclView.do
228085,코로나19 입원 격리자 생활지원비(4-2판) 및 유급휴가비용(4-3판) 지원사업 안내,2023.01.03,https://www.kdca.go.kr/bbs/kdca/55/228085/artclView.do
228084,2023년 결핵관리지침,2023.01.02,https://www.kdca.go.kr/bbs/kdca/55/228084/artclView.do
228083,상호주의 원칙에 따른 국가별 치료비 지원 국가('23.1월),2022.12.30,https://www.kdca.go.kr/bbs/kdca/55/228083/artclView.do
228082,2022 구강검진 검진치과의사 상담 매뉴얼 수정본(22.12),2022.12.30,https://www.kdca.go.kr/bbs/kdca/55/228082/artclView.do
228081,"1.11.(수정) 2023년도 국가예방접종 지원사업 관리지침(보건소용, 의료기관용)",2022.12.27,https://www.kdca.go.kr/bbs/kdca/55/228081/artclView.do
228079,코로나19 예방접종 실시기준 개정 및 관련 FAQ 안내 (2022.12.17. 기준),2022.12.17,https://www.kdca.go.kr/bbs/kdca/55/228079/artclView.do
228080,"풍수해(태풍·호우, 대설) 감염병 대응 매뉴얼(2022년판)",2022.12.16,https://www.kdca.go.kr/bbs/kdca/55/228080/artclView.do
228078,코로나19 예방접종 실시기준 개정 및 관련 FAQ 안내 (2022.12.12. 기준),2022.12.12,https://www.kdca.go.kr/bbs/kdca/55/228078/artclView.do
228077,시설별 인플루엔자 관리 지침(어린이집 유치원 학교용),2022.12.08,https://www.kdca.go.kr/bbs/kdca/55/228077/artclView.do
228076,시설별 인플루엔자 관리 지침(사업장용),2022.12.08,https://www.kdca.go.kr/bbs/kdca/55/228076/artclView.do
228075,시설별 인플루엔자 관리 지침(노인복지시설용),2022.12.08,https://www.kdca.go.kr/bbs/kdca/55/228075/artclView.do
228074,상호주의 원칙에 따른 코로나19 입원격리 치료비 지원 국가 안내(2022년 12월),2022.12.01,https://www.kdca.go.kr/bbs/kdca/55/228074/artclView.do
228073,코로나19 예방접종 실시기준 개정 및 관련 FAQ 안내 (2022.11.24. 기준),2022.11.24,https://www.kdca.go.kr/bbs/kdca/55/228073/artclView.do
228072,2022-2023절기 인플루엔자 관리 지침,2022.11.22,https://www.kdca.go.kr/bbs/kdca/55/228072/artclView.do
228071,코로나19 백신 해동·소분·유통에 대한 지침(4차 개정),2022.11.16,https://www.kdca.go.kr/bbs/kdca/55/228071/artclView.do
228070,인수공통감염병 공동 역학조사 매뉴얼(2.브루셀라증(병)),2022.11.10,https://www.kdca.go.kr/bbs/kdca/55/228070/artclView.do
228069,2022 법정감염병 진단·신고기준,2022.11.03,https://www.kdca.go.kr/bbs/kdca/55/228069/artclView.do
228068,상호주의 원칙에 따른 코로나19 입원격리 치료비 지원 국가 안내(2022년 11월),2022.10.31,https://www.kdca.go.kr/bbs/kdca/55/228068/artclView.do
228067,코로나19 예방접종 실시기준 개정 및 관련 FAQ 안내 (2022.10.27. 기준),2022.10.27,https://www.kdca.go.kr/bbs/kdca/55/228067/artclView.do
228066,2022년 예방접종 후 이상반응 관리지침,2022.10.17,https://www.kdca.go.kr/bbs/kdca/55/228066/artclView.do
228065,2022 구강검진 검진치과의사 상담 매뉴얼 수정본(22.9),2022.10.04,https://www.kdca.go.kr/bbs/kdca/55/228065/artclView.do
228064,상호주의 원칙에 따른 코로나19 입원격리 치료비 지원 국가 안내(2022년 10월),2022.10.04,https://www.kdca.go.kr/bbs/kdca/55/228064/artclView.do
228063,코로나19 예방접종 실시기준 개정 및 관련 FAQ 안내 (2022.9.27. 기준),2022.09.23,https://www.kdca.go.kr/bbs/kdca/55/228063/artclView.do
228062,원인 불명 질병 집단감염 대응지침(제2판),2022.09.20,https://www.kdca.go.kr/bbs/kdca/55/228062/artclView.do
228061,코로나19 예방접종 실시기준 개정 및 관련 FAQ 안내 (2022.9.19. 기준),2022.09.16,https://www.kdca.go.kr/bbs/kdca/55/228061/artclView.do
228060,2022년 요양. 정신병원 감염관리 Tool kit,2022.09.08,https://www.kdca.go.kr/bbs/kdca/55/228060/artclView.do
228059,원숭이두창 치료제 사용 안내서(2판) 개정,2022.09.08,https://www.kdca.go.kr/bbs/kdca/55/228059/artclView.do
228058,코로나19 예방접종 실시기준 개정 및 관련 FAQ 안내 (2022.9.5. 기준),2022.09.05,https://www.kdca.go.kr/bbs/kdca/55/228058/artclView.do
228057,2022 국가지정 입원치료병상 운영과 관리 지침,2022.09.02,https://www.kdca.go.kr/bbs/kdca/55/228057/artclView.do
228056,상호주의 원칙에 따른 국가별 치료비 지원 국가 안내(2022.9월),2022.08.31,https://www.kdca.go.kr/bbs/kdca/55/228056/artclView.do
228055,코로나19 예방접종 실시기준 개정 및 관련 FAQ 안내 (2022.8.18. 기준),2022.08.18,https://www.kdca.go.kr/bbs/kdca/55/228055/artclView.do
228054,원숭이두창 대응지침(지자체용) 제3판,2022.08.16,https://www.kdca.go.kr/bbs/kdca/55/228054/artclView.do
228053,코로나바이러스감염증-19 대응 지침(지자체용) 제13-1판,2022.08.12,https://www.kdca.go.kr/bbs/kdca/55/228053/artclView.do
228052,"2022-2023절기 인플루엔자 국가예방접종 지원사업 관리지침(보건소용,의료기관용)",2022.08.12,https://www.kdca.go.kr/bbs/kdca/55/228052/artclView.do
228051,코로나바이러스감염증-19 재택치료 안내서(제8판) 개정,2022.08.01,https://www.kdca.go.kr/bbs/kdca/55/228051/artclView.do
228050,상호주의 원칙에 따른 국가별 치료비 지원 국가 안내(2022.8월),2022.07.29,https://www.kdca.go.kr/bbs/kdca/55/228050/artclView.do
228049,2022 구강검진 검진치과의사 상담 매뉴얼 수정본(22.07),2022.07.28,https://www.kdca.go.kr/bbs/kdca/55/228049/artclView.do
228048,2021 영유아건강검진 검진의사 상담 매뉴얼 및 보호자용 설명서 수정본,2022.07.19,https://www.kdca.go.kr/bbs/kdca/55/228048/artclView.do
228047,코로나바이러스감염증-19 치료제 사용 안내서(제7-2판) 개정,2022.07.18,https://www.kdca.go.kr/bbs/kdca/55/228047/artclView.do
228046,코로나바이러스감염증-19 예방접종 후 이상반응 관리지침(2-2판),2022.07.18,https://www.kdca.go.kr/bbs/kdca/55/228046/artclView.do
228045,4차접종 대상질환 안내문,2022.07.15,https://www.kdca.go.kr/bbs/kdca/55/228045/artclView.do
228044,코로나19 입원격리 치료비 지원업무 지침(제9판) 개정 안내,2022.07.15,https://www.kdca.go.kr/bbs/kdca/55/228044/artclView.do
228043,의료기관 결핵관리 안내(3차 개정판),2022.07.13,https://www.kdca.go.kr/bbs/kdca/55/228043/artclView.do
228042,코로나19 예방접종 실시기준 개정 및 관련 FAQ 안내 (2022.7.13. 기준),2022.07.13,https://www.kdca.go.kr/bbs/kdca/55/228042/artclView.do
228041,코로나19 입원·격리자 생활지원비(4판) 및 유급휴가비용(4판) 지원사업 안내,2022.07.11,https://www.kdca.go.kr/bbs/kdca/55/228041/artclView.do
228040,"코로나19 먹는치료제 2종(팍스로비드, 라게브리오) '복약설명서'_14개국 번역본",2022.07.07,https://www.kdca.go.kr/bbs/kdca/55/228040/artclView.do
228039,원숭이두창 대응 지침(지자체용),2022.07.07,https://www.kdca.go.kr/bbs/kdca/55/228039/artclView.do
228038,공중보건 위기소통 표준운영절차(3판),2022.07.06,https://www.kdca.go.kr/bbs/kdca/55/228038/artclView.do
228037,다제내성결핵 치료 신약 사전심사 안내(요양기관용),2022.07.04,https://www.kdca.go.kr/bbs/kdca/55/228037/artclView.do
228036,상호주의 원칙에 따른 국가별 치료비 지원 국가('22.7월),2022.06.30,https://www.kdca.go.kr/bbs/kdca/55/228036/artclView.do
228035,코로나19 요양정신병원 감염예방관리 안내 제2판,2022.06.27,https://www.kdca.go.kr/bbs/kdca/55/228035/artclView.do
228034,원숭이두창 대응 지침(지자체용) 제1판 제정 안내,2022.06.22,https://www.kdca.go.kr/bbs/kdca/55/228034/artclView.do
228033,원숭이두창 검사실 진단 지침(제1판),2022.06.22,https://www.kdca.go.kr/bbs/kdca/55/228033/artclView.do
228032,법정감염병 진단검사 통합지침 3-2판,2022.06.20,https://www.kdca.go.kr/bbs/kdca/55/228032/artclView.do
228031,아토피·천식 안심학교 운영안내서(초등학교),2022.06.17,https://www.kdca.go.kr/bbs/kdca/55/228031/artclView.do
228030,2022 구강검진 검진치과의사 상담 매뉴얼,2022.06.15,https://www.kdca.go.kr/bbs/kdca/55/228030/artclView.do
228029,코로나바이러스감염증-19 예방을 위한 시험 방역관리 안내(제5판),2022.06.08,https://www.kdca.go.kr/bbs/kdca/55/228029/artclView.do
228028,상호주의 원칙에 따른 국가별 치료비 지원 국가 안내(2022년 6월),2022.06.07,https://www.kdca.go.kr/bbs/kdca/55/228028/artclView.do
228027,2022년도 진드기·설치류 매개 감염병 관리지침,2022.06.03,https://www.kdca.go.kr/bbs/kdca/55/228027/artclView.do
228026,코로나바이러스감염증-19 대응 집단시설·다중이용시설 소독 안내 (제3-5판),2022.05.31,https://www.kdca.go.kr/bbs/kdca/55/228026/artclView.do
228025,2019년 지역사회기반 중증외상조사 원시자료 이용지침서,2022.05.24,https://www.kdca.go.kr/bbs/kdca/55/228025/artclView.do
228024,항생제 사용관리(스튜어드십) 프로그램(ASP) 안내,2022.05.20,https://www.kdca.go.kr/bbs/kdca/55/228024/artclView.do
228023,코로나바이러스감염증-19 치료제 사용 안내서(제7판),2022.05.13,https://www.kdca.go.kr/bbs/kdca/55/228023/artclView.do
228022,코로나19 입원·격리자 생활지원비 지원사업 안내(3-4판),2022.05.13,https://www.kdca.go.kr/bbs/kdca/55/228022/artclView.do
228021,코로나19 예방접종 실시기준 개정 및 관련 FAQ ('22.5.12. 기준),2022.05.12,https://www.kdca.go.kr/bbs/kdca/55/228021/artclView.do
228020,코로나바이러스감염증-19 예방을 위한 시험 방역관리 안내(제4판),2022.05.09,https://www.kdca.go.kr/bbs/kdca/55/228020/artclView.do
228019,상호주의 원칙에 따른 국가별 치료비 지원 국가 안내(2022년 5월),2022.05.02,https://www.kdca.go.kr/bbs/kdca/55/228019/artclView.do
228018,마스크 착용 방역지침 준수 명령 및 과태료 부과 업무 안내서(제5판),2022.04.29,https://www.kdca.go.kr/bbs/kdca/55/228018/artclView.do
228017,에볼라바이러스병 실무대응 지침(국가지정 입원치료병상 운영 의료기관용),2022.04.29,https://www.kdca.go.kr/bbs/kdca/55/228017/artclView.do
228016,2022년도 바이러스성 모기매개감염병 관리지침,2022.04.29,https://www.kdca.go.kr/bbs/kdca/55/228016/artclView.do
228015,2022년도 말라리아 관리지침,2022.04.28,https://www.kdca.go.kr/bbs/kdca/55/228015/artclView.do
228014,2022년 의료관련감염병 예방관리사업 지침,2022.04.27,https://www.kdca.go.kr/bbs/kdca/55/228014/artclView.do
228013,2022년도 의료관련감염병 관리지침,2022.04.27,https://www.kdca.go.kr/bbs/kdca/55/228013/artclView.do
228012,"2022년도 표본감시감염병 사용자 매뉴얼(시도용, 보건소용, 표본감시기관용)",2022.04.26,https://www.kdca.go.kr/bbs/kdca/55/228012/artclView.do
228011,생활 방역 세부수칙 안내서 제6판,2022.04.26,https://www.kdca.go.kr/bbs/kdca/55/228011/artclView.do
228010,코로나바이러스감염증-19 사망자 장례 관련 비용 지원(제8판) 안내(중단),2022.04.25,https://www.kdca.go.kr/bbs/kdca/55/228010/artclView.do
228009,코로나바이러스감염증-19 사망자 장례 관련 감염예방관리 안내,2022.04.25,https://www.kdca.go.kr/bbs/kdca/55/228009/artclView.do
228008,2022년도 C형간염 관리지침,2022.04.13,https://www.kdca.go.kr/bbs/kdca/55/228008/artclView.do
228007,코로나19 예방접종 실시기준 개정 및 관련 FAQ ('22.4.13. 기준),2022.04.13,https://www.kdca.go.kr/bbs/kdca/55/228007/artclView.do
228006,코로나바이러스감염증-19 치료제 사용 안내서(제6-1판),2022.04.08,https://www.kdca.go.kr/bbs/kdca/55/228006/artclView.do
228005,상호주의 원칙에 따른 코로나19 격리입원치료비 지원 국가 안내(2022년 4월),2022.03.31,https://www.kdca.go.kr/bbs/kdca/55/228005/artclView.do
228004,2022년 검역업무지침,2022.03.30,https://www.kdca.go.kr/bbs/kdca/55/228004/artclView.do
228003,코로나바이러스감염증-19 먹는치료제 투여를 위한 의료진 안내문 및 동영상,2022.03.29,https://www.kdca.go.kr/bbs/kdca/55/228003/artclView.do
228002,코로나바이러스감염증-19 치료제 사용 안내서(제6판) 및 제품설명서,2022.03.25,https://www.kdca.go.kr/bbs/kdca/55/228002/artclView.do
228001,[별첨] 코로나바이러스감염증-19 치료제 사용안내 Q&A (22.03.25),2022.03.25,https://www.kdca.go.kr/bbs/kdca/55/228001/artclView.do
228000,코로나19 관련 주제별 안내문(9종),2022.03.23,https://www.kdca.go.kr/bbs/kdca/55/228000/artclView.do
227999,2022년도 엔테로바이러스 감염증·수족구병 관리지침,2022.03.22,https://www.kdca.go.kr/bbs/kdca/55/227999/artclView.do
227998,2022년도 수인성 및 식품매개감염병 관리지침,2022.03.22,https://www.kdca.go.kr/bbs/kdca/55/227998/artclView.do
227997,코로나19 입원·격리자 생활지원비(3-3판) 및 유급휴가비용(3-2판) 지원사업 안내,2022.03.21,https://www.kdca.go.kr/bbs/kdca/55/227997/artclView.do
227996,2022년도 예방접종 대상 감염병 관리 지침,2022.03.18,https://www.kdca.go.kr/bbs/kdca/55/227996/artclView.do
227995,코로나바이러스감염증-19 사망자 장례비용 지원 안내 제7판,2022.03.16,https://www.kdca.go.kr/bbs/kdca/55/227995/artclView.do
227994,코로나바이러스감염증-19 치료제 사용안내 Q&A (3판),2022.03.16,https://www.kdca.go.kr/bbs/kdca/55/227994/artclView.do
227993,코로나19 치료제 사용 안내서(제5판) 및 교육자료(0315),2022.03.16,https://www.kdca.go.kr/bbs/kdca/55/227993/artclView.do
227992,2022년도 기생충감염병 관리지침,2022.03.16,https://www.kdca.go.kr/bbs/kdca/55/227992/artclView.do
227991,코로나19 입원·격리자 생활지원비(3-2판) 및 유급휴가비용(3-1판) 지원사업 안내,2022.03.16,https://www.kdca.go.kr/bbs/kdca/55/227991/artclView.do
227990,코로나19 예방접종 실시기준 개정 및 관련 FAQ 안내(2022.3.14.기준),2022.03.14,https://www.kdca.go.kr/bbs/kdca/55/227990/artclView.do
227989,코로나바이러스감염증-19 대응 지침(지자체용) 제12판,2022.03.14,https://www.kdca.go.kr/bbs/kdca/55/227989/artclView.do
227988,코로나바이러스감염증-19 입원격리(재택)치료비 지원업무(제8-1판),2022.03.14,https://www.kdca.go.kr/bbs/kdca/55/227988/artclView.do
227987,소아 재택치료 증상별 대응요령,2022.03.10,https://www.kdca.go.kr/bbs/kdca/55/227987/artclView.do
227986,코로나바이러스감염증-19 의료기관 감염예방관리(제2판),2022.03.10,https://www.kdca.go.kr/bbs/kdca/55/227986/artclView.do
227985,코로나19 예방접종 실시기준 개정 및 관련 FAQ ('22.2.14.),2022.03.07,https://www.kdca.go.kr/bbs/kdca/55/227985/artclView.do
227984,코로나19 확진자 조사서(17개 국어),2022.03.07,https://www.kdca.go.kr/bbs/kdca/55/227984/artclView.do
227983,"2022년도 호흡기감염병(성홍열, 레지오넬라증, 급성호흡기감염증) 관리 지침",2022.03.07,https://www.kdca.go.kr/bbs/kdca/55/227983/artclView.do
227982,2022년 한센병사업 관리지침,2022.03.07,https://www.kdca.go.kr/bbs/kdca/55/227982/artclView.do
227981,2022년도 수막구균 감염증 관리 지침,2022.03.07,https://www.kdca.go.kr/bbs/kdca/55/227981/artclView.do
227980,2022년 지역사회 통합건강증진사업 안내[아토피·천식 예방관리],2022.03.03,https://www.kdca.go.kr/bbs/kdca/55/227980/artclView.do
227979,2022년도 크로이츠펠트-야콥병 관리 지침,2022.03.02,https://www.kdca.go.kr/bbs/kdca/55/227979/artclView.do
227978,2022년도 인수공통감염병 관리 지침,2022.03.02,https://www.kdca.go.kr/bbs/kdca/55/227978/artclView.do
227977,상호주의 원칙에 따른 코로나19 격리입원치료비 지원 국가 안내(2022년 3월),2022.02.28,https://www.kdca.go.kr/bbs/kdca/55/227977/artclView.do
227976,팍스로비드 투여 전 건강상태 자가점검표 (14개국어 번역본),2022.02.28,https://www.kdca.go.kr/bbs/kdca/55/227976/artclView.do
227975,팍스로비드 환자용 안내문(14개국어 번역본),2022.02.28,https://www.kdca.go.kr/bbs/kdca/55/227975/artclView.do
227974,2022년 HIV/AIDS 관리지침,2022.02.24,https://www.kdca.go.kr/bbs/kdca/55/227974/artclView.do
227973,코로나19 신속항원검사 시행 지침(지자체용) 1-3판,2022.02.21,https://www.kdca.go.kr/bbs/kdca/55/227973/artclView.do
227972,코로나19 치료제 사용 안내서(제4-3판) 및 교육자료(0310),2022.02.21,https://www.kdca.go.kr/bbs/kdca/55/227972/artclView.do
227971,(Q&A) 재택치료 궁금증(의료기관 및 약국),2022.02.21,https://www.kdca.go.kr/bbs/kdca/55/227971/artclView.do
227970,팍스로비드 Q&A [치료제 사용안내서 4-2판_붙임.3-11],2022.02.17,https://www.kdca.go.kr/bbs/kdca/55/227970/artclView.do
227969,팍스로비드 환자용 안내문(국문/영문) [치료제 사용안내서 4-2판_붙임.3-8],2022.02.17,https://www.kdca.go.kr/bbs/kdca/55/227969/artclView.do
227968,코로나바이러스감염증-19 재택치료 안내서(제7-2판),2022.02.16,https://www.kdca.go.kr/bbs/kdca/55/227968/artclView.do
227967,코로나19 접종증명·음성확인제 지침(제3-5판),2022.02.16,https://www.kdca.go.kr/bbs/kdca/55/227967/artclView.do
227966,코로나19 입원·격리자 생활지원비(3판) 및 유급휴가비용(3판) 지원사업 안내,2022.02.14,https://www.kdca.go.kr/bbs/kdca/55/227966/artclView.do
227965,2022년 성매개감염병 관리지침,2022.02.14,https://www.kdca.go.kr/bbs/kdca/55/227965/artclView.do
227964,마스크 착용 방역지침 준수 명령 및 과태료 부과 업무 안내서(제4-2판),2022.02.11,https://www.kdca.go.kr/bbs/kdca/55/227964/artclView.do
227963,코로나바이러스감염증-19 대응지침(지자체용) 제11판,2022.02.11,https://www.kdca.go.kr/bbs/kdca/55/227963/artclView.do
227962,코로나19 접종증명·음성확인제 지침(제3-4판),2022.02.10,https://www.kdca.go.kr/bbs/kdca/55/227962/artclView.do
227961,"코로나19 확진자 및 동거인 안내문, 자주하는 질문(FAQ)",2022.02.10,https://www.kdca.go.kr/bbs/kdca/55/227961/artclView.do
227960,코로나19 접종증명·음성확인제 지침(제3-3판),2022.02.08,https://www.kdca.go.kr/bbs/kdca/55/227960/artclView.do
227959,코로나19 치료제 사용 안내서(제4-2판),2022.02.07,https://www.kdca.go.kr/bbs/kdca/55/227959/artclView.do
227958,코로나바이러스감염증-19 사망자 장례비용 지원 안내 제6판,2022.02.04,https://www.kdca.go.kr/bbs/kdca/55/227958/artclView.do
227957,코로나바이러스감염증-19 신속항원검사 시행 지침(지자체용) 1-2판,2022.02.03,https://www.kdca.go.kr/bbs/kdca/55/227957/artclView.do
227956,코로나19 의료기관 감염예방관리(통합본) 배포,2022.02.03,https://www.kdca.go.kr/bbs/kdca/55/227956/artclView.do
227955,상호주의 원칙에 따른 코로나19 격리입원치료비 지원 국가 안내(2022년 2월),2022.01.28,https://www.kdca.go.kr/bbs/kdca/55/227955/artclView.do
227954,2022년 시도 심뇌혈관질환 예방관리사업 안내,2022.01.27,https://www.kdca.go.kr/bbs/kdca/55/227954/artclView.do
227953,2022년 고혈압 당뇨병 등록관리사업 표준 실무지침,2022.01.27,https://www.kdca.go.kr/bbs/kdca/55/227953/artclView.do
227952,2022년 지역사회 통합건강증진사업 안내(심뇌혈관질환 예방관리),2022.01.27,https://www.kdca.go.kr/bbs/kdca/55/227952/artclView.do
227951,팍스로비드 투여를 위한 의료진 안내문 [치료제 사용안내서 4-2판_붙임.3-10],2022.01.26,https://www.kdca.go.kr/bbs/kdca/55/227951/artclView.do
227950,코로나19 접종증명·음성확인제 지침(제3-2판),2022.01.25,https://www.kdca.go.kr/bbs/kdca/55/227950/artclView.do
227949,"제1급감염병 두창,페스트,탄저,보툴리눔독소증,야토병 대응 지침(22년판)",2022.01.25,https://www.kdca.go.kr/bbs/kdca/55/227949/artclView.do
227948,제1급감염병 바이러스성출혈열 대응 지침(22년판),2022.01.25,https://www.kdca.go.kr/bbs/kdca/55/227948/artclView.do
227947,제1급감염병 동물인플루엔자 인체감염증 대응 지침(22년판),2022.01.25,https://www.kdca.go.kr/bbs/kdca/55/227947/artclView.do
227946,제1급감염병 중증급성호흡기증후군(SARS) 대응 지침(22년판),2022.01.25,https://www.kdca.go.kr/bbs/kdca/55/227946/artclView.do
227945,제1급감염병 중동호흡기증후군(MERS) 대응 지침(22년판),2022.01.25,https://www.kdca.go.kr/bbs/kdca/55/227945/artclView.do
227944,코로나19 치료제 사용 안내서(제4-1판),2022.01.25,https://www.kdca.go.kr/bbs/kdca/55/227944/artclView.do
227943,코로나-19 접종증명·음성확인제 지침(제3-1판),2022.01.24,https://www.kdca.go.kr/bbs/kdca/55/227943/artclView.do
227942,2021년 요양병원 감염관리 toolkit,2022.01.19,https://www.kdca.go.kr/bbs/kdca/55/227942/artclView.do
227941,법정감염병 진단검사 통합지침 제3-1판,2022.01.19,https://www.kdca.go.kr/bbs/kdca/55/227941/artclView.do
227940,2021 영유아건강검진 검진의사 상담 매뉴얼 개정판,2022.01.17,https://www.kdca.go.kr/bbs/kdca/55/227940/artclView.do
227939,팍스로비드 투여 전 건강상태 자가점검표[치료제 사용안내서4-2판_붙임.3-9],2022.01.16,https://www.kdca.go.kr/bbs/kdca/55/227939/artclView.do
227938,코로나19 치료제 사용 안내서(제4판),2022.01.14,https://www.kdca.go.kr/bbs/kdca/55/227938/artclView.do
227937,코로나-19 접종증명·음성확인제 지침(제2-3판),2022.01.10,https://www.kdca.go.kr/bbs/kdca/55/227937/artclView.do
227936,코로나바이러스감염증-19 대응지침(지자체용) 제10-3판,2022.01.03,https://www.kdca.go.kr/bbs/kdca/55/227936/artclView.do
227935,"백신 보관 및 관리 가이드라인(보건소·의료기관용, '21.12, 질병관리청)",2022.01.03,https://www.kdca.go.kr/bbs/kdca/55/227935/artclView.do
227934,상호주의 원칙에 따른 코로나19 격리입원치료비 지원 국가 안내(2022년 1월),2021.12.31,https://www.kdca.go.kr/bbs/kdca/55/227934/artclView.do
227933,2022년 결핵관리지침,2021.12.31,https://www.kdca.go.kr/bbs/kdca/55/227933/artclView.do
227932,생활 방역 세부수칙 안내서 제5-2판,2021.12.30,https://www.kdca.go.kr/bbs/kdca/55/227932/artclView.do
227931,2022년도 감염병 관리 사업 안내,2021.12.30,https://www.kdca.go.kr/bbs/kdca/55/227931/artclView.do
227930,주요 감염병 매개모기 방제 지침 (개정판),2021.12.28,https://www.kdca.go.kr/bbs/kdca/55/227930/artclView.do
227929,코로나-19 접종증명·음성확인제 지침(제2-2판),2021.12.20,https://www.kdca.go.kr/bbs/kdca/55/227929/artclView.do
227928,코로나19 입원·격리자 생활지원비(2-7판) 및 유급휴가비용(2-6판) 지원사업 안내,2021.12.14,https://www.kdca.go.kr/bbs/kdca/55/227928/artclView.do
227927,학교기반 비만 예방 프로그램 가이드라인,2021.12.08,https://www.kdca.go.kr/bbs/kdca/55/227927/artclView.do
227926,코로나-19 접종증명·음성확인제 지침(제2-1판),2021.12.06,https://www.kdca.go.kr/bbs/kdca/55/227926/artclView.do
227925,상호주의 원칙에 따른 코로나19 격리입원치료비 지원 국가 안내(2021년 12월),2021.12.03,https://www.kdca.go.kr/bbs/kdca/55/227925/artclView.do
227924,마스크 착용 방역지침 준수 명령 및 과태료 부과 업무 안내서(제4-1판),2021.11.25,https://www.kdca.go.kr/bbs/kdca/55/227924/artclView.do
227923,코로나바이러스감염증-19 대응 지침(지자체용) 제10-2판,2021.11.25,https://www.kdca.go.kr/bbs/kdca/55/227923/artclView.do
227922,2021-2022절기 인플루엔자 관리지침,2021.11.19,https://www.kdca.go.kr/bbs/kdca/55/227922/artclView.do
227921,코로나19 예방접종 실시기준 개정 및 관련 FAQ(21.11.17.),2021.11.19,https://www.kdca.go.kr/bbs/kdca/55/227921/artclView.do
227918,코로나바이러스감염증-19 재택치료 안내서(제4판) 개정 안내,2021.11.09,https://www.kdca.go.kr/bbs/kdca/55/227918/artclView.do
227917,코로나19 대응지침 지자체용(10-1판) 중 진단검사관련 일부개정 안내(의료기관 선별진료소 무료검사 대상 구분),2021.11.08,https://www.kdca.go.kr/bbs/kdca/55/227917/artclView.do
227916,코로나바이러스-19 임시선별검사소 운영 안내 지침(1-3판),2021.11.08,https://www.kdca.go.kr/bbs/kdca/55/227916/artclView.do
227915,의료관련감염 집단발생 공동대응 매뉴얼 제2판,2021.11.03,https://www.kdca.go.kr/bbs/kdca/55/227915/artclView.do
227914,의료관련감염 집단발생 대응 안내 제2판,2021.11.03,https://www.kdca.go.kr/bbs/kdca/55/227914/artclView.do
227913,코로나-19 접종증명·음성확인제 지침(제1-1판),2021.11.03,https://www.kdca.go.kr/bbs/kdca/55/227913/artclView.do
227912,생활 방역 세부수칙 안내서 제5-1판,2021.11.02,https://www.kdca.go.kr/bbs/kdca/55/227912/artclView.do
227920,국립보건연구원 정책연구용역 관리안내(2021.10.29.),2021.10.29,https://www.kdca.go.kr/bbs/kdca/55/227920/artclView.do
227911,코로나19 예방접종 실시기준 개정 및 관련 FAQ 안내(2021.10.28.),2021.10.28,https://www.kdca.go.kr/bbs/kdca/55/227911/artclView.do
227910,코로나19 예방접종 후 이상반응 관리지침 2판,2021.10.19,https://www.kdca.go.kr/bbs/kdca/55/227910/artclView.do
227919,국립보건연구원 연구개발과제 관리지침(2021.10.18.),2021.10.18,https://www.kdca.go.kr/bbs/kdca/55/227919/artclView.do
227909,코로나19 예방접종 후 발생한 혈소판감소설 혈전증 의료인용 안내서 2판,2021.10.08,https://www.kdca.go.kr/bbs/kdca/55/227909/artclView.do
227908,코로나19 임신부 예방접종 안내문 및 FAQ,2021.10.06,https://www.kdca.go.kr/bbs/kdca/55/227908/artclView.do
227907,코로나19 소아청소년 예방접종 안내문 및 FAQ,2021.10.06,https://www.kdca.go.kr/bbs/kdca/55/227907/artclView.do
227906,2021년 예방접종 후 이상반응 관리지침,2021.10.01,https://www.kdca.go.kr/bbs/kdca/55/227906/artclView.do
227905,코로나19 백신 처리절차 안내,2021.09.23,https://www.kdca.go.kr/bbs/kdca/55/227905/artclView.do
227904,코로나19 항체검사 관련 Q&A,2021.09.17,https://www.kdca.go.kr/bbs/kdca/55/227904/artclView.do
227903,"2021-2022절기 인플루엔자 국가예방접종 지원사업 관리지침(보건소용,의료기관용) (9.7.지침 수정)",2021.09.10,https://www.kdca.go.kr/bbs/kdca/55/227903/artclView.do
227902,코로나19 분자진단검사를 위한 이동형 검사실 운영지침(제1판),2021.09.02,https://www.kdca.go.kr/bbs/kdca/55/227902/artclView.do
227901,「코로나바이러스감염증-19 자가치료 안내서」 (3-1판),2021.09.02,https://www.kdca.go.kr/bbs/kdca/55/227901/artclView.do
227900,2021년 의료인을 위한 말라리아 예방 및 관리 안내서,2021.07.29,https://www.kdca.go.kr/bbs/kdca/55/227900/artclView.do
227899,코로나19 예방접종 후 이상반응 관리지침 1-3판,2021.07.23,https://www.kdca.go.kr/bbs/kdca/55/227899/artclView.do
227898,"2021-2022절기 인플루엔자 국가예방접종 지원사업 관리지침(보건소용,의료기관용)",2021.07.20,https://www.kdca.go.kr/bbs/kdca/55/227898/artclView.do
227897,2021년 성매개감염병 관리지침 개정판(7.19),2021.07.20,https://www.kdca.go.kr/bbs/kdca/55/227897/artclView.do
227896,수도권 및 비수도권 임시선별검사소 운영현황(7.12),2021.07.09,https://www.kdca.go.kr/bbs/kdca/55/227896/artclView.do
227895,코로나19 예방접종 사업지침 - 예방접종센터용(3판),2021.07.08,https://www.kdca.go.kr/bbs/kdca/55/227895/artclView.do
227894,"풍수해(「태풍·호우, 대설」) 감염병 대응 매뉴얼(2021년판)",2021.07.07,https://www.kdca.go.kr/bbs/kdca/55/227894/artclView.do
227893,2021년 성매개감염병 관리지침,2021.07.05,https://www.kdca.go.kr/bbs/kdca/55/227893/artclView.do
227892,코로나바이러스감염증-19 예방접종 후 이상반응 관리지침(1-2판) 수정,2021.07.01,https://www.kdca.go.kr/bbs/kdca/55/227892/artclView.do
227891,"[역학조사팀] 코로나-19 역학조사서, 입원/격리통지서, 격리통지수령증, 역학조사고지문 번역본(15개 언어)",2021.06.30,https://www.kdca.go.kr/bbs/kdca/55/227891/artclView.do
227890,2021년도 크로이츠펠트-야콥병 관리지침,2021.06.24,https://www.kdca.go.kr/bbs/kdca/55/227890/artclView.do
227889,2021년도 인수공통감염병 관리지침,2021.06.24,https://www.kdca.go.kr/bbs/kdca/55/227889/artclView.do
227888,2021년도 지자체 표본감시 경상보조사업 예산집행 지침,2021.06.21,https://www.kdca.go.kr/bbs/kdca/55/227888/artclView.do
227887,코로나바이러스감염증-19 예방접종사업지침 병원급 이상 의료기관용(2판),2021.06.18,https://www.kdca.go.kr/bbs/kdca/55/227887/artclView.do
227886,2021년 진드기·설치류 매개 감염병 관리지침,2021.06.15,https://www.kdca.go.kr/bbs/kdca/55/227886/artclView.do
227885,코로나19 예방접종 사업지침 - 예방접종센터용(2-1판),2021.06.07,https://www.kdca.go.kr/bbs/kdca/55/227885/artclView.do
227884,코로나19 예방접종센터/위탁의료기관 「의사소통 도움 그림·글자판/시각 지원판」 사용 매뉴얼,2021.05.31,https://www.kdca.go.kr/bbs/kdca/55/227884/artclView.do
227883,코로나바이러스감염증-19 자가치료 안내서(3판),2021.05.20,https://www.kdca.go.kr/bbs/kdca/55/227883/artclView.do
227882,2021년도 말라리아 관리지침,2021.05.18,https://www.kdca.go.kr/bbs/kdca/55/227882/artclView.do
227881,코로나19 예방접종사업 지침 - 위탁의료기관용(1판),2021.05.13,https://www.kdca.go.kr/bbs/kdca/55/227881/artclView.do
227880,2021년도 의료관련감염병 예방관리사업 지침,2021.05.06,https://www.kdca.go.kr/bbs/kdca/55/227880/artclView.do
227879,상호주의 원칙에 따른 코로나19 격리입원치료비 지원 국가 안내(2021년 11월),2021.04.28,https://www.kdca.go.kr/bbs/kdca/55/227879/artclView.do
227878,제1급감염병 동물인플루엔자 인체감염증 대응지침,2021.04.26,https://www.kdca.go.kr/bbs/kdca/55/227878/artclView.do
227877,코로나바이러스감염증-19 사망자 장례비용 지원 안내 제5판,2021.04.21,https://www.kdca.go.kr/bbs/kdca/55/227877/artclView.do
227876,코로나바이러스-19 임시선별검사소 운영 안내 지침(1-2판),2021.04.21,https://www.kdca.go.kr/bbs/kdca/55/227876/artclView.do
227875,장애인 대상 감염병 대응 매뉴얼 제2판,2021.04.21,https://www.kdca.go.kr/bbs/kdca/55/227875/artclView.do
227874,코로나19 예방접종사업 지침 - 지자체용(2판),2021.04.16,https://www.kdca.go.kr/bbs/kdca/55/227874/artclView.do
227873,2021년 지역사회 통합건강증진사업 안내[아토피·천식 예방관리] 지침,2021.04.14,https://www.kdca.go.kr/bbs/kdca/55/227873/artclView.do
227872,코로나19 예방접종 후 혈소판감소증 동반 혈전증 관련 안내서(의료인용)1판,2021.04.13,https://www.kdca.go.kr/bbs/kdca/55/227872/artclView.do
227871,​코로나19 예방접종 후 이상반응 관리지침 제1-1판,2021.04.07,https://www.kdca.go.kr/bbs/kdca/55/227871/artclView.do
227870,2021년 수기명부 지침,2021.04.07,https://www.kdca.go.kr/bbs/kdca/55/227870/artclView.do
227869,2021년 검역업무지침,2021.04.02,https://www.kdca.go.kr/bbs/kdca/55/227869/artclView.do
227868,「코로나바이러스감염증-19 확진자 발생 의료기관 관리」관련 공지,2021.04.01,https://www.kdca.go.kr/bbs/kdca/55/227868/artclView.do
227867,코로나19 예방접종 사업지침 - 예방접종센터용(2판),2021.04.01,https://www.kdca.go.kr/bbs/kdca/55/227867/artclView.do
227866,2021년도 C형간염 관리지침,2021.03.31,https://www.kdca.go.kr/bbs/kdca/55/227866/artclView.do
227865,2021년도 수막구균 감염증 관리지침,2021.03.31,https://www.kdca.go.kr/bbs/kdca/55/227865/artclView.do
227864,코로나바이러스감염증-19 격리입원치료비 Q&A (`21.3.30),2021.03.30,https://www.kdca.go.kr/bbs/kdca/55/227864/artclView.do
227863,코로나19 대응을 위한 방역관리자 업무 안내 (2판),2021.03.29,https://www.kdca.go.kr/bbs/kdca/55/227863/artclView.do
227862,"상호주의 원칙에 따른 코로나19 격리입원치료비 지원 국가 안내(2021년 3월, 4월)",2021.03.26,https://www.kdca.go.kr/bbs/kdca/55/227862/artclView.do
227861,2021년도 의료관련감염병 관리지침,2021.03.26,https://www.kdca.go.kr/bbs/kdca/55/227861/artclView.do
227860,2021년도 예방접종 대상 감염병 관리지침,2021.03.25,https://www.kdca.go.kr/bbs/kdca/55/227860/artclView.do
227859,2021년도 기생충감염병 관리지침,2021.03.16,https://www.kdca.go.kr/bbs/kdca/55/227859/artclView.do
227858,2021년 한센병사업 관리지침,2021.03.15,https://www.kdca.go.kr/bbs/kdca/55/227858/artclView.do
227857,2021년도 호흡기감염병 관리지침,2021.03.12,https://www.kdca.go.kr/bbs/kdca/55/227857/artclView.do
227856,2021년도 수인성‧식품매개감염병 관리 지침 및 엔테로바이러스 수족구 관리 지침,2021.03.12,https://www.kdca.go.kr/bbs/kdca/55/227856/artclView.do
227855,2021년 생물테러 대비 및 대응지침,2021.03.08,https://www.kdca.go.kr/bbs/kdca/55/227855/artclView.do
227854,상호주의 원칙에 따른 국가별 치료비 지원 국가(`21.3월),2021.03.08,https://www.kdca.go.kr/bbs/kdca/55/227854/artclView.do
227853,2020 예방접종 후 이상반응 관리지침,2021.03.06,https://www.kdca.go.kr/bbs/kdca/55/227853/artclView.do
227852,코로나19 예방접종 사업지침 - 위탁의료기관용(초판),2021.03.03,https://www.kdca.go.kr/bbs/kdca/55/227852/artclView.do
227851,코로나19 예방접종 사업지침 - 예방접종센터용(1판),2021.03.03,https://www.kdca.go.kr/bbs/kdca/55/227851/artclView.do
227850,코로나19 예방접종 사업지침 - 병원급이상 의료기관(1판),2021.03.03,https://www.kdca.go.kr/bbs/kdca/55/227850/artclView.do
227849,코로나19 예방접종사업지침 지자체용(1판) 공유,2021.03.03,https://www.kdca.go.kr/bbs/kdca/55/227849/artclView.do
227848,2018년 지역사회기반 중증외상조사 원시자료 이용지침서,2021.03.02,https://www.kdca.go.kr/bbs/kdca/55/227848/artclView.do
227847,코로나19바이러스감염증-19 예방접종안내서(보건의료인용)1판 공유,2021.03.02,https://www.kdca.go.kr/bbs/kdca/55/227847/artclView.do
227846,코로나19 예방접종사업지침- 요양시설용 (제1-1판) 공유,2021.03.02,https://www.kdca.go.kr/bbs/kdca/55/227846/artclView.do
227845,코로나19 예방접종사업지침- 요양병원용 (제1-1판) 공유,2021.03.02,https://www.kdca.go.kr/bbs/kdca/55/227845/artclView.do
227844,아나필락시스 대응 매뉴얼 공유,2021.02.27,https://www.kdca.go.kr/bbs/kdca/55/227844/artclView.do
227843,코로나19 예방접종 후 이상반응 관리지침 제1판 공유,2021.02.27,https://www.kdca.go.kr/bbs/kdca/55/227843/artclView.do
227842,코로나바이러스감염증-19 사망자 장례비용 지원 안내 제3판,2021.02.25,https://www.kdca.go.kr/bbs/kdca/55/227842/artclView.do
227841,코로나바이러스감염증-19 예방접종 예진표,2021.02.22,https://www.kdca.go.kr/bbs/kdca/55/227841/artclView.do
227840,2021년 고혈압 당뇨병 등록관리사업 표준 실무지침,2021.02.22,https://www.kdca.go.kr/bbs/kdca/55/227840/artclView.do
227839,2021년 시도 심뇌혈관질환 예방관리사업 안내,2021.02.22,https://www.kdca.go.kr/bbs/kdca/55/227839/artclView.do
227838,2021년 지역사회 통합건강증진사업 안내(심뇌혈관질환 예방관리),2021.02.22,https://www.kdca.go.kr/bbs/kdca/55/227838/artclView.do
227837,코로나바이러스감염증-19 감염취약시설 선제검사 안내,2021.02.19,https://www.kdca.go.kr/bbs/kdca/55/227837/artclView.do
227836,코로나바이러스감염증-19 자가치료 안내서(2판),2021.02.18,https://www.kdca.go.kr/bbs/kdca/55/227836/artclView.do
227835,코로나바이러스감염증-19 의료기관 감염예방·관리(요양·정신의료기관용),2021.02.18,https://www.kdca.go.kr/bbs/kdca/55/227835/artclView.do
227834,자가격리자 일반진료 연계 지침,2021.02.10,https://www.kdca.go.kr/bbs/kdca/55/227834/artclView.do
227833,코로나19 백신 보관수송 관리지침 3차 개정판,2021.02.09,https://www.kdca.go.kr/bbs/kdca/55/227833/artclView.do
227832,제1급감염병 동물인플루엔자 인체감염증 대응지침,2021.02.04,https://www.kdca.go.kr/bbs/kdca/55/227832/artclView.do
227831,"제1급감염병 두창, 페스트, 탄저, 보툴리눔독소증, 야토병 대응지침",2021.02.04,https://www.kdca.go.kr/bbs/kdca/55/227831/artclView.do
227830,제1급감염병 바이러스성출혈열 대응지침,2021.02.04,https://www.kdca.go.kr/bbs/kdca/55/227830/artclView.do
227829,제1급감염병 중동호흡기증후군[MERS] 대응지침,2021.02.04,https://www.kdca.go.kr/bbs/kdca/55/227829/artclView.do
227828,제1급감염병 중증급성호흡기증후군[SARS] 대응지침,2021.02.04,https://www.kdca.go.kr/bbs/kdca/55/227828/artclView.do
227827,2021년도 바이러스성 모기매개감염병 관리지침,2021.02.04,https://www.kdca.go.kr/bbs/kdca/55/227827/artclView.do
227826,상호주의 원칙에 따른 코로나19 격리입원치료비 지원 국가 안내(2021년 2월),2021.01.27,https://www.kdca.go.kr/bbs/kdca/55/227826/artclView.do
227825,코로나바이러스감염증-19 사망자 장례비 지침,2021.01.25,https://www.kdca.go.kr/bbs/kdca/55/227825/artclView.do
227824,국립보건연구원 연구개발과제 관리지침,2021.01.19,https://www.kdca.go.kr/bbs/kdca/55/227824/artclView.do
227823,집단시설 내 코로나19 확진자 선별을 위한 신속항원검사 시행 방안 및 사용 안내서,2021.01.11,https://www.kdca.go.kr/bbs/kdca/55/227823/artclView.do
227822,코로나바이러스감염증-19 대응 생활치료센터 운영 지침,2021.01.11,https://www.kdca.go.kr/bbs/kdca/55/227822/artclView.do
227821,2021년도 감염병 관리 사업 안내,2021.01.11,https://www.kdca.go.kr/bbs/kdca/55/227821/artclView.do
227820,코로나19 예방을 위한 시험 방역관리 안내 지침,2021.01.05,https://www.kdca.go.kr/bbs/kdca/55/227820/artclView.do
227819,2021 국가결핵관리 지침,2021.01.05,https://www.kdca.go.kr/bbs/kdca/55/227819/artclView.do
227818,요양병원 등 선제 검사 관련 지침 운영안내(1-2판),2021.01.01,https://www.kdca.go.kr/bbs/kdca/55/227818/artclView.do
227817,코로나19 대응지침 의료기관용 1-2판 (2차 수정),2020.12.31,https://www.kdca.go.kr/bbs/kdca/55/227817/artclView.do
227816,코로나19 소아 자가치료 안내서,2020.12.31,https://www.kdca.go.kr/bbs/kdca/55/227816/artclView.do
227815,코로나19 확산방지를 위한 행동지침(9-3차) 및 상황별 대응 시나리오(9차),2020.12.30,https://www.kdca.go.kr/bbs/kdca/55/227815/artclView.do
227814,2021년 HIV/AIDS 관리지침,2020.12.30,https://www.kdca.go.kr/bbs/kdca/55/227814/artclView.do
227813,상호주의 원칙에 따른 코로나19 격리입원치료비 지원 국가 안내(2021년 1월),2020.12.29,https://www.kdca.go.kr/bbs/kdca/55/227813/artclView.do
227812,2021년 영유아건강검진 검진의사 상담 매뉴얼 및 보호자용 설명서,2020.12.28,https://www.kdca.go.kr/bbs/kdca/55/227812/artclView.do
227811,코로나바이러스감염증-19 선별진료소 운영 안내,2020.12.17,https://www.kdca.go.kr/bbs/kdca/55/227811/artclView.do
227810,코로나바이러스감염증-19 치과 의료기관 감염예방관리,2020.12.17,https://www.kdca.go.kr/bbs/kdca/55/227810/artclView.do
227809,코로나바이러스감염증-19 의료기관 감염예방관리(의원급 의료기관용),2020.12.17,https://www.kdca.go.kr/bbs/kdca/55/227809/artclView.do
227808,인플루엔자 관리 가이드라인_요양시설용 알림,2020.12.16,https://www.kdca.go.kr/bbs/kdca/55/227808/artclView.do
227807,임시선별검사소 설치 현황자료입니다.(1.11.기준),2020.12.14,https://www.kdca.go.kr/bbs/kdca/55/227807/artclView.do
227806,상호주의 원칙에 따른 코로나19 격리입원치료비 지원 국가 안내(12월),2020.11.27,https://www.kdca.go.kr/bbs/kdca/55/227806/artclView.do
227805,코로나바이러스감염증-19 진단검사비 지원 안내(8판)(보건소외 의료기관용),2020.11.27,https://www.kdca.go.kr/bbs/kdca/55/227805/artclView.do
227804,코로나바이러스감염증-19 진단검사비 지원 안내(8판)(공공보건기관),2020.11.27,https://www.kdca.go.kr/bbs/kdca/55/227804/artclView.do
227803,"인플루엔자 관리 가이드라인(어린이집, 유치원, 학교 용) 알림",2020.11.25,https://www.kdca.go.kr/bbs/kdca/55/227803/artclView.do
227802,인플루엔자 관리 가이드라인(사업장용) 알림,2020.11.25,https://www.kdca.go.kr/bbs/kdca/55/227802/artclView.do
227801,코로나19 신속항원검사 대응 및 조치 안내,2020.11.23,https://www.kdca.go.kr/bbs/kdca/55/227801/artclView.do
227800,2020년도 폴리오 발생대비 및 대응 지침,2020.11.18,https://www.kdca.go.kr/bbs/kdca/55/227800/artclView.do
227799,코로나19-인플루엔자 동시유행 대비 일반 의료기관 진료절차 안내,2020.11.13,https://www.kdca.go.kr/bbs/kdca/55/227799/artclView.do
227798,2020-2021절기 인플루엔자 관리지침,2020.11.04,https://www.kdca.go.kr/bbs/kdca/55/227798/artclView.do
227797,상호주의 원칙에 따른 코로나19 격리입원치료비 지원 국가 안내(11월),2020.10.29,https://www.kdca.go.kr/bbs/kdca/55/227797/artclView.do
227796,크로이츠펠트-야콥병 안내서,2020.10.26,https://www.kdca.go.kr/bbs/kdca/55/227796/artclView.do
227795,질병관리청 기관생명윤리위원회 표준운영지침_2020년,2020.10.15,https://www.kdca.go.kr/bbs/kdca/55/227795/artclView.do
227794,확진환자의 이동경로 등 정보공개 지침(1판) 안내,2020.10.08,https://www.kdca.go.kr/bbs/kdca/55/227794/artclView.do
227793,상호주의 원칙에 따른 코로나19 격리입원치료비 지원 국가 안내(10월),2020.09.28,https://www.kdca.go.kr/bbs/kdca/55/227793/artclView.do
227792,"2020-2021절기 인플루엔자 국가예방접종 지원사업 지침(보건소용, 의료기관용)",2020.08.21,https://www.kdca.go.kr/bbs/kdca/55/227792/artclView.do
227791,코로나바이러스감염증-19 대응 집단시설·다중이용시설 소독 안내(제3-4판),2020.08.20,https://www.kdca.go.kr/bbs/kdca/55/227791/artclView.do
227790,2020년 E형간염 관리지침,2020.07.14,https://www.kdca.go.kr/bbs/kdca/55/227790/artclView.do
227789,코로나바이러스감염증19 진단검사비 지원 안내(6판),2020.07.13,https://www.kdca.go.kr/bbs/kdca/55/227789/artclView.do
227788,「풍수해(태풍·호우·대설)」 감염병 대응 매뉴얼(2019년판),2020.07.08,https://www.kdca.go.kr/bbs/kdca/55/227788/artclView.do
227787,확진자 정보 등 동선공개 안내(3판),2020.07.03,https://www.kdca.go.kr/bbs/kdca/55/227787/artclView.do
227786,2020 법정감염병 진단·신고기준,2020.07.02,https://www.kdca.go.kr/bbs/kdca/55/227786/artclView.do
227785,요양병원 의료관련감염 예방관리 (2020년도),2020.06.25,https://www.kdca.go.kr/bbs/kdca/55/227785/artclView.do
227784,코로나19 대응을 위한 방역관리자 업무 안내(20년 6월),2020.06.04,https://www.kdca.go.kr/bbs/kdca/55/227784/artclView.do
227783,코로나바이러스감염증-19 ( 격리통지서수령증(영문판)),2020.05.21,https://www.kdca.go.kr/bbs/kdca/55/227783/artclView.do
227782,결핵 진료지침(4판),2020.05.07,https://www.kdca.go.kr/bbs/kdca/55/227782/artclView.do
227781,확진자 정보 등 동선공개 안내 (2판),2020.05.05,https://www.kdca.go.kr/bbs/kdca/55/227781/artclView.do
227780,코로나19 예방을 위한 시험 방역관리 안내,2020.04.20,https://www.kdca.go.kr/bbs/kdca/55/227780/artclView.do
227779,의료관련감염 집단발생 대응 안내,2020.04.20,https://www.kdca.go.kr/bbs/kdca/55/227779/artclView.do
227778,"코로나바이러스감염증-19 완치자 혈장채혈 지침(20.4.13 제정, 20.12.1 일부개정)",2020.04.13,https://www.kdca.go.kr/bbs/kdca/55/227778/artclView.do
227777,신생아중환자실에서의 감염예방관리 지침,2020.04.06,https://www.kdca.go.kr/bbs/kdca/55/227777/artclView.do
227776,2020년도 의료관련감염병 예방관리사업 지침,2020.03.23,https://www.kdca.go.kr/bbs/kdca/55/227776/artclView.do
227775,코로나바이러스감염증-19 의료기관 감염예방·관리(병원급 의료기관용),2020.03.18,https://www.kdca.go.kr/bbs/kdca/55/227775/artclView.do
227774,2020년 고혈압당뇨병등록관리사업 표준 실무지침,2020.03.11,https://www.kdca.go.kr/bbs/kdca/55/227774/artclView.do
227773,2020년 시도 심뇌혈관질환예방관리사업 안내,2020.03.11,https://www.kdca.go.kr/bbs/kdca/55/227773/artclView.do
227772,2020년 지역사회 통합건강증진사업 안내(심뇌혈관질환예방관리),2020.03.11,https://www.kdca.go.kr/bbs/kdca/55/227772/artclView.do
227771,2020년 지역사회 통합건강증진사업 안내[아토피·천식 예방관리],2020.03.04,https://www.kdca.go.kr/bbs/kdca/55/227771/artclView.do
227770,[EBOOK]제1급감염병 중증급성호흡기증후군[SARS] 대응지침,2020.03.03,https://www.kdca.go.kr/bbs/kdca/55/227770/artclView.do
227769,[EBOOK]제1급감염병 중동호흡기증후군[MERS] 대응지침,2020.03.03,https://www.kdca.go.kr/bbs/kdca/55/227769/artclView.do
227768,[EBOOK]제1급감염병 바이러스성출혈열 대응지침,2020.03.03,https://www.kdca.go.kr/bbs/kdca/55/227768/artclView.do
227767,"[EBOOK]제1급감염병 두창, 페스트, 탄저, 보툴리눔독소증, 야토병 대응지침",2020.03.03,https://www.kdca.go.kr/bbs/kdca/55/227767/artclView.do
227766,[EBOOK]제1급감염병 동물인플루엔자 인체감염증 대응지침,2020.03.03,https://www.kdca.go.kr/bbs/kdca/55/227766/artclView.do
227765,[EBOOK]예방접종 대상 감염병 관리 지침,2020.03.03,https://www.kdca.go.kr/bbs/kdca/55/227765/artclView.do
227764,(환경부) 코로나바이러스감염증-19 관련 폐기물 안전관리 특별대책 (제3판),2020.03.03,https://www.kdca.go.kr/bbs/kdca/55/227764/artclView.do
227763,2020년 의료관련감염병 관리지침,2020.02.26,https://www.kdca.go.kr/bbs/kdca/55/227763/artclView.do
227762,코로나바이러스감염증-19 의료기관 안내사항(2020.2.20.),2020.02.20,https://www.kdca.go.kr/bbs/kdca/55/227762/artclView.do
227761,코로나바이러스감염증-19 대응절차(국가지정입원치료병상용)(6판),2020.02.20,https://www.kdca.go.kr/bbs/kdca/55/227761/artclView.do
227760,2020년도 엔테로바이러스 감염증 수족구병 관리지침,2020.02.19,https://www.kdca.go.kr/bbs/kdca/55/227760/artclView.do
227759,2020년도 수인성 및 식품매개 감염병 관리지침,2020.02.19,https://www.kdca.go.kr/bbs/kdca/55/227759/artclView.do
227758,2020년 한센병사업 관리지침,2020.02.18,https://www.kdca.go.kr/bbs/kdca/55/227758/artclView.do
227757,｢신종 코로나바이러스감염증｣ 관련 집단행사 방역관리 지침,2020.02.12,https://www.kdca.go.kr/bbs/kdca/55/227757/artclView.do
227756,2020년도 호흡기감염병 관리지침,2020.02.11,https://www.kdca.go.kr/bbs/kdca/55/227756/artclView.do
227755,2020년도 수막구균 감염증 관리지침,2020.02.11,https://www.kdca.go.kr/bbs/kdca/55/227755/artclView.do
227754,신종 코로나바이러스감염증 의료기관 안내사항 및 중국 외 국가 의사환자 분류시 참고사항,2020.02.09,https://www.kdca.go.kr/bbs/kdca/55/227754/artclView.do
227753,신종 코로나바이러스감염증 대응지침_국가지정입원치료병상용(제5판),2020.02.09,https://www.kdca.go.kr/bbs/kdca/55/227753/artclView.do
227752,신종 코로나바이러스 확인을 위한 검체채취 안내서,2020.01.23,https://www.kdca.go.kr/bbs/kdca/55/227752/artclView.do
227751,수혈자 역추적조사 지침(통합 2차 개정) (2020.01),2020.01.23,https://www.kdca.go.kr/bbs/kdca/55/227751/artclView.do
227750,2020 검역업무지침,2020.01.22,https://www.kdca.go.kr/bbs/kdca/55/227750/artclView.do
227749,국가지정 입원치료병상 운영과 관리 지침,2020.01.17,https://www.kdca.go.kr/bbs/kdca/55/227749/artclView.do
227748,2020년도 C형간염 관리지침,2020.01.09,https://www.kdca.go.kr/bbs/kdca/55/227748/artclView.do
227747,2020년 기생충감염병관리지침,2020.01.08,https://www.kdca.go.kr/bbs/kdca/55/227747/artclView.do
227746,2020년 국가결핵관리지침,2020.01.08,https://www.kdca.go.kr/bbs/kdca/55/227746/artclView.do
227745,제1급감염병 바이러스성출혈열 대응지침,2020.01.06,https://www.kdca.go.kr/bbs/kdca/55/227745/artclView.do
227744,제1급감염병 두창·페스트·탄저·보툴리눔독소증·야토병 대응지침,2020.01.06,https://www.kdca.go.kr/bbs/kdca/55/227744/artclView.do
227743,제1급감염병 중증급성호흡기증후군(SARS) 대응지침,2020.01.06,https://www.kdca.go.kr/bbs/kdca/55/227743/artclView.do
227742,제1급감염병 중동호흡기증후군(MERS) 대응지침(제6판),2020.01.06,https://www.kdca.go.kr/bbs/kdca/55/227742/artclView.do
227741,제1급감염병 동물인플루엔자 인체감염증 대응지침,2020.01.06,https://www.kdca.go.kr/bbs/kdca/55/227741/artclView.do
227740,2020년 HIV/AIDS 및 성매개감염병 관리지침,2020.01.06,https://www.kdca.go.kr/bbs/kdca/55/227740/artclView.do
227739,2020년도 바이러스성 모기매개감염병 관리지침,2020.01.03,https://www.kdca.go.kr/bbs/kdca/55/227739/artclView.do
227738,2020년도 말라리아 관리지침,2020.01.03,https://www.kdca.go.kr/bbs/kdca/55/227738/artclView.do
227737,2020년도 진드기·설치류 매개 감염병 관리 지침,2020.01.03,https://www.kdca.go.kr/bbs/kdca/55/227737/artclView.do
227736,2020년도 크로이츠펠트-야콥병 관리 지침,2020.01.03,https://www.kdca.go.kr/bbs/kdca/55/227736/artclView.do
227735,2020년도 인수공통감염병 관리 지침,2020.01.03,https://www.kdca.go.kr/bbs/kdca/55/227735/artclView.do
227734,2020 법정감염병 진단·신고기준,2020.01.02,https://www.kdca.go.kr/bbs/kdca/55/227734/artclView.do
227733,2020년도 감염병 관리사업 지침,2020.01.02,https://www.kdca.go.kr/bbs/kdca/55/227733/artclView.do
227732,"2020년도 국가예방접종 지원사업 관리지침(보건소용, 의료기관용)",2020.01.02,https://www.kdca.go.kr/bbs/kdca/55/227732/artclView.do
227731,법정감염병 진단검사 통합지침 제3판,2019.12.31,https://www.kdca.go.kr/bbs/kdca/55/227731/artclView.do
227730,2020 예방접종 대상 감염병 관리 지침,2019.12.27,https://www.kdca.go.kr/bbs/kdca/55/227730/artclView.do
227729,2019년도 질병관리본부 기관생명윤리위원회 심의사례 요약집,2019.12.26,https://www.kdca.go.kr/bbs/kdca/55/227729/artclView.do
227728,2019년도 인플루엔자 관리 가이드라인[어린이집·유치원·학교용],2019.11.14,https://www.kdca.go.kr/bbs/kdca/55/227728/artclView.do
227727,2019년도 인플루엔자 관리 가이드라인[요양시설용],2019.11.14,https://www.kdca.go.kr/bbs/kdca/55/227727/artclView.do
227726,2019년도 수인성 및 식품매개감염병 관리지침,2019.10.18,https://www.kdca.go.kr/bbs/kdca/55/227726/artclView.do
227725,2019-2020절기 인플루엔자 관리지침,2019.10.18,https://www.kdca.go.kr/bbs/kdca/55/227725/artclView.do
227724,2019 국가결핵관리지침 발간,2019.09.23,https://www.kdca.go.kr/bbs/kdca/55/227724/artclView.do
227723,2019년도 의료관련감염병(VRSA.CRE) 관리지침,2019.09.16,https://www.kdca.go.kr/bbs/kdca/55/227723/artclView.do
227722,"[공유] 2019-2020절기 인플루엔자 국가예방접종 지원사업 지침(보건소용, 의료기관용)",2019.09.09,https://www.kdca.go.kr/bbs/kdca/55/227722/artclView.do
227721,2019년도 감염병관리사업지침,2019.08.22,https://www.kdca.go.kr/bbs/kdca/55/227721/artclView.do
227720,2019년도 급성호흡기감염증 관리지침,2019.08.13,https://www.kdca.go.kr/bbs/kdca/55/227720/artclView.do
227719,요양병원 옴 예방 및 관리 안내,2019.08.13,https://www.kdca.go.kr/bbs/kdca/55/227719/artclView.do
227718,크로이츠펠트-야콥병 환자관리 매뉴얼(요양병원용),2019.08.13,https://www.kdca.go.kr/bbs/kdca/55/227718/artclView.do
227717,크로이츠펠트-야콥병 장례관리 매뉴얼,2019.08.13,https://www.kdca.go.kr/bbs/kdca/55/227717/artclView.do
227716,크로이츠펠트-야콥병 부검절차 안내,2019.08.13,https://www.kdca.go.kr/bbs/kdca/55/227716/artclView.do
227715,2019년도 레지오넬라증 관리지침,2019.07.25,https://www.kdca.go.kr/bbs/kdca/55/227715/artclView.do
227714,바이러스성출혈열 대응지침 (제1판),2019.07.24,https://www.kdca.go.kr/bbs/kdca/55/227714/artclView.do
227713,질병관리본부 「연구개발과제 등의 성과관리지침」,2019.07.23,https://www.kdca.go.kr/bbs/kdca/55/227713/artclView.do
227712,혈액원 표준업무안내서(제3차 개정판) (2019.06),2019.07.12,https://www.kdca.go.kr/bbs/kdca/55/227712/artclView.do
227711,2019 홍역 대응 지침(최종),2019.07.04,https://www.kdca.go.kr/bbs/kdca/55/227711/artclView.do
227710,2019 예방접종 대상 감염병 관리 지침(최종),2019.07.04,https://www.kdca.go.kr/bbs/kdca/55/227710/artclView.do
227709,법정감염병 진단검사 통합지침('19.7.1. 별책 최신화),2019.07.02,https://www.kdca.go.kr/bbs/kdca/55/227709/artclView.do
227708,2019년 한센병사업 관리 지침,2019.06.28,https://www.kdca.go.kr/bbs/kdca/55/227708/artclView.do
227707,[연구기획과] 학술연구개발용역과제 관련 규정 및 지침(2019.05),2019.06.04,https://www.kdca.go.kr/bbs/kdca/55/227707/artclView.do
227705,2019년도 진드기 매개감염병 관리지침,2019.05.29,https://www.kdca.go.kr/bbs/kdca/55/227705/artclView.do
227706,[질병관리본부] 정책연구용역사업 관리안내(2019.05.28),2019.05.28,https://www.kdca.go.kr/bbs/kdca/55/227706/artclView.do
227704,2019년도 크로이츠펠트-야콥병 관리 지침,2019.05.28,https://www.kdca.go.kr/bbs/kdca/55/227704/artclView.do
227703,2019년도 인수공통감염병 관리지침,2019.05.28,https://www.kdca.go.kr/bbs/kdca/55/227703/artclView.do
227702,2019년도 기생충감염병 관리지침,2019.05.24,https://www.kdca.go.kr/bbs/kdca/55/227702/artclView.do
227701,2019년도 바이러스성 모기매개감염병 관리지침,2019.05.22,https://www.kdca.go.kr/bbs/kdca/55/227701/artclView.do
227700,2019년 고혈압당뇨병 등록관리사업 표준 실무지침,2019.05.15,https://www.kdca.go.kr/bbs/kdca/55/227700/artclView.do
227699,급성 위장관계 감염 항생제 사용지침,2019.05.10,https://www.kdca.go.kr/bbs/kdca/55/227699/artclView.do
227698,질병관리본부 기관생명윤리위원회 표준운영지침_2018년(V5),2019.05.09,https://www.kdca.go.kr/bbs/kdca/55/227698/artclView.do
227697,2019년도 설치류 매개 감염병 관리지침,2019.05.01,https://www.kdca.go.kr/bbs/kdca/55/227697/artclView.do
227696,2019년도 말라리아 관리지침,2019.05.01,https://www.kdca.go.kr/bbs/kdca/55/227696/artclView.do
227695,2019년 말라리아 진료가이드,2019.05.01,https://www.kdca.go.kr/bbs/kdca/55/227695/artclView.do
227694,원인 불명 질병 집단감염 대응지침[제1판],2019.04.23,https://www.kdca.go.kr/bbs/kdca/55/227694/artclView.do
227693,2019년 지역사회 통합건강증진사업 안내[아토피·천식 예방관리],2019.04.11,https://www.kdca.go.kr/bbs/kdca/55/227693/artclView.do
227692,2019년 지역사회 통합건강증진사업 안내(심뇌혈관질환예방관리),2019.04.01,https://www.kdca.go.kr/bbs/kdca/55/227692/artclView.do
227691,2019년 시도 심뇌혈관질환예방관리사업 안내,2019.04.01,https://www.kdca.go.kr/bbs/kdca/55/227691/artclView.do
227690,2019년도 국가예방접종 지원사업 관리지침(보건소용),2019.03.19,https://www.kdca.go.kr/bbs/kdca/55/227690/artclView.do
227689,2019년 의료관련감염병 예방·관리사업 지침,2019.03.18,https://www.kdca.go.kr/bbs/kdca/55/227689/artclView.do
227688,기관생명윤리위원회 등록 및 등록변경 신청안내,2019.03.08,https://www.kdca.go.kr/bbs/kdca/55/227688/artclView.do
227687,메르스 대응지침[제5-2판],2019.03.08,https://www.kdca.go.kr/bbs/kdca/55/227687/artclView.do
227686,2018년「주요 감염병 매개모기 방제지침」,2019.01.31,https://www.kdca.go.kr/bbs/kdca/55/227686/artclView.do
227685,제13차 퇴원손상심층조사 원시자료 이용지침서,2019.01.15,https://www.kdca.go.kr/bbs/kdca/55/227685/artclView.do
227684,2019 검역업무 지침,2019.01.11,https://www.kdca.go.kr/bbs/kdca/55/227684/artclView.do
227683,헌혈기록카드 문진항목 판정기준(6차 개정판) 및 안전한 헌혈을 위한 문진 플립북,2019.01.03,https://www.kdca.go.kr/bbs/kdca/55/227683/artclView.do
227682,급성 수혈 관련 증상분류 알고리즘,2019.01.03,https://www.kdca.go.kr/bbs/kdca/55/227682/artclView.do
227681,수혈 관련 증상 정의,2019.01.03,https://www.kdca.go.kr/bbs/kdca/55/227681/artclView.do
227680,수혈부작용조사 실무안내서,2019.01.03,https://www.kdca.go.kr/bbs/kdca/55/227680/artclView.do
227679,2019년 HIV/AIDS 관리지침,2018.12.28,https://www.kdca.go.kr/bbs/kdca/55/227679/artclView.do
227678,2018 성인 예방접종 안내서,2018.12.21,https://www.kdca.go.kr/bbs/kdca/55/227678/artclView.do
227677,공중보건 위험소통 표준운영절차(SOP) 개정판(디지털 버전),2018.12.18,https://www.kdca.go.kr/bbs/kdca/55/227677/artclView.do
227676,결핵검사지침 2,2018.12.13,https://www.kdca.go.kr/bbs/kdca/55/227676/artclView.do
227675,한국혈액감시체계 운영규정(18.12.10 제정),2018.12.12,https://www.kdca.go.kr/bbs/kdca/55/227675/artclView.do
227674,2017 검역업무지침,2018.10.08,https://www.kdca.go.kr/bbs/kdca/55/227674/artclView.do
227673,2014 검역업무 지침,2018.10.08,https://www.kdca.go.kr/bbs/kdca/55/227673/artclView.do
227672,2018년도 생물테러감염병 대비 및 대응지침,2018.10.01,https://www.kdca.go.kr/bbs/kdca/55/227672/artclView.do
227671,2018년도 큐열 관리지침,2018.09.21,https://www.kdca.go.kr/bbs/kdca/55/227671/artclView.do
227670,2018년도 크로이츠펠트-야콥병(CJD) 안내서,2018.09.21,https://www.kdca.go.kr/bbs/kdca/55/227670/artclView.do
227669,2018년도 브루셀라증 관리지침,2018.09.21,https://www.kdca.go.kr/bbs/kdca/55/227669/artclView.do
227668,2018년도 공수병 관리지침,2018.09.21,https://www.kdca.go.kr/bbs/kdca/55/227668/artclView.do
227667,2017년도 감염병 역학조사 연보,2018.09.18,https://www.kdca.go.kr/bbs/kdca/55/227667/artclView.do
227666,"2018년 바이러스성 모기매개감염병 관리지침(황열,뎅기,웨스트,치쿤,지카)",2018.09.18,https://www.kdca.go.kr/bbs/kdca/55/227666/artclView.do
227665,2018년도 수막구균성수막염 관리지침,2018.09.12,https://www.kdca.go.kr/bbs/kdca/55/227665/artclView.do
227664,2018년도 레지오넬라증 관리지침,2018.09.12,https://www.kdca.go.kr/bbs/kdca/55/227664/artclView.do
227663,2018년 군중모임 시 감염병관리 가이드라인,2018.09.10,https://www.kdca.go.kr/bbs/kdca/55/227663/artclView.do
227662,2018-2019절기 인플루엔자 관리지침,2018.09.07,https://www.kdca.go.kr/bbs/kdca/55/227662/artclView.do
227661,2018년 표본감시감염병 신고안내,2018.08.23,https://www.kdca.go.kr/bbs/kdca/55/227661/artclView.do
227660,2018년 지역사회 통합건강증진사업 안내(아토피 천식 예방관리),2018.08.17,https://www.kdca.go.kr/bbs/kdca/55/227660/artclView.do
227659,2018년 에이즈 관련 민간경상보조사업 관리지침,2018.08.09,https://www.kdca.go.kr/bbs/kdca/55/227659/artclView.do
227658,국립중앙인체자원은행 인체자원 관리지침(개정일 20180627),2018.07.20,https://www.kdca.go.kr/bbs/kdca/55/227658/artclView.do
227657,국립중앙인체자원은행 운영·관리 규정(개정일 20180206),2018.07.20,https://www.kdca.go.kr/bbs/kdca/55/227657/artclView.do
227656,국립중앙인체자원은행 운영·관리 규정(개정일 20170615),2018.07.20,https://www.kdca.go.kr/bbs/kdca/55/227656/artclView.do
227655,국립중앙인체자원은행 인체자원 관리지침(개정일 20161230),2018.07.20,https://www.kdca.go.kr/bbs/kdca/55/227655/artclView.do
227654,국립중앙인체자원은행 운영·관리 규정(개정일 20161031),2018.07.20,https://www.kdca.go.kr/bbs/kdca/55/227654/artclView.do
227653,국립중앙인체자원은행 인체자원 분양지침(개정일 20160428),2018.07.20,https://www.kdca.go.kr/bbs/kdca/55/227653/artclView.do
227652,국립중앙인체자원은행 운영·관리 규정(개정일 20141230),2018.07.20,https://www.kdca.go.kr/bbs/kdca/55/227652/artclView.do
227651,설치류 매개감염병 관리지침(2018),2018.07.17,https://www.kdca.go.kr/bbs/kdca/55/227651/artclView.do
227650,진드기 매개감염병 관리지침(2018)_재업로드,2018.07.17,https://www.kdca.go.kr/bbs/kdca/55/227650/artclView.do
227649,2018년도 수인성 및 식품매개감염병 관리지침,2018.07.17,https://www.kdca.go.kr/bbs/kdca/55/227649/artclView.do
227648,2018년도 풍수해 대비 감염병관리 매뉴얼,2018.07.11,https://www.kdca.go.kr/bbs/kdca/55/227648/artclView.do
227647,"2018년도 의료관련감염병(VRSA,CRE)관리지침",2018.07.03,https://www.kdca.go.kr/bbs/kdca/55/227647/artclView.do
227646,2018년도 말라리아 관리 지침,2018.07.02,https://www.kdca.go.kr/bbs/kdca/55/227646/artclView.do
227645,메르스 대응지침[제5-1판],2018.06.30,https://www.kdca.go.kr/bbs/kdca/55/227645/artclView.do
227644,"어린이집, 유치원, 학교 감염병 관리 안내서",2018.06.21,https://www.kdca.go.kr/bbs/kdca/55/227644/artclView.do
227643,2018년도 급성호흡기감염증 관리지침,2018.06.11,https://www.kdca.go.kr/bbs/kdca/55/227643/artclView.do
227642,"2018년도 옴, 머릿니 예방 및 관리 안내서",2018.06.11,https://www.kdca.go.kr/bbs/kdca/55/227642/artclView.do
227641,2018년도 감염병 관리 사업 지침,2018.05.30,https://www.kdca.go.kr/bbs/kdca/55/227641/artclView.do
227640,2018년도 엔테로바이러스 감염증 · 수족구병 관리지침,2018.05.29,https://www.kdca.go.kr/bbs/kdca/55/227640/artclView.do
227639,2018년도 안과 감염병 관리지침,2018.05.16,https://www.kdca.go.kr/bbs/kdca/55/227639/artclView.do
227638,2018 국가결핵관리지침 발간,2018.05.15,https://www.kdca.go.kr/bbs/kdca/55/227638/artclView.do
227637,[혈액] 응급/대량수혈 표준업무안내서(2018.4 발행),2018.05.11,https://www.kdca.go.kr/bbs/kdca/55/227637/artclView.do
227636,2018년 고혈압 당뇨병 등록관리사업 표준 실무지침,2018.04.16,https://www.kdca.go.kr/bbs/kdca/55/227636/artclView.do
227635,2018년 지역사회 통합건강증진사업 안내(심뇌혈관질환예방관리),2018.04.16,https://www.kdca.go.kr/bbs/kdca/55/227635/artclView.do
227634,2018년 시도 심뇌혈관질환예방관리사업 안내,2018.04.16,https://www.kdca.go.kr/bbs/kdca/55/227634/artclView.do
227633,2018년 성매개감염병 관리지침(개정안),2018.04.10,https://www.kdca.go.kr/bbs/kdca/55/227633/artclView.do
227632,"페스트 대응지침(2018.3, 제1판 각 분권)",2018.04.09,https://www.kdca.go.kr/bbs/kdca/55/227632/artclView.do
227631,"페스트 대응지침(2018.3, 제1판)",2018.04.09,https://www.kdca.go.kr/bbs/kdca/55/227631/artclView.do
227630,퇴원손상심층조사 12차 원시자료 이용지침서,2018.03.26,https://www.kdca.go.kr/bbs/kdca/55/227630/artclView.do
227629,[혈액] 혈액관리업무 점검사항 보고지침(2015.4.13 개정),2018.03.19,https://www.kdca.go.kr/bbs/kdca/55/227629/artclView.do
227628,[혈액] 2017 한국혈액감시체계 운영안내서(2017.9),2018.03.14,https://www.kdca.go.kr/bbs/kdca/55/227628/artclView.do
227627,[연구기획과] 정책연구용역사업 운영규정 및 관리안내,2018.03.13,https://www.kdca.go.kr/bbs/kdca/55/227627/artclView.do
227626,요로 감염 항생제 사용지침,2018.03.02,https://www.kdca.go.kr/bbs/kdca/55/227626/artclView.do
227625,2018년도 예방접종 대상 감염병 관리 지침,2018.02.21,https://www.kdca.go.kr/bbs/kdca/55/227625/artclView.do
227624,국가관리대상병원체,2018.02.06,https://www.kdca.go.kr/bbs/kdca/55/227624/artclView.do
227623,한국생물안전안내서,2018.02.05,https://www.kdca.go.kr/bbs/kdca/55/227623/artclView.do
227622,2018 검역업무지침,2018.01.31,https://www.kdca.go.kr/bbs/kdca/55/227622/artclView.do
227621,퇴원손상심층조사 10차 원시자료 이용지침서,2018.01.26,https://www.kdca.go.kr/bbs/kdca/55/227621/artclView.do
227620,퇴원손상심층조사 11차 원시자료 이용지침서,2018.01.26,https://www.kdca.go.kr/bbs/kdca/55/227620/artclView.do
227619,퇴원손상심층조사 9차 원시자료 이용지침서,2018.01.26,https://www.kdca.go.kr/bbs/kdca/55/227619/artclView.do
227618,퇴원손상심층조사 8차 원시자료 이용지침서,2018.01.26,https://www.kdca.go.kr/bbs/kdca/55/227618/artclView.do
227617,2018년도 국가예방접종사업 관리지침(의료기관용),2018.01.22,https://www.kdca.go.kr/bbs/kdca/55/227617/artclView.do
227616,2018년도 국가예방접종사업 관리지침(보건소용),2018.01.22,https://www.kdca.go.kr/bbs/kdca/55/227616/artclView.do
227615,희귀질환자 의료비지원사업 보건소 담당자 교육 지침,2018.01.08,https://www.kdca.go.kr/bbs/kdca/55/227615/artclView.do
227614,제1회 희귀질환 극복의 날 안내 지침,2018.01.08,https://www.kdca.go.kr/bbs/kdca/55/227614/artclView.do
227613,2017년 희귀질환자 의료비지원사업 안내 지침,2018.01.08,https://www.kdca.go.kr/bbs/kdca/55/227613/artclView.do
227612,법정감염병 실험실검사 의뢰가능 기관 안내서,2018.01.02,https://www.kdca.go.kr/bbs/kdca/55/227612/artclView.do
227611,한국 영유아 발달선별검사(K-DST) 개정판 사용지침서,2018.01.02,https://www.kdca.go.kr/bbs/kdca/55/227611/artclView.do
227610,"피부,연조직 감염 항생제 사용지침",2017.12.29,https://www.kdca.go.kr/bbs/kdca/55/227610/artclView.do
227609,지카바이러스 감염증 진단검사지침(제3-1판),2017.12.20,https://www.kdca.go.kr/bbs/kdca/55/227609/artclView.do
227608,2018 HIV/AIDS 관리지침,2017.12.19,https://www.kdca.go.kr/bbs/kdca/55/227608/artclView.do
227607,급성심장정지조사 2008-2019년 원시자료 이용지침서,2017.12.06,https://www.kdca.go.kr/bbs/kdca/55/227607/artclView.do
227606,요양시설 인플루엔자 관리 가이드라인,2017.11.30,https://www.kdca.go.kr/bbs/kdca/55/227606/artclView.do
227605,보육시설 및 학교 인플루엔자 관리 가이드라인,2017.11.30,https://www.kdca.go.kr/bbs/kdca/55/227605/artclView.do
227604,2017 법정감염병 진단 신고기준,2017.11.30,https://www.kdca.go.kr/bbs/kdca/55/227604/artclView.do
227603,2018년 국가건강검진 검진의사 상담매뉴얼,2017.11.17,https://www.kdca.go.kr/bbs/kdca/55/227603/artclView.do
227602,성인 급성 상기도 감염 항생제 사용지침,2017.11.13,https://www.kdca.go.kr/bbs/kdca/55/227602/artclView.do
227601,성인 지역사회획득 폐렴 항생제 사용지침,2017.11.13,https://www.kdca.go.kr/bbs/kdca/55/227601/artclView.do
227600,지카바이러스 감염증 진단검사지침,2017.11.02,https://www.kdca.go.kr/bbs/kdca/55/227600/artclView.do
227599,"전수감시 의료관련감염병(VRSA,CRE)_자주묻는질문",2017.10.31,https://www.kdca.go.kr/bbs/kdca/55/227599/artclView.do
227598,개물림 예방 관리 방법,2017.10.27,https://www.kdca.go.kr/bbs/kdca/55/227598/artclView.do
227597,에볼라바이러스병 대응지침(제7판),2017.10.20,https://www.kdca.go.kr/bbs/kdca/55/227597/artclView.do
227596,2016년도 감염병 역학조사 연보,2017.10.12,https://www.kdca.go.kr/bbs/kdca/55/227596/artclView.do
227595,2017년 인플루엔자 관리지침,2017.09.29,https://www.kdca.go.kr/bbs/kdca/55/227595/artclView.do
227594,2017년도 수막구균성수막염 관리지침,2017.09.29,https://www.kdca.go.kr/bbs/kdca/55/227594/artclView.do
227593,2017년 성홍열 관리지침,2017.09.27,https://www.kdca.go.kr/bbs/kdca/55/227593/artclView.do
227592,2017 표본감시감염병 신고안내,2017.09.14,https://www.kdca.go.kr/bbs/kdca/55/227592/artclView.do
227591,2017년도 안과 감염병 관리지침,2017.09.11,https://www.kdca.go.kr/bbs/kdca/55/227591/artclView.do
227590,2017-2018절기 인플루엔자 국가예방접종 지원사업 관리지침,2017.08.25,https://www.kdca.go.kr/bbs/kdca/55/227590/artclView.do
227589,[혈액] 혈액관리업무 점검사항 처리 지침(2017.8 개정),2017.08.21,https://www.kdca.go.kr/bbs/kdca/55/227589/artclView.do
227588,[혈액] 헌혈자 보호 및 안전에 관한 지침(2017.8 개정),2017.08.21,https://www.kdca.go.kr/bbs/kdca/55/227588/artclView.do
227587,2017년도「풍수해(태풍·호우)」감염병 대응 메뉴얼,2017.08.08,https://www.kdca.go.kr/bbs/kdca/55/227587/artclView.do
227586,2017년 감염병관리시설 평가지침,2017.08.03,https://www.kdca.go.kr/bbs/kdca/55/227586/artclView.do
227585,2017년도 바이러스성 모기매개감염병 관리지침,2017.08.02,https://www.kdca.go.kr/bbs/kdca/55/227585/artclView.do
227584,의료관련감염 표준예방지침(2017),2017.07.28,https://www.kdca.go.kr/bbs/kdca/55/227584/artclView.do
227583,2017년도 수인성 및 식품매개감염병관리지침,2017.07.27,https://www.kdca.go.kr/bbs/kdca/55/227583/artclView.do
227582,수인성식품매개질환 실험실 진단 실무 지침 2017,2017.07.14,https://www.kdca.go.kr/bbs/kdca/55/227582/artclView.do
227581,2017년도 산후조리원 감염병 관리지침,2017.07.14,https://www.kdca.go.kr/bbs/kdca/55/227581/artclView.do
227580,2017 메르스 대응지침(제5판),2017.07.11,https://www.kdca.go.kr/bbs/kdca/55/227580/artclView.do
227579,공중보건 위기대응 소통안내서,2017.07.11,https://www.kdca.go.kr/bbs/kdca/55/227579/artclView.do
227578,2017년도 브루셀라증 관리 지침,2017.06.12,https://www.kdca.go.kr/bbs/kdca/55/227578/artclView.do
227577,2017년도 공수병 관리지침,2017.06.12,https://www.kdca.go.kr/bbs/kdca/55/227577/artclView.do
227576,2017년도 크로이츠펠트-야콥병 관리지침,2017.06.12,https://www.kdca.go.kr/bbs/kdca/55/227576/artclView.do
227575,2017년도 큐열 관리지침,2017.06.12,https://www.kdca.go.kr/bbs/kdca/55/227575/artclView.do
227574,2017년도 유비저 관리지침,2017.06.12,https://www.kdca.go.kr/bbs/kdca/55/227574/artclView.do
227573,"2017년도 의료관련감염병(VRSA, CRE) 관리지침",2017.06.01,https://www.kdca.go.kr/bbs/kdca/55/227573/artclView.do
227572,2017년도 C형간염 관리지침,2017.06.01,https://www.kdca.go.kr/bbs/kdca/55/227572/artclView.do
227571,2017년 감염병 관리사업 지침,2017.05.30,https://www.kdca.go.kr/bbs/kdca/55/227571/artclView.do
227570,결핵 진료지침 (3판),2017.05.25,https://www.kdca.go.kr/bbs/kdca/55/227570/artclView.do
227569,"2017년도 엔테로바이러스 감염증, 수족구병 관리지침",2017.05.23,https://www.kdca.go.kr/bbs/kdca/55/227569/artclView.do
227568,예방접종대상 감염병의 역학과 관리 지침 (2017년 개정판),2017.05.12,https://www.kdca.go.kr/bbs/kdca/55/227568/artclView.do
227567,법정감염병 진단검사 통합지침,2017.05.12,https://www.kdca.go.kr/bbs/kdca/55/227567/artclView.do
227566,2017년 말라리아 관리지침,2017.05.10,https://www.kdca.go.kr/bbs/kdca/55/227566/artclView.do
227565,2017년 설치류 매개감염병 관리지침,2017.05.10,https://www.kdca.go.kr/bbs/kdca/55/227565/artclView.do
227564,2017년 진드기 매개감염병 관리지침,2017.05.10,https://www.kdca.go.kr/bbs/kdca/55/227564/artclView.do
227563,[연구기획과] 정책연구용역사업 운영규정 및 관리안내,2017.05.04,https://www.kdca.go.kr/bbs/kdca/55/227563/artclView.do
227562,2017 한센사업지침,2017.04.19,https://www.kdca.go.kr/bbs/kdca/55/227562/artclView.do
227561,2017 국가결핵관리지침 발간,2017.04.17,https://www.kdca.go.kr/bbs/kdca/55/227561/artclView.do
227560,예방접종대상 감염병 사업관리 지침,2017.04.10,https://www.kdca.go.kr/bbs/kdca/55/227560/artclView.do
227559,'진단용 방사선 안전관리 규정' 개정 고시,2017.04.10,https://www.kdca.go.kr/bbs/kdca/55/227559/artclView.do
227558,2017 조류인플루엔자 인체감염 예방 및 관리지침,2017.04.10,https://www.kdca.go.kr/bbs/kdca/55/227558/artclView.do
227557,2017년 소아 청소년 하기도 감염의 항생제 사용지침,2017.04.06,https://www.kdca.go.kr/bbs/kdca/55/227557/artclView.do
227556,지역별 거점병원 운영과 관리 지침(2017),2017.04.03,https://www.kdca.go.kr/bbs/kdca/55/227556/artclView.do
227555,2017년 시도 심뇌혈관질환예방관리사업 안내,2017.03.30,https://www.kdca.go.kr/bbs/kdca/55/227555/artclView.do
227554,2017년 지역사회 통합건강증진사업 안내[심뇌혈관질환예방관리],2017.03.30,https://www.kdca.go.kr/bbs/kdca/55/227554/artclView.do
227553,2017년 고혈압.당뇨병 등록관리사업 표준 실무지침,2017.03.30,https://www.kdca.go.kr/bbs/kdca/55/227553/artclView.do
227552,2017 메르스 대응지침(4-2판),2017.03.29,https://www.kdca.go.kr/bbs/kdca/55/227552/artclView.do
227551,생물안전 3·4등급 연구시설 검증 기술서(2014),2017.03.21,https://www.kdca.go.kr/bbs/kdca/55/227551/artclView.do
227550,동물이용 생물안전 3등급 연구시설 설치·운영 해설서(2016),2017.03.21,https://www.kdca.go.kr/bbs/kdca/55/227550/artclView.do
227549,생물안전 1·2등급 연구시설 안전관리지침(2016),2017.03.20,https://www.kdca.go.kr/bbs/kdca/55/227549/artclView.do
227548,유전자재조합실험지침(2017),2017.03.15,https://www.kdca.go.kr/bbs/kdca/55/227548/artclView.do
227547,가임기 여성 및 임신부 지카바이러스 감염 진료 가이드라인 2-1판,2017.03.10,https://www.kdca.go.kr/bbs/kdca/55/227547/artclView.do
227546,2017년 희귀질환자 의료비지원사업 안내 지침,2017.02.24,https://www.kdca.go.kr/bbs/kdca/55/227546/artclView.do
227545,공중보건 위기소통 표준운영절차(SOP)_영문,2017.02.23,https://www.kdca.go.kr/bbs/kdca/55/227545/artclView.do
227544,공중보건 위기소통 지침_영문,2017.02.23,https://www.kdca.go.kr/bbs/kdca/55/227544/artclView.do
227543,라싸열 대응지침(제1판),2017.02.22,https://www.kdca.go.kr/bbs/kdca/55/227543/artclView.do
227542,국가지정입원치료병상 운영과 관리 지침,2017.02.14,https://www.kdca.go.kr/bbs/kdca/55/227542/artclView.do
227541,"병원체생물안전정보집(제2,3,4위험군)",2017.02.14,https://www.kdca.go.kr/bbs/kdca/55/227541/artclView.do
227540,공중보건 위기소통 지침_국문,2017.02.06,https://www.kdca.go.kr/bbs/kdca/55/227540/artclView.do
227539,공중보건 위기소통 표준운영절차(SOP)_국문,2017.02.06,https://www.kdca.go.kr/bbs/kdca/55/227539/artclView.do
227538,2016년 성매개감염진료지침,2017.01.13,https://www.kdca.go.kr/bbs/kdca/55/227538/artclView.do
227537,고위험병원체 취급 및 보존 안전관리 가이드(2016),2017.01.09,https://www.kdca.go.kr/bbs/kdca/55/227537/artclView.do
227536,2017년 어린이 국가예방접종 지원사업 관리지침(의료기관용),2017.01.06,https://www.kdca.go.kr/bbs/kdca/55/227536/artclView.do
227535,모기 취급 실험실 생물안전 가이드,2016.12.28,https://www.kdca.go.kr/bbs/kdca/55/227535/artclView.do
227534,[혈액] 수혈전파감염의 역학과관리(2016.12 발간),2016.12.19,https://www.kdca.go.kr/bbs/kdca/55/227534/artclView.do
227533,고위험병원체 안전관리 지침 공고(2016-408호),2016.12.14,https://www.kdca.go.kr/bbs/kdca/55/227533/artclView.do
227532,2017 HIV/AIDS 관리지침,2016.12.14,https://www.kdca.go.kr/bbs/kdca/55/227532/artclView.do
227531,2016 건강여성 첫걸음 클리닉 사업 관리 지침(의료기관용),2016.12.12,https://www.kdca.go.kr/bbs/kdca/55/227531/artclView.do
227530,질병관리본부 연구개발과제 성과관리지침,2016.11.28,https://www.kdca.go.kr/bbs/kdca/55/227530/artclView.do
227529,국고보조금 지원 병원장비 관련 지침,2016.11.21,https://www.kdca.go.kr/bbs/kdca/55/227529/artclView.do
227528,2015년 감염병역학조사연보,2016.11.18,https://www.kdca.go.kr/bbs/kdca/55/227528/artclView.do
227527,2016 메르스 대응지침(4-1판),2016.11.15,https://www.kdca.go.kr/bbs/kdca/55/227527/artclView.do
227526,지카바이러스감염증 진단검사지침(제2판),2016.11.10,https://www.kdca.go.kr/bbs/kdca/55/227526/artclView.do
227525,2016 소아상기도감염항생제지침,2016.11.09,https://www.kdca.go.kr/bbs/kdca/55/227525/artclView.do
227524,2016 의료관련감염병관리지침,2016.11.09,https://www.kdca.go.kr/bbs/kdca/55/227524/artclView.do
227523,법정감염병 진단검사 통합지침,2016.11.08,https://www.kdca.go.kr/bbs/kdca/55/227523/artclView.do
227522,2016년 C형간염 관리지침_배포용,2016.10.20,https://www.kdca.go.kr/bbs/kdca/55/227522/artclView.do
227521,2016년도 레지오넬라증 관리지침_배포용,2016.10.20,https://www.kdca.go.kr/bbs/kdca/55/227521/artclView.do
227520,지카바이러스 감염증 관리지침 2-1판,2016.10.19,https://www.kdca.go.kr/bbs/kdca/55/227520/artclView.do
227519,지카바이러스 감염증 관리지침 (2-1판),2016.10.19,https://www.kdca.go.kr/bbs/kdca/55/227519/artclView.do
227518,"옴, 머릿니 예방 및 관리 지침",2016.10.19,https://www.kdca.go.kr/bbs/kdca/55/227518/artclView.do
227517,2016-2017절기 인플루엔자 관리지침,2016.10.12,https://www.kdca.go.kr/bbs/kdca/55/227517/artclView.do
227516,[혈액] 제4판 수혈가이드라인(2016 전면개정),2016.09.02,https://www.kdca.go.kr/bbs/kdca/55/227516/artclView.do
227515,2016년 크로이츠펠트-야콥병(CJD) 관리지침,2016.08.22,https://www.kdca.go.kr/bbs/kdca/55/227515/artclView.do
227514,배아생성의료기관 표준운영지침(20160802),2016.08.22,https://www.kdca.go.kr/bbs/kdca/55/227514/artclView.do
227513,2016 메르스 대응지침(4판),2016.08.10,https://www.kdca.go.kr/bbs/kdca/55/227513/artclView.do
227512,2016 중증열성혈소판감소증후군(SFTS) 의료진용 진료지침 권고안,2016.07.20,https://www.kdca.go.kr/bbs/kdca/55/227512/artclView.do
227511,시·도 심뇌혈관질환 예방관리사업 안내(2016),2016.07.07,https://www.kdca.go.kr/bbs/kdca/55/227511/artclView.do
227510,고혈압·당뇨병 등록·관리사업 표준 실무지침(2016),2016.07.07,https://www.kdca.go.kr/bbs/kdca/55/227510/artclView.do
227509,지역사회 통합건강증진사업 안내[심뇌혈관질환 예방관리](2016),2016.07.07,https://www.kdca.go.kr/bbs/kdca/55/227509/artclView.do
227508,아토피·천식 안심학교 운영안내서(2016),2016.07.01,https://www.kdca.go.kr/bbs/kdca/55/227508/artclView.do
227507,지역사회 통합건강증진사업 안내[아토피·천식 예방관리](2016),2016.07.01,https://www.kdca.go.kr/bbs/kdca/55/227507/artclView.do
227506,인체유래물은행 표준운영지침,2016.06.30,https://www.kdca.go.kr/bbs/kdca/55/227506/artclView.do
227505,국립중앙인체자원은행 인체자원 폐기지침,2016.06.30,https://www.kdca.go.kr/bbs/kdca/55/227505/artclView.do
227504,국립중앙인체자원은행 인체자원 기탁·위탁지침,2016.06.30,https://www.kdca.go.kr/bbs/kdca/55/227504/artclView.do
227503,국립중앙인체자원은행 운영·관리 규정,2016.06.30,https://www.kdca.go.kr/bbs/kdca/55/227503/artclView.do
227502,국립중앙인체자원은행 시설 및 저장장비 표준운영지침,2016.06.30,https://www.kdca.go.kr/bbs/kdca/55/227502/artclView.do
227501,국립중앙인체자원은행 인체자원 정도관리지침,2016.06.30,https://www.kdca.go.kr/bbs/kdca/55/227501/artclView.do
227500,인체유래물은행 표준운영지침(2013.12),2016.06.30,https://www.kdca.go.kr/bbs/kdca/55/227500/artclView.do
227499,배아생성의료기관 표준운영안내(2013.12),2016.06.30,https://www.kdca.go.kr/bbs/kdca/55/227499/artclView.do
227498,생명윤리법관련기관운영지침(13년12월),2016.06.30,https://www.kdca.go.kr/bbs/kdca/55/227498/artclView.do
227497,2016 장기·인체조직 등록기관 업무가이드,2016.06.29,https://www.kdca.go.kr/bbs/kdca/55/227497/artclView.do
227496,2016년도 인수공통감염병 관리지침,2016.06.23,https://www.kdca.go.kr/bbs/kdca/55/227496/artclView.do
227495,2016 진드기 및 설치류 매개 감염병 관리지침,2016.06.23,https://www.kdca.go.kr/bbs/kdca/55/227495/artclView.do
227494,에볼라바이러스병 대응지침(제6판),2016.06.21,https://www.kdca.go.kr/bbs/kdca/55/227494/artclView.do
227493,2016년도 감염병관리사업 지침,2016.06.21,https://www.kdca.go.kr/bbs/kdca/55/227493/artclView.do
227492,2016년도 바이러스성 모기매개 감염병 관리지침,2016.06.16,https://www.kdca.go.kr/bbs/kdca/55/227492/artclView.do
227491,실험실 생물안전 지침(2016),2016.06.15,https://www.kdca.go.kr/bbs/kdca/55/227491/artclView.do
227490,2016 수인성 및 식품매개질환관리지침,2016.06.14,https://www.kdca.go.kr/bbs/kdca/55/227490/artclView.do
227489,2016년 유비저 관리지침,2016.06.10,https://www.kdca.go.kr/bbs/kdca/55/227489/artclView.do
227488,2016년도 수족구병 관리지침,2016.06.10,https://www.kdca.go.kr/bbs/kdca/55/227488/artclView.do
227487,2016년 노인 폐렴구균 예방접종사업 관리 지침,2016.06.08,https://www.kdca.go.kr/bbs/kdca/55/227487/artclView.do
227486,지카바이러스 감염증 관리지침 (2판),2016.05.31,https://www.kdca.go.kr/bbs/kdca/55/227486/artclView.do
227485,2016년도 말라리아 관리지침,2016.05.24,https://www.kdca.go.kr/bbs/kdca/55/227485/artclView.do
227484,지카바이러스감염증 진단검사지침 제1-2판,2016.05.11,https://www.kdca.go.kr/bbs/kdca/55/227484/artclView.do
227483,2016 조류인플루엔자 인체감염 예방 및 관리지침,2016.05.09,https://www.kdca.go.kr/bbs/kdca/55/227483/artclView.do
227482,MERS 대응 지침(4판),2016.05.09,https://www.kdca.go.kr/bbs/kdca/55/227482/artclView.do
227481,지카바이러스 감염증 관리지침 2판,2016.05.09,https://www.kdca.go.kr/bbs/kdca/55/227481/artclView.do
227480,지카바이러스 관리지침 제1-2판,2016.05.04,https://www.kdca.go.kr/bbs/kdca/55/227480/artclView.do
227479,국립중앙인체자원은행 인체자원 분양지침,2016.04.29,https://www.kdca.go.kr/bbs/kdca/55/227479/artclView.do
227478,2016년 조류인플루엔자 인체감염 예방 및 관리지침,2016.04.27,https://www.kdca.go.kr/bbs/kdca/55/227478/artclView.do
227477,가임기 여성 및 임신부 지카바이러스 감염 진료 가이드라인 1-1판,2016.03.29,https://www.kdca.go.kr/bbs/kdca/55/227477/artclView.do
227476,감염병의 분류 및 종류(2016.1.29 기준),2016.03.29,https://www.kdca.go.kr/bbs/kdca/55/227476/artclView.do
227475,지카바이러스 진단검사지침,2016.03.21,https://www.kdca.go.kr/bbs/kdca/55/227475/artclView.do
227474,흰줄숲모기 방제 관리 지침 배포,2016.03.10,https://www.kdca.go.kr/bbs/kdca/55/227474/artclView.do
227473,2016 국가결핵관리지침 발간 알림,2016.03.04,https://www.kdca.go.kr/bbs/kdca/55/227473/artclView.do
227472,흰줄숲모기 유충 방제 관리 지침 배포,2016.02.29,https://www.kdca.go.kr/bbs/kdca/55/227472/artclView.do
227471,'2016년 의료기관 결핵관리 안내' 공유,2016.02.12,https://www.kdca.go.kr/bbs/kdca/55/227471/artclView.do
227470,2016년 메르스(MERS) 대응지침 제3-6판,2016.01.29,https://www.kdca.go.kr/bbs/kdca/55/227470/artclView.do
227469,[혈액] 특정수혈부작용 조사지침 9차개정본(2016년 개정),2016.01.20,https://www.kdca.go.kr/bbs/kdca/55/227469/artclView.do
227468,[혈액] 메르스 완치자 혈장채혈지침(2016.1 제정),2016.01.19,https://www.kdca.go.kr/bbs/kdca/55/227468/artclView.do
227467,[혈액] 수혈에 의한 세균감염 예방 및 발생 의심 시 의료기관 대응절차 가이드라인(2016.1 제정),2016.01.19,https://www.kdca.go.kr/bbs/kdca/55/227467/artclView.do
227466,"생물안전 1,2등급 연구시설 안전 관리 지침(2015)",2016.01.19,https://www.kdca.go.kr/bbs/kdca/55/227466/artclView.do
227465,2016년 성매개감염병 관리지침(개정안),2016.01.06,https://www.kdca.go.kr/bbs/kdca/55/227465/artclView.do
227464,백일해 통합관리지침,2016.01.06,https://www.kdca.go.kr/bbs/kdca/55/227464/artclView.do
227463,"2016년도 B형간염 주산기감염 예방사업 안내(보건소용, 의료기관용)",2016.01.05,https://www.kdca.go.kr/bbs/kdca/55/227463/artclView.do
227462,2016 병원체검사결과 신고안내,2016.01.04,https://www.kdca.go.kr/bbs/kdca/55/227462/artclView.do
227461,2016 검역업무지침,2015.12.28,https://www.kdca.go.kr/bbs/kdca/55/227461/artclView.do
227460,2016년 한센 사업 지침,2015.12.28,https://www.kdca.go.kr/bbs/kdca/55/227460/artclView.do
227459,2016년 표본감시감염병 신고안내,2015.12.28,https://www.kdca.go.kr/bbs/kdca/55/227459/artclView.do
227458,2016년 에이즈(HIV/AIDS) 관리지침,2015.12.28,https://www.kdca.go.kr/bbs/kdca/55/227458/artclView.do
227457,2016 법정감염병 진단 신고기준,2015.12.21,https://www.kdca.go.kr/bbs/kdca/55/227457/artclView.do
227456,2016년 에이즈 관련 민간경상보조사업 관리지침,2015.12.21,https://www.kdca.go.kr/bbs/kdca/55/227456/artclView.do
227455,수인성식품매개질환 실험실 진단 실무 지침 2015,2015.12.15,https://www.kdca.go.kr/bbs/kdca/55/227455/artclView.do
227454,"[지침] 감염성물질 안전수송 지침(개정2판,2015)",2015.10.29,https://www.kdca.go.kr/bbs/kdca/55/227454/artclView.do
227453,지역사회 비누로 손씻기 홍보사업 가이드,2015.10.21,https://www.kdca.go.kr/bbs/kdca/55/227453/artclView.do
227452,2015년 시도 심뇌혈관질환 예방관리사업 안내,2015.10.19,https://www.kdca.go.kr/bbs/kdca/55/227452/artclView.do
227451,2015년 고혈압·당뇨병 등록·관리사업 표준 실무지침,2015.10.19,https://www.kdca.go.kr/bbs/kdca/55/227451/artclView.do
227450,백일해 통합관리지침(제 2판),2015.09.09,https://www.kdca.go.kr/bbs/kdca/55/227450/artclView.do
227449,[지침] 고위험병원체 안전관리 지침 (2015-93호),2015.09.07,https://www.kdca.go.kr/bbs/kdca/55/227449/artclView.do
227448,2015년 수인성식품매개질환 역학조사 지침,2015.07.20,https://www.kdca.go.kr/bbs/kdca/55/227448/artclView.do
227447,'14-'15절기 인플루엔자 관리지침,2015.07.10,https://www.kdca.go.kr/bbs/kdca/55/227447/artclView.do
227446,[지침]유전자재조합실험지침(보건복지부고시 제2014-201호),2015.07.03,https://www.kdca.go.kr/bbs/kdca/55/227446/artclView.do
227445,2015 한센사업지침,2015.07.02,https://www.kdca.go.kr/bbs/kdca/55/227445/artclView.do
227444,2015년 지역사회 통합건강증진사업 안내서[심뇌혈관질환 예방관리],2015.06.26,https://www.kdca.go.kr/bbs/kdca/55/227444/artclView.do
227443,HIV/AIDS진료지침(개정),2015.05.29,https://www.kdca.go.kr/bbs/kdca/55/227443/artclView.do
227442,2015년도 국내 말라리아 관리지침,2015.05.26,https://www.kdca.go.kr/bbs/kdca/55/227442/artclView.do
227441,2015년도 진드기 및 설치류 매개 감염병 관리지침,2015.05.19,https://www.kdca.go.kr/bbs/kdca/55/227441/artclView.do
227440,2015년 에이즈(HIV/AIDS) 관리지침,2015.04.23,https://www.kdca.go.kr/bbs/kdca/55/227440/artclView.do
227439,2015 검역업무지침,2015.04.15,https://www.kdca.go.kr/bbs/kdca/55/227439/artclView.do
227438,공수병 역학과 관리,2015.03.27,https://www.kdca.go.kr/bbs/kdca/55/227438/artclView.do
227437,2014 예방접종대상 감염병 사업관리 지침,2015.03.25,https://www.kdca.go.kr/bbs/kdca/55/227437/artclView.do
227436,장기등 기증자 등 지원한도액,2015.02.23,https://www.kdca.go.kr/bbs/kdca/55/227436/artclView.do
227435,2015 노인 폐렴구균 예방접종사업 관리지침,2015.02.03,https://www.kdca.go.kr/bbs/kdca/55/227435/artclView.do
227434,2015 해외여행을 위한 말라리아 예방지침 개정본,2015.01.30,https://www.kdca.go.kr/bbs/kdca/55/227434/artclView.do
227433,질병관리본부 기관생명윤리위원회 표준운영지침서,2015.01.28,https://www.kdca.go.kr/bbs/kdca/55/227433/artclView.do
227432,2015년 감염병관리사업지침,2015.01.21,https://www.kdca.go.kr/bbs/kdca/55/227432/artclView.do
227431,"법정감염병 표본감시 신고지침(급성호흡기감염증, 장관감염증, 엔테로바이러스감염증)",2015.01.16,https://www.kdca.go.kr/bbs/kdca/55/227431/artclView.do
227430,2015년 영유아 건강검진 검진의사 매뉴얼,2015.01.14,https://www.kdca.go.kr/bbs/kdca/55/227430/artclView.do
227429,생물안전 3등급 연구시설 안전관리 지침(2014),2014.12.31,https://www.kdca.go.kr/bbs/kdca/55/227429/artclView.do
227428,2015년 결핵관리지침 및 Q&A,2014.12.18,https://www.kdca.go.kr/bbs/kdca/55/227428/artclView.do
227427,「진단용 방사선 안전관리 규정」고시 일부개정 안내,2014.11.24,https://www.kdca.go.kr/bbs/kdca/55/227427/artclView.do
227426,한국 영유아 발달선별검사 사용 지침서,2014.10.15,https://www.kdca.go.kr/bbs/kdca/55/227426/artclView.do
227425,2014 결핵진료지침(개정판),2014.09.17,https://www.kdca.go.kr/bbs/kdca/55/227425/artclView.do
227424,감염병의진단기준고시 개정알림,2014.09.16,https://www.kdca.go.kr/bbs/kdca/55/227424/artclView.do
227423,고위험병원체안전관리지침,2014.08.29,https://www.kdca.go.kr/bbs/kdca/55/227423/artclView.do
227422,2014년 에볼라병 대응지침(배포판),2014.08.18,https://www.kdca.go.kr/bbs/kdca/55/227422/artclView.do
227421,2014년 주요 감염병 매개 모기 방제 관리지침,2014.08.14,https://www.kdca.go.kr/bbs/kdca/55/227421/artclView.do
227420,2014년 에이즈관련 민간경상보조사업 관리지침,2014.08.12,https://www.kdca.go.kr/bbs/kdca/55/227420/artclView.do
227419,HIV 수직감염 예방약제 보관 및 사용관련 지침,2014.08.12,https://www.kdca.go.kr/bbs/kdca/55/227419/artclView.do
227418,2014년 감염병관리사업지침,2014.06.20,https://www.kdca.go.kr/bbs/kdca/55/227418/artclView.do
227417,아토피·천식 안심학교 운영안내서(2014),2014.06.16,https://www.kdca.go.kr/bbs/kdca/55/227417/artclView.do
227416,홍역관리지침,2014.06.03,https://www.kdca.go.kr/bbs/kdca/55/227416/artclView.do
227415,레지오넬라증 지침,2014.06.03,https://www.kdca.go.kr/bbs/kdca/55/227415/artclView.do
227414,"학교, 의료기관, 보건소용 홍역 관리지침(2014년 5월 개정판)",2014.06.03,https://www.kdca.go.kr/bbs/kdca/55/227414/artclView.do
227413,[지침]기관생물안전위원회 구성운영지침(2013),2014.05.30,https://www.kdca.go.kr/bbs/kdca/55/227413/artclView.do
227412,진드기 및 설치류 지침,2014.05.08,https://www.kdca.go.kr/bbs/kdca/55/227412/artclView.do
227411,2014한센사업지침,2014.04.30,https://www.kdca.go.kr/bbs/kdca/55/227411/artclView.do
227410,감염성물질 안전수송지침,2014.04.22,https://www.kdca.go.kr/bbs/kdca/55/227410/artclView.do
227409,2014 지역사회 통합건강증진사업 안내[아토피·천식 예방관리],2014.04.16,https://www.kdca.go.kr/bbs/kdca/55/227409/artclView.do
227408,장기등 기증자 등 지원에 관한 규정,2014.04.03,https://www.kdca.go.kr/bbs/kdca/55/227408/artclView.do
227407,인체조직기증자 지원에 관한 규정,2014.04.01,https://www.kdca.go.kr/bbs/kdca/55/227407/artclView.do
227406,뇌사자관리 손실보상금 지급 규정,2014.03.31,https://www.kdca.go.kr/bbs/kdca/55/227406/artclView.do
227405,2013년도 장기이식관리 업무안내입니다.,2014.03.26,https://www.kdca.go.kr/bbs/kdca/55/227405/artclView.do
227404,장기이식 업무안내입니다.,2014.03.26,https://www.kdca.go.kr/bbs/kdca/55/227404/artclView.do
227403,감염병의 진단기준 고시(2013-140호),2014.03.19,https://www.kdca.go.kr/bbs/kdca/55/227403/artclView.do
227402,수인성 식품매개질환 실험실 실무지침(2014),2014.03.19,https://www.kdca.go.kr/bbs/kdca/55/227402/artclView.do
227401,2014년 수인성식품매개질환 역학조사 지침,2014.02.26,https://www.kdca.go.kr/bbs/kdca/55/227401/artclView.do
227400,[연구기획과] 학술연구개발용역과제 관련 규정 및 지침,2014.02.17,https://www.kdca.go.kr/bbs/kdca/55/227400/artclView.do
227399,[연구기획과] 정책연구용역사업 운영규정 및 관리안내,2014.02.04,https://www.kdca.go.kr/bbs/kdca/55/227399/artclView.do
227398,2014 해외 여행을 위한 말라리아 예방지침,2014.01.17,https://www.kdca.go.kr/bbs/kdca/55/227398/artclView.do
227397,2012년 주요 감염병 매개 모기 방제 관리지침,2014.01.06,https://www.kdca.go.kr/bbs/kdca/55/227397/artclView.do
227396,2014 법정감염병 진단신고 기준,2014.01.03,https://www.kdca.go.kr/bbs/kdca/55/227396/artclView.do
227395,안과감염병 표본감시 안내,2014.01.03,https://www.kdca.go.kr/bbs/kdca/55/227395/artclView.do
227394,인플루엔자 및 수족구병 표본감시 안내,2014.01.03,https://www.kdca.go.kr/bbs/kdca/55/227394/artclView.do
227393,엔테로바이러스감염증 표본감시 안내,2014.01.02,https://www.kdca.go.kr/bbs/kdca/55/227393/artclView.do
227392,장관감염증 표본감시 안내,2014.01.02,https://www.kdca.go.kr/bbs/kdca/55/227392/artclView.do
227391,급성호흡기감염증 표본감시 안내,2014.01.02,https://www.kdca.go.kr/bbs/kdca/55/227391/artclView.do
227390,2013년 성매개감염병 관리지침,2013.10.15,https://www.kdca.go.kr/bbs/kdca/55/227390/artclView.do
227389,HIV 수직감염 예방약제 보관 및 사용관련 지침,2013.09.12,https://www.kdca.go.kr/bbs/kdca/55/227389/artclView.do
227388,2013년 결핵검사지침,2013.08.09,https://www.kdca.go.kr/bbs/kdca/55/227388/artclView.do
227387,2013년 검역업무지침,2013.08.01,https://www.kdca.go.kr/bbs/kdca/55/227387/artclView.do
227386,2013 HIV/AIDS 관리지침,2013.07.16,https://www.kdca.go.kr/bbs/kdca/55/227386/artclView.do
227385,중증열성혈소판감소증후군(SFTS) 진단신고기준 개정(7.1시행),2013.07.09,https://www.kdca.go.kr/bbs/kdca/55/227385/artclView.do
227384,2013 말라리아 관리 지침,2013.06.27,https://www.kdca.go.kr/bbs/kdca/55/227384/artclView.do
227383,예방접종 대상 감염병의 역학과 관리 2013년 수정판,2013.06.19,https://www.kdca.go.kr/bbs/kdca/55/227383/artclView.do
227382,질병관리본부 예규집(201306),2013.06.12,https://www.kdca.go.kr/bbs/kdca/55/227382/artclView.do
227381,조류인플루엔자 A(H7N9) 인체감염증 예방 및 관리지침,2013.05.07,https://www.kdca.go.kr/bbs/kdca/55/227381/artclView.do
227380,2013년 학교 결핵관리지침,2013.04.22,https://www.kdca.go.kr/bbs/kdca/55/227380/artclView.do
227379,2013년 감염병관리사업지침,2013.04.10,https://www.kdca.go.kr/bbs/kdca/55/227379/artclView.do
227378,[연구기획] 학술연구용역과제 관리지침 일부 정정 통보,2013.03.14,https://www.kdca.go.kr/bbs/kdca/55/227378/artclView.do
227377,2013년 국가결핵관리지침,2013.03.13,https://www.kdca.go.kr/bbs/kdca/55/227377/artclView.do
227376,2013년 수인성식품매개질환 역학조사 지침,2013.03.06,https://www.kdca.go.kr/bbs/kdca/55/227376/artclView.do
227375,2012-2013 인플루엔자 표본감시 안내,2013.02.01,https://www.kdca.go.kr/bbs/kdca/55/227375/artclView.do
227374,법정감염병 진단신고기준(Handbook),2013.01.29,https://www.kdca.go.kr/bbs/kdca/55/227374/artclView.do
227373,의료기관 혈액관리업무 즉시보고 및 정기보고 시행지침,2013.01.07,https://www.kdca.go.kr/bbs/kdca/55/227373/artclView.do
227372,유전자재조합실험 지침,2013.01.07,https://www.kdca.go.kr/bbs/kdca/55/227372/artclView.do
227371,국가승인이 필요한 유전자변형생물체 개발 및 실험제도 안내(2012),2013.01.07,https://www.kdca.go.kr/bbs/kdca/55/227371/artclView.do
227370,알기 쉬운 고위험병원체 안전관리(2012),2013.01.07,https://www.kdca.go.kr/bbs/kdca/55/227370/artclView.do
227369,기관생물안전위원회 구성 운영 가이드(2008),2013.01.07,https://www.kdca.go.kr/bbs/kdca/55/227369/artclView.do
227368,생물안전 3등급 연구시설 검증기술서(2010),2013.01.07,https://www.kdca.go.kr/bbs/kdca/55/227368/artclView.do
227367,시험 연구단계 유전자변형생물체 수입 및 개발 실험 승인 심사 설명집(2008),2013.01.07,https://www.kdca.go.kr/bbs/kdca/55/227367/artclView.do
227366,유전자변형생물체 인체위해성 평가 심사 가이드(2008),2013.01.07,https://www.kdca.go.kr/bbs/kdca/55/227366/artclView.do
227365,고위험병원체 취급 및 보존 안전관리 가이드(2011),2013.01.07,https://www.kdca.go.kr/bbs/kdca/55/227365/artclView.do
227364,"고위험병원체 위해정보(MSDS, 2008)",2013.01.07,https://www.kdca.go.kr/bbs/kdca/55/227364/artclView.do
227363,고위험병원체 수송매뉴얼(2008),2013.01.07,https://www.kdca.go.kr/bbs/kdca/55/227363/artclView.do
227362,성인 예방접종 가이드,2012.12.03,https://www.kdca.go.kr/bbs/kdca/55/227362/artclView.do
227361,의료관련감염병 표본감시 안내지침,2012.11.29,https://www.kdca.go.kr/bbs/kdca/55/227361/artclView.do
227360,「2012 법정감염병 진단·신고 기준」지침,2012.11.16,https://www.kdca.go.kr/bbs/kdca/55/227360/artclView.do
227359,2012 브루셀라증 예방관리 지침,2012.10.25,https://www.kdca.go.kr/bbs/kdca/55/227359/artclView.do
227358,다제내성균 관리지침,2012.10.24,https://www.kdca.go.kr/bbs/kdca/55/227358/artclView.do
227357,라임병 관리 지침,2012.10.10,https://www.kdca.go.kr/bbs/kdca/55/227357/artclView.do
227356,2012년도 결핵 관련 지침(타 부처 관련),2012.09.28,https://www.kdca.go.kr/bbs/kdca/55/227356/artclView.do
227355,2012년도 민간공공협력결핵관리사업 지침,2012.09.28,https://www.kdca.go.kr/bbs/kdca/55/227355/artclView.do
227354,2012년 결핵 역학조사관리지침,2012.09.28,https://www.kdca.go.kr/bbs/kdca/55/227354/artclView.do
227353,2012년도 국가결핵관리지침,2012.09.28,https://www.kdca.go.kr/bbs/kdca/55/227353/artclView.do
227352,2012년 CJD(크로이츠펠트) 및 vCJD(변종크로이츠펠트) 관리지침,2012.09.18,https://www.kdca.go.kr/bbs/kdca/55/227352/artclView.do
227351,2012년 수인성·식품매개질환 역학조사 지침,2012.05.18,https://www.kdca.go.kr/bbs/kdca/55/227351/artclView.do
227350,2012년 국가감염병매개체방제관리지침 및 방제 가이드,2012.04.27,https://www.kdca.go.kr/bbs/kdca/55/227350/artclView.do
227349,2012년 레지오넬라증 관리 지침,2012.04.09,https://www.kdca.go.kr/bbs/kdca/55/227349/artclView.do
227348,2012년 가을철 발열성질환 관리 지침,2012.04.03,https://www.kdca.go.kr/bbs/kdca/55/227348/artclView.do
227347,2012년 말라리아 관리 지침,2012.04.03,https://www.kdca.go.kr/bbs/kdca/55/227347/artclView.do
227346,제5차 퇴원손상심층조사 자료이용 지침서,2012.03.28,https://www.kdca.go.kr/bbs/kdca/55/227346/artclView.do
227345,2012년 성매개감염병 관리지침,2012.03.26,https://www.kdca.go.kr/bbs/kdca/55/227345/artclView.do
227344,2012 HIV/AIDS 관리지침,2012.03.26,https://www.kdca.go.kr/bbs/kdca/55/227344/artclView.do
227343,2012 검역업무지침,2012.03.19,https://www.kdca.go.kr/bbs/kdca/55/227343/artclView.do
227342,카바페넴내성 장내세균속 감염관리지침,2012.03.15,https://www.kdca.go.kr/bbs/kdca/55/227342/artclView.do
227341,2012년 감염병 관리 사업 지침,2012.03.15,https://www.kdca.go.kr/bbs/kdca/55/227341/artclView.do
227340,2011-2012절기 인플루엔자 표본감시 안내,2012.01.04,https://www.kdca.go.kr/bbs/kdca/55/227340/artclView.do
227339,2011 조류인플루엔자 인체감염 예방 및 관리지침,2011.12.26,https://www.kdca.go.kr/bbs/kdca/55/227339/artclView.do
227338,2011 예방접종 대상 감염병의 역학과 관리,2011.12.20,https://www.kdca.go.kr/bbs/kdca/55/227338/artclView.do
227337,2011 의료관련감염 표본감시 안내 지침,2011.08.22,https://www.kdca.go.kr/bbs/kdca/55/227337/artclView.do
227336,성매개감염 진료지침_전문,2011.08.08,https://www.kdca.go.kr/bbs/kdca/55/227336/artclView.do
227335,2011년 주요 감염병 매개 모기 방제 관리지침,2011.06.23,https://www.kdca.go.kr/bbs/kdca/55/227335/artclView.do
227334,2011년 HIV/AIDS 관리지침,2011.06.14,https://www.kdca.go.kr/bbs/kdca/55/227334/artclView.do
227333,제1차~제3차 퇴원손상심층조사 자료이용 지침,2011.06.08,https://www.kdca.go.kr/bbs/kdca/55/227333/artclView.do
227332,제1차~제3차 퇴원손상심층조사 자료이용 지침,2011.06.08,https://www.kdca.go.kr/bbs/kdca/55/227332/artclView.do
227331,제1차~제3차 퇴원손상심층조사 자료이용 지침,2011.06.08,https://www.kdca.go.kr/bbs/kdca/55/227331/artclView.do
227330,2011 가을철 발열성 질환 관리 지침,2011.06.02,https://www.kdca.go.kr/bbs/kdca/55/227330/artclView.do
227329,2011 감염병 감시 및 보고지침,2011.05.31,https://www.kdca.go.kr/bbs/kdca/55/227329/artclView.do
227328,2011년 말라리아 관리지침,2011.05.25,https://www.kdca.go.kr/bbs/kdca/55/227328/artclView.do
227327,제4차 퇴원손상심층조사 자료이용 지침,2011.05.20,https://www.kdca.go.kr/bbs/kdca/55/227327/artclView.do
227326,2011년 예방접종 대상 감염병 사업관리 지침,2011.05.03,https://www.kdca.go.kr/bbs/kdca/55/227326/artclView.do
227325,성매개감염 진료지침 요약본_2011(ver1),2011.04.29,https://www.kdca.go.kr/bbs/kdca/55/227325/artclView.do
227324,2011년 수인성·식품매개질환 역학조사 지침,2011.04.26,https://www.kdca.go.kr/bbs/kdca/55/227324/artclView.do
227323,2011년 결핵환자 의료비 지원사업 지침,2011.04.07,https://www.kdca.go.kr/bbs/kdca/55/227323/artclView.do
227322,2011년 감염병관리 사업지침,2011.03.24,https://www.kdca.go.kr/bbs/kdca/55/227322/artclView.do
227321,2011 검역 업무 지침입니다.,2011.03.22,https://www.kdca.go.kr/bbs/kdca/55/227321/artclView.do
227320,2011년 성매개감염병 관리지침,2011.03.16,https://www.kdca.go.kr/bbs/kdca/55/227320/artclView.do
227319,2011년 학술 및 전산용역사업 편람,2011.02.08,https://www.kdca.go.kr/bbs/kdca/55/227319/artclView.do
227318,질병관리본부 연구윤리심의위원회 표준운영지침서,2011.02.08,https://www.kdca.go.kr/bbs/kdca/55/227318/artclView.do
227317,배아연구계획 승인신청 안내서,2011.02.07,https://www.kdca.go.kr/bbs/kdca/55/227317/artclView.do
227316,2011 엔테로바이러스감염증 표본감시 안내지침,2011.01.27,https://www.kdca.go.kr/bbs/kdca/55/227316/artclView.do
227315,2011 장관감염증 표본감시 안내지침,2011.01.27,https://www.kdca.go.kr/bbs/kdca/55/227315/artclView.do
227314,2011 해외유입기생충감염증 표본감시 안내지침,2011.01.27,https://www.kdca.go.kr/bbs/kdca/55/227314/artclView.do
227313,2011 의료관련감염증 표본감시 안내지침,2011.01.27,https://www.kdca.go.kr/bbs/kdca/55/227313/artclView.do
227312,2011 성매개감염병 표본감시 안내지침,2011.01.27,https://www.kdca.go.kr/bbs/kdca/55/227312/artclView.do
227311,2011 수족구병 표본감시 안내지침,2011.01.27,https://www.kdca.go.kr/bbs/kdca/55/227311/artclView.do
227310,2011 C형간염 표본감시 안내지침,2011.01.27,https://www.kdca.go.kr/bbs/kdca/55/227310/artclView.do
227309,2011 기생충감염증 표본감시 안내지침,2011.01.27,https://www.kdca.go.kr/bbs/kdca/55/227309/artclView.do
227308,2011 법정감염병 진단.신고기준,2011.01.13,https://www.kdca.go.kr/bbs/kdca/55/227308/artclView.do
227307,2010년 주요전염병 매개모기 방제관리지침,2011.01.11,https://www.kdca.go.kr/bbs/kdca/55/227307/artclView.do
227306,2010 조류인플루엔자 인체감염 예방 및 관리지침,2011.01.03,https://www.kdca.go.kr/bbs/kdca/55/227306/artclView.do
227305,'10년 생애전환기 건강진단 문진표 및 결과통보서(서식),2010.12.27,https://www.kdca.go.kr/bbs/kdca/55/227305/artclView.do
227304,2010년 HIV/AIDS 관리지침,2010.12.21,https://www.kdca.go.kr/bbs/kdca/55/227304/artclView.do
227303,2010년 성병관리지침,2010.12.21,https://www.kdca.go.kr/bbs/kdca/55/227303/artclView.do
227302,아토피·천식 안심학교 운영안내서,2010.10.05,https://www.kdca.go.kr/bbs/kdca/55/227302/artclView.do
227301,발열성질환 관리지침(2007),2010.08.24,https://www.kdca.go.kr/bbs/kdca/55/227301/artclView.do
227300,2010 인플루엔자 표본감시 지침 및 신고방법안내,2010.07.28,https://www.kdca.go.kr/bbs/kdca/55/227300/artclView.do
227299,2009 인플루엔자 표본감시 지침 및 신고방법안내,2010.06.15,https://www.kdca.go.kr/bbs/kdca/55/227299/artclView.do
227298,수족구병 표본감시 안내,2010.06.14,https://www.kdca.go.kr/bbs/kdca/55/227298/artclView.do
227297,2010년 에이즈관련 민간단체사업 관리지침,2010.06.14,https://www.kdca.go.kr/bbs/kdca/55/227297/artclView.do
227296,2010년 전염병관리사업 지침,2010.05.28,https://www.kdca.go.kr/bbs/kdca/55/227296/artclView.do
227295,2010년 주요 전염병 매개모기 방제 관리지침,2010.05.26,https://www.kdca.go.kr/bbs/kdca/55/227295/artclView.do
227294,2010년 말라리아 관리지침,2010.04.26,https://www.kdca.go.kr/bbs/kdca/55/227294/artclView.do
227293,바이러스성간염 표본감시 지침,2010.02.19,https://www.kdca.go.kr/bbs/kdca/55/227293/artclView.do
227292,2010년 검역업무지침,2010.02.18,https://www.kdca.go.kr/bbs/kdca/55/227292/artclView.do
227291,2009년 크로이츠펠트-야콥병 관리지침,2010.02.16,https://www.kdca.go.kr/bbs/kdca/55/227291/artclView.do
227290,2010년 질병관리본부 학술 및 전산용역사업 편람,2010.01.19,https://www.kdca.go.kr/bbs/kdca/55/227290/artclView.do
227289,수인성식품매개질환 요약집,2009.12.29,https://www.kdca.go.kr/bbs/kdca/55/227289/artclView.do
227288,2009년 법정전염병진단및신고기준,2009.11.30,https://www.kdca.go.kr/bbs/kdca/55/227288/artclView.do
227287,성병 표본감시 안내(의료기관용),2009.07.10,https://www.kdca.go.kr/bbs/kdca/55/227287/artclView.do
227286,2009년 수인성식품매개질환 역학조사 지침 2차 개정판,2009.06.30,https://www.kdca.go.kr/bbs/kdca/55/227286/artclView.do
227285,주요 전염병 매개 모기 관리 지침,2009.06.26,https://www.kdca.go.kr/bbs/kdca/55/227285/artclView.do
227284,해외여행자를 위한 말라리아 예방지침,2009.04.23,https://www.kdca.go.kr/bbs/kdca/55/227284/artclView.do
227283,2009 보건소 아토피·천식 예방관리 지침,2009.04.17,https://www.kdca.go.kr/bbs/kdca/55/227283/artclView.do
227282,2009년 VRSA/VISA 역학조사 지침,2009.04.14,https://www.kdca.go.kr/bbs/kdca/55/227282/artclView.do
227281,"살충, 살균, 구서를 위한 방역소독 지침",2009.03.31,https://www.kdca.go.kr/bbs/kdca/55/227281/artclView.do
227280,2009년 수인성식품매개질환 역학조사 지침,2009.03.19,https://www.kdca.go.kr/bbs/kdca/55/227280/artclView.do
227279,2009년 말라리아 관리지침,2009.03.11,https://www.kdca.go.kr/bbs/kdca/55/227279/artclView.do
227278,2009 HIV／AIDS 관리지침,2009.03.10,https://www.kdca.go.kr/bbs/kdca/55/227278/artclView.do
227277,2009년 레지오넬라 관리지침,2009.03.09,https://www.kdca.go.kr/bbs/kdca/55/227277/artclView.do
227276,2008 수인성식품매개질환 역학조사 지침,2009.03.09,https://www.kdca.go.kr/bbs/kdca/55/227276/artclView.do
227275,2008 전염병 감시 및 보고 지침,2009.03.04,https://www.kdca.go.kr/bbs/kdca/55/227275/artclView.do
227274,2007 법정전염병 진단신고기준,2009.03.04,https://www.kdca.go.kr/bbs/kdca/55/227274/artclView.do
227273,2009 검역업무지침,2009.03.04,https://www.kdca.go.kr/bbs/kdca/55/227273/artclView.do
227272,질병관리본부 학술및전산용역사업편람(2009.1.19),2009.03.02,https://www.kdca.go.kr/bbs/kdca/55/227272/artclView.do
227271,2009 전염병관리 사업지침,2009.03.02,https://www.kdca.go.kr/bbs/kdca/55/227271/artclView.do
227270,유전자은행 표준운영지침,2009.01.28,https://www.kdca.go.kr/bbs/kdca/55/227270/artclView.do
227269,2009년 성병관리지침,2009.01.22,https://www.kdca.go.kr/bbs/kdca/55/227269/artclView.do
227268,2009년 질병관리본부 학술 및 전산용역편람,2009.01.19,https://www.kdca.go.kr/bbs/kdca/55/227268/artclView.do
227267,기관생명윤리심의위원회 구성 운영 표준지침서,2009.01.16,https://www.kdca.go.kr/bbs/kdca/55/227267/artclView.do
227266,2008년도 검역업무지침,2008.11.12,https://www.kdca.go.kr/bbs/kdca/55/227266/artclView.do
227265,고위험병원체 수송 매뉴얼,2008.11.12,https://www.kdca.go.kr/bbs/kdca/55/227265/artclView.do
227264,2008년도 결핵관리지침,2008.08.28,https://www.kdca.go.kr/bbs/kdca/55/227264/artclView.do
227263,보건소 아토피·천식 예방관리사업 지침,2008.08.21,https://www.kdca.go.kr/bbs/kdca/55/227263/artclView.do
227262,2008년도 HIV/AIDS관리지침,2008.08.19,https://www.kdca.go.kr/bbs/kdca/55/227262/artclView.do
227261,2008년도 성병관리지침,2008.08.19,https://www.kdca.go.kr/bbs/kdca/55/227261/artclView.do
227260,2008년도 한센사업지침,2008.07.16,https://www.kdca.go.kr/bbs/kdca/55/227260/artclView.do
227259,2007년 학술 및 전산용역사업 편람(위탁정산수수료 및 인건비 변동사항 반영),2008.07.01,https://www.kdca.go.kr/bbs/kdca/55/227259/artclView.do
227258,기관생명윤리심의위원회 구성운영 표준지침서,2008.05.15,https://www.kdca.go.kr/bbs/kdca/55/227258/artclView.do
227257,2008전염병관리사업지침,2008.04.23,https://www.kdca.go.kr/bbs/kdca/55/227257/artclView.do
227256,AI인체감염예방관리 지침,2008.04.08,https://www.kdca.go.kr/bbs/kdca/55/227256/artclView.do
227255,고위험병원체 실험실 진단지침 (책자),2008.04.01,https://www.kdca.go.kr/bbs/kdca/55/227255/artclView.do
227254,2008년 크로이츠펠트-야콥병 표본감시 관리지침,2008.03.17,https://www.kdca.go.kr/bbs/kdca/55/227254/artclView.do
227253,질병관리본부 학술연구용역사업 연구비카드제 운영지침,2008.03.06,https://www.kdca.go.kr/bbs/kdca/55/227253/artclView.do
227252,질병관리본부 학술연구용역사업 위탁정산 운영지침,2008.03.06,https://www.kdca.go.kr/bbs/kdca/55/227252/artclView.do
227251,질병관리본부 연구과제관리시스템 운영지침,2008.03.06,https://www.kdca.go.kr/bbs/kdca/55/227251/artclView.do
227250,질병관리본부 연구사업 보안관리지침,2008.03.06,https://www.kdca.go.kr/bbs/kdca/55/227250/artclView.do
227249,"질병관리본부 IRB(기관생명윤리심의위원회)구성,운영 표준지침서",2008.03.06,https://www.kdca.go.kr/bbs/kdca/55/227249/artclView.do
227248,고위험병원체진단지침(조류인플루엔자),2008.03.01,https://www.kdca.go.kr/bbs/kdca/55/227248/artclView.do
227247,수인성 감시 지침,2008.03.01,https://www.kdca.go.kr/bbs/kdca/55/227247/artclView.do
227246,플라비바이러스 실험실 진단 매뉴얼(2008),2008.02.24,https://www.kdca.go.kr/bbs/kdca/55/227246/artclView.do
227245,공수병 실험실 진단법,2008.02.24,https://www.kdca.go.kr/bbs/kdca/55/227245/artclView.do
227244,인수공통전염병 실험실 진단법 2nd,2008.02.24,https://www.kdca.go.kr/bbs/kdca/55/227244/artclView.do
227243,연구시설신고.허가제도및유전자변형생물체....가이드라인(2007.12),2008.02.24,https://www.kdca.go.kr/bbs/kdca/55/227243/artclView.do
227242,고위험병원체 검사 이동 및 폐기 등에관한 안전관리규정,2008.02.24,https://www.kdca.go.kr/bbs/kdca/55/227242/artclView.do
227241,유전자재조합실험지침[보건복지부고시 제2007.39],2008.02.24,https://www.kdca.go.kr/bbs/kdca/55/227241/artclView.do
227240,인체위해성 평가자료의 제출범위(제4조제2항제2호관련),2008.02.24,https://www.kdca.go.kr/bbs/kdca/55/227240/artclView.do
227239,유전자재조합실험지침[보건복지부고시 제2007.39],2008.02.24,https://www.kdca.go.kr/bbs/kdca/55/227239/artclView.do
227238,유전자변형생물체의인체위해성 심사규정[보건복지부 제2006-81호],2008.02.24,https://www.kdca.go.kr/bbs/kdca/55/227238/artclView.do
227237,시험.연구용유전자변형생물체 수입승인제도 가이드라인(2007.12),2008.02.24,https://www.kdca.go.kr/bbs/kdca/55/227237/artclView.do
227236,기관생물안전위원회 구성운영 워크숍(2007.12),2008.02.24,https://www.kdca.go.kr/bbs/kdca/55/227236/artclView.do
227235,LMO 인체위해3및4등급연구시설허가.안전관리,2008.02.24,https://www.kdca.go.kr/bbs/kdca/55/227235/artclView.do
227234,고위험병원체 목록 (32종),2008.02.24,https://www.kdca.go.kr/bbs/kdca/55/227234/artclView.do
227233,고위험병원체보존및안전관리메뉴얼(2007),2008.02.24,https://www.kdca.go.kr/bbs/kdca/55/227233/artclView.do
227232,HIV/AIDS 확진자 과거 헌혈력 조사지침,2008.02.24,https://www.kdca.go.kr/bbs/kdca/55/227232/artclView.do
227231,헌혈 혈액 검체보관 및 이송지침,2008.02.24,https://www.kdca.go.kr/bbs/kdca/55/227231/artclView.do
227230,특정 수혈부작용조사 지침,2008.02.24,https://www.kdca.go.kr/bbs/kdca/55/227230/artclView.do
227229,실험실생물안전지침-2006최종판,2008.02.24,https://www.kdca.go.kr/bbs/kdca/55/227229/artclView.do
227228,영유아 건강검진기관 교육운영지침,2008.02.23,https://www.kdca.go.kr/bbs/kdca/55/227228/artclView.do
227227,심뇌혈관질환 고위험군 등록관리 비용상환FAQ,2008.02.23,https://www.kdca.go.kr/bbs/kdca/55/227227/artclView.do
227226,생애전환기 건강진단사업 지침 1부,2008.02.23,https://www.kdca.go.kr/bbs/kdca/55/227226/artclView.do
227225,심뇌혈관질환 고위험군 등록관리시범사업운영지침(의료기관용),2008.02.23,https://www.kdca.go.kr/bbs/kdca/55/227225/artclView.do
227224,심뇌혈관질환 고위험군 등록관리시범사업운영지침(약국용),2008.02.23,https://www.kdca.go.kr/bbs/kdca/55/227224/artclView.do
227223,심뇌혈관질환 고위험군 등록관리시범사업운영지침(보건소용),2008.02.23,https://www.kdca.go.kr/bbs/kdca/55/227223/artclView.do
227222,2007년도 영유아 건강검진 사업 지침,2008.02.23,https://www.kdca.go.kr/bbs/kdca/55/227222/artclView.do
227221,"브루셀라증 예방,관리 지침",2008.02.21,https://www.kdca.go.kr/bbs/kdca/55/227221/artclView.do
227220,혈액안전감시업무 기본교육 강의자료,2007.12.10,https://www.kdca.go.kr/bbs/kdca/55/227220/artclView.do
227219,2007년 소아 및 청소년 표준 성장도표(해설) 입니다.,2007.11.01,https://www.kdca.go.kr/bbs/kdca/55/227219/artclView.do
227218,2007년도 역학조사 담당자 심화교육,2007.10.08,https://www.kdca.go.kr/bbs/kdca/55/227218/artclView.do
227217,"Annual report of the Korea Influenza Surveillance Scheme, 2006-07 season",2007.09.11,https://www.kdca.go.kr/bbs/kdca/55/227217/artclView.do
227216,2007 전염병감시 및 보고 지침,2007.09.06,https://www.kdca.go.kr/bbs/kdca/55/227216/artclView.do
227215,"브루셀라증 예방,관리 지침",2007.09.05,https://www.kdca.go.kr/bbs/kdca/55/227215/artclView.do
227214,2007년도 전국 역학조사담당자교육 발표자료,2007.07.10,https://www.kdca.go.kr/bbs/kdca/55/227214/artclView.do
227213,전염병사업관리지침,2007.06.21,https://www.kdca.go.kr/bbs/kdca/55/227213/artclView.do
227212,2007 전염병관리사업 지침,2007.06.21,https://www.kdca.go.kr/bbs/kdca/55/227212/artclView.do
227211,국민건강영양조사 배너광고 자료입니다.,2007.06.15,https://www.kdca.go.kr/bbs/kdca/55/227211/artclView.do
227210,2007년도 공수병지침,2007.05.01,https://www.kdca.go.kr/bbs/kdca/55/227210/artclView.do
227209,2007년도 학술및전산용역사업 편람,2007.04.03,https://www.kdca.go.kr/bbs/kdca/55/227209/artclView.do
227208,2007 성병관리지침,2007.03.26,https://www.kdca.go.kr/bbs/kdca/55/227208/artclView.do
227207,한센사업지침,2007.03.20,https://www.kdca.go.kr/bbs/kdca/55/227207/artclView.do
227206,2007 HIV/AIDS 관리지침,2007.03.20,https://www.kdca.go.kr/bbs/kdca/55/227206/artclView.do
227205,2007 결핵관리지침,2007.03.19,https://www.kdca.go.kr/bbs/kdca/55/227205/artclView.do
227204,수인성식품매개역학조사지침,2007.01.31,https://www.kdca.go.kr/bbs/kdca/55/227204/artclView.do
227203,수인성 식품매개 역학조사 지침,2007.01.29,https://www.kdca.go.kr/bbs/kdca/55/227203/artclView.do
227202,전염병병원체 검사 보존 및 관리 규정 전부개정고시(개정공포),2006.12.12,https://www.kdca.go.kr/bbs/kdca/55/227202/artclView.do
227201,비교위험도 및 신뢰구간 계산법 (엑셀활용),2006.12.06,https://www.kdca.go.kr/bbs/kdca/55/227201/artclView.do
227200,2006조류인플루엔자 인체감염 예방 및 관리지침,2006.11.25,https://www.kdca.go.kr/bbs/kdca/55/227200/artclView.do
227199,2006 조류인플루엔자 인체감염 예방 및 관리지침,2006.11.25,https://www.kdca.go.kr/bbs/kdca/55/227199/artclView.do
227198,전염병의진단기준일부개정고시(개정공포),2006.11.21,https://www.kdca.go.kr/bbs/kdca/55/227198/artclView.do
227197,2006 수두관리지침,2006.09.21,https://www.kdca.go.kr/bbs/kdca/55/227197/artclView.do
227196,(1)브루셀라증 실태조사 수행지침 (2)교육자료 (3)참여동의서,2006.07.07,https://www.kdca.go.kr/bbs/kdca/55/227196/artclView.do
227195,예방접종의실시기준및방법일부개정고시,2006.06.27,https://www.kdca.go.kr/bbs/kdca/55/227195/artclView.do
227194,전염병의진단기준일부개정고시,2006.06.27,https://www.kdca.go.kr/bbs/kdca/55/227194/artclView.do
227193,지정전염병등의종류일부개정고시,2006.06.27,https://www.kdca.go.kr/bbs/kdca/55/227193/artclView.do
227192,2006년 한센 사업 지침,2006.06.16,https://www.kdca.go.kr/bbs/kdca/55/227192/artclView.do
227191,2006년 한센관리지침,2006.06.13,https://www.kdca.go.kr/bbs/kdca/55/227191/artclView.do
227190,2006년도 HIV/AIDS관리지침,2006.05.29,https://www.kdca.go.kr/bbs/kdca/55/227190/artclView.do
227189,2006년도 성병관리지침,2006.05.29,https://www.kdca.go.kr/bbs/kdca/55/227189/artclView.do
227188,2006년 크로이츠펠트-야콥병 표본감시 관리지침,2006.05.29,https://www.kdca.go.kr/bbs/kdca/55/227188/artclView.do
227187,2006년도 HIV/AIDS관리지침,2006.05.26,https://www.kdca.go.kr/bbs/kdca/55/227187/artclView.do
227186,2006년도 성병관리지침,2006.05.26,https://www.kdca.go.kr/bbs/kdca/55/227186/artclView.do
227185,2006년도 전염병관리사업지침,2006.05.23,https://www.kdca.go.kr/bbs/kdca/55/227185/artclView.do
227184,2006년 홍역감시관리지침,2006.03.23,https://www.kdca.go.kr/bbs/kdca/55/227184/artclView.do
227183,2006년도 결핵관리지침,2006.03.20,https://www.kdca.go.kr/bbs/kdca/55/227183/artclView.do
227182,2006년 결핵관리지침,2006.03.06,https://www.kdca.go.kr/bbs/kdca/55/227182/artclView.do
227181,2006년도 학술 및 전산용역사업 편람,2006.02.23,https://www.kdca.go.kr/bbs/kdca/55/227181/artclView.do
227180,조류인플루엔자 인체감염 예방 및 관리지침,2005.10.18,https://www.kdca.go.kr/bbs/kdca/55/227180/artclView.do
227179,2005년 HIV/AIDS 관리지침,2005.10.17,https://www.kdca.go.kr/bbs/kdca/55/227179/artclView.do
227178,2005년 비브리오패혈증 관리지침,2005.09.22,https://www.kdca.go.kr/bbs/kdca/55/227178/artclView.do
227177,내부연구사업선정 및 평가지침,2005.05.17,https://www.kdca.go.kr/bbs/kdca/55/227177/artclView.do
227176,디자인 통합 관리지침서,2005.05.17,https://www.kdca.go.kr/bbs/kdca/55/227176/artclView.do
227175,공무원 행동강령,2005.05.07,https://www.kdca.go.kr/bbs/kdca/55/227175/artclView.do
227174,학술 및 전산용역사업편람(2005년도)),2005.05.07,https://www.kdca.go.kr/bbs/kdca/55/227174/artclView.do
227173,학술 및 전산용역사업편람(2004년도),2005.05.07,https://www.kdca.go.kr/bbs/kdca/55/227173/artclView.do
227172,2004년도 학술 및 전산용역사업 편람,2005.05.07,https://www.kdca.go.kr/bbs/kdca/55/227172/artclView.do
227171,2003년도 학술 및 전산용역사업 편람,2005.05.07,https://www.kdca.go.kr/bbs/kdca/55/227171/artclView.do
227170,국외출장연수정보 웹사이트 안내,2005.05.07,https://www.kdca.go.kr/bbs/kdca/55/227170/artclView.do
227169,과기부카드제지침개정입니다.,2005.05.07,https://www.kdca.go.kr/bbs/kdca/55/227169/artclView.do
227168,[훈령]보건복지정보화추진규정중개정,2005.05.07,https://www.kdca.go.kr/bbs/kdca/55/227168/artclView.do
227167,법정전염 병 실험실 진단지침,2005.05.07,https://www.kdca.go.kr/bbs/kdca/55/227167/artclView.do
227166,기술훈련생위탁수련에관한규정,2005.05.07,https://www.kdca.go.kr/bbs/kdca/55/227166/artclView.do
227165,2005년 한센사업지침,2005.04.28,https://www.kdca.go.kr/bbs/kdca/55/227165/artclView.do
227164,2005년 성병관리지침,2005.04.15,https://www.kdca.go.kr/bbs/kdca/55/227164/artclView.do
227163,2005년 전염병관리사업지침,2005.04.15,https://www.kdca.go.kr/bbs/kdca/55/227163/artclView.do
227162,2005년 전염병보고 및 정보관리지침,2005.04.12,https://www.kdca.go.kr/bbs/kdca/55/227162/artclView.do
227161,2005년 결핵관리지침,2005.04.04,https://www.kdca.go.kr/bbs/kdca/55/227161/artclView.do
227160,2005년 크로이츠펠트-야콥병 표본감시 관리지침,2005.03.04,https://www.kdca.go.kr/bbs/kdca/55/227160/artclView.do
227159,2004년 인플루엔자 관리지침,2004.09.16,https://www.kdca.go.kr/bbs/kdca/55/227159/artclView.do
227158,2004 결핵관리지침,2004.07.01,https://www.kdca.go.kr/bbs/kdca/55/227158/artclView.do
227157,2004년 전염병관리사업지침,2004.06.14,https://www.kdca.go.kr/bbs/kdca/55/227157/artclView.do
227156,2004년 성병관리지침,2004.04.14,https://www.kdca.go.kr/bbs/kdca/55/227156/artclView.do
227155,2004년 HIV/AIDS 관리지침,2004.04.14,https://www.kdca.go.kr/bbs/kdca/55/227155/artclView.do
227154,브루셀라 관리지침 및 교육자료,2003.11.14,https://www.kdca.go.kr/bbs/kdca/55/227154/artclView.do
227153,2003-2004절기 사스 총괄지침_보건기관용,2003.10.14,https://www.kdca.go.kr/bbs/kdca/55/227153/artclView.do
227152,인플루엔자 표본감시 운영지침_2003,2003.09.26,https://www.kdca.go.kr/bbs/kdca/55/227152/artclView.do
227151,2003-2004 인플루엔자 관리지침,2003.08.27,https://www.kdca.go.kr/bbs/kdca/55/227151/artclView.do
227150,웨스트나일바이러스감염증관리지침,2003.08.06,https://www.kdca.go.kr/bbs/kdca/55/227150/artclView.do
227149,2003 성병관리지침,2003.03.24,https://www.kdca.go.kr/bbs/kdca/55/227149/artclView.do
227148,2003년 HIV/AIDS 관리지침,2003.03.24,https://www.kdca.go.kr/bbs/kdca/55/227148/artclView.do
227147,급성호흡기증후군 관리지침,2003.03.17,https://www.kdca.go.kr/bbs/kdca/55/227147/artclView.do
227146,2003년도 결핵관리지침,2003.03.05,https://www.kdca.go.kr/bbs/kdca/55/227146/artclView.do
227145,2003 홍역 예방.관리(지침)자료,2003.02.22,https://www.kdca.go.kr/bbs/kdca/55/227145/artclView.do
227144,2003 전염병관리지침,2003.02.21,https://www.kdca.go.kr/bbs/kdca/55/227144/artclView.do
227143,수막구균성수막염 관리지침,2003.01.23,https://www.kdca.go.kr/bbs/kdca/55/227143/artclView.do
227142,2002콜레라관리지침,2002.08.28,https://www.kdca.go.kr/bbs/kdca/55/227142/artclView.do
227141,법정전염병 신고를 위한 진단기준,2002.07.02,https://www.kdca.go.kr/bbs/kdca/55/227141/artclView.do
227140,전염병보고 및 관리지침(전염병예방법 개정에 따른),2002.06.12,https://www.kdca.go.kr/bbs/kdca/55/227140/artclView.do
227139,전염병 역학조사 지침,2002.06.10,https://www.kdca.go.kr/bbs/kdca/55/227139/artclView.do
227138,표준예방접종 지침,2002.05.02,https://www.kdca.go.kr/bbs/kdca/55/227138/artclView.do
227137,한센병 관리지침,2002.04.23,https://www.kdca.go.kr/bbs/kdca/55/227137/artclView.do
227136,성병관리지침,2002.04.23,https://www.kdca.go.kr/bbs/kdca/55/227136/artclView.do
227135,에이즈(HIV/AIDS) 관리지침,2002.03.13,https://www.kdca.go.kr/bbs/kdca/55/227135/artclView.do
227134,결핵관리사업지침,2002.03.05,https://www.kdca.go.kr/bbs/kdca/55/227134/artclView.do
