제목,등록일,연도,출처,최신판,판수,URL,URL2,계열키
2026년 제1급감염병(바이러스성출혈열) 대응지침(2026.8월),2026.08.28,2026,KDCA게시판+감염병포털,Y,4,https://www.kdca.go.kr/bbs/kdca/55/312398/artclView.do,https://www.kdca.go.kr/bbs/kdca/55/309846/artclView.do,제1급감염병대응지침
2026년 코로나바이러스감염증-19 관리지침,2026.08.27,2026,KDCA게시판,Y,3,https://www.kdca.go.kr/bbs/kdca/55/312381/artclView.do,,코로나바이러스감염증19관리지침
감염병 위기 사회대응 매뉴얼(2026),2026.08.18,2026,KDCA게시판,Y,1,https://www.kdca.go.kr/bbs/kdca/55/312241/artclView.do,,감염병위기사회대응매뉴얼
의료관련감염 자율보고 운영안내(제3판),2026.07.24,2026,KDCA게시판,Y,1,https://www.kdca.go.kr/bbs/kdca/55/311933/artclView.do,,의료관련감염자율보고운영
법정감염병 진단검사 통합지침(제5판),2026.07.23,2026,KDCA게시판+감염병포털,Y,7,https://www.kdca.go.kr/bbs/kdca/55/311901/artclView.do,https://dportal.kdca.go.kr/pot/bbs/BD_selectBbs.do?q_bbsSn=1001&q_bbsDocNo=20260723171016500&q_clsfNo=-1,법정감염병진단검사통합지침
2026 검역감염병 대응지침,2026.07.23,2026,KDCA게시판,Y,1,https://www.kdca.go.kr/bbs/kdca/55/311900/artclView.do,,2026검역감염병대응지침
「항생제 적정사용 관리(ASP) 시범사업」 FAQ 개정 안내(2026.6.30. 기준),2026.06.30,2026,KDCA게시판,Y,2,https://www.kdca.go.kr/bbs/kdca/55/311621/artclView.do,,항생제적정사용관리시범사업FAQ
코로나19예방접종 피해보상 특별법 업무지침(2판),2026.06.02,2026,KDCA게시판,Y,2,https://www.kdca.go.kr/bbs/kdca/55/311300/artclView.do,,코로나19예방접종피해보상특별법업무지침
2026년도 엔테로바이러스감염증·수족구병 관리지침 재안내,2026.06.01,2026,KDCA게시판,Y,8,https://www.kdca.go.kr/bbs/kdca/55/311285/artclView.do,https://www.kdca.go.kr/bbs/kdca/55/309990/artclView.do,엔테로바이러스감염증수족구병관리지침
2026년 수인성·식품매개감염병 관리지침 재안내,2026.06.01,2026,KDCA게시판,Y,9,https://www.kdca.go.kr/bbs/kdca/55/311284/artclView.do,https://www.kdca.go.kr/bbs/kdca/55/309571/artclView.do,수인성식품매개감염병관리지침
엠폭스 관리지침(제3-1판),2026.06.01,2026,KDCA게시판+감염병포털,Y,3,https://www.kdca.go.kr/bbs/kdca/55/311278/artclView.do,https://dportal.kdca.go.kr/pot/bbs/BD_selectBbs.do?q_bbsSn=1001&q_bbsDocNo=20260601083147987&q_clsfNo=-1,엠폭스관리지침
2026년 한타바이러스 심폐증후군(안데스바이러스 감염) 대응지침 제정 안내,2026.05.29,2026,KDCA게시판,Y,1,https://www.kdca.go.kr/bbs/kdca/55/311258/artclView.do,,한타바이러스심폐증후군대응지침
2026년 감염병 관리 사업 안내 지침,2026.05.28,2026,KDCA게시판,Y,11,https://www.kdca.go.kr/bbs/kdca/55/311242/artclView.do,,감염병관리사업지침
2026년 아토피·천식 안심학교 운영안내서(초등학교용),2026.05.26,2026,KDCA게시판,Y,7,https://www.kdca.go.kr/bbs/kdca/55/311214/artclView.do,,아토피천식안심학교운영서
2026년 CRE 감염증 감소전략 운영 사업 지침,2026.05.20,2026,KDCA게시판,Y,2,https://www.kdca.go.kr/bbs/kdca/55/311153/artclView.do,,CRE감염증감소전략운영사업지침
2026년 법정감염병 진단·신고기준 지침,2026.05.14,2026,KDCA게시판,Y,3,https://www.kdca.go.kr/bbs/kdca/55/311073/artclView.do,,법정감염병진단신고기준지침
2026년도 예방접종 대상 감염병 관리 지침,2026.05.11,2026,KDCA게시판,Y,8,https://www.kdca.go.kr/bbs/kdca/55/311032/artclView.do,,예방접종대상감염병관리지침
홍역 대응 지침(2026.5.),2026.05.11,2026,KDCA게시판,Y,2,https://www.kdca.go.kr/bbs/kdca/55/311031/artclView.do,,홍역대응지침
2026년 다빈도 감염증 5종 항생제 적정사용을 위한 실무지침,2026.04.29,2026,KDCA게시판,Y,1,https://www.kdca.go.kr/bbs/kdca/55/310916/artclView.do,,다빈도감염증5종항생제적정사용을위한실무지침
2026년 국가지정 입원치료병상 운영과 관리 지침,2026.04.03,2026,KDCA게시판,Y,5,https://www.kdca.go.kr/bbs/kdca/55/310657/artclView.do,,국가지정입원치료병상운영과관리지침
2026 검역업무지침,2026.04.02,2026,KDCA게시판,Y,1,https://www.kdca.go.kr/bbs/kdca/55/310651/artclView.do,,2026검역업무지침
2026년도 호흡기감염병 관리지침(일부개정판),2026.03.30,2026,KDCA게시판+감염병포털,Y,7,https://www.kdca.go.kr/bbs/kdca/55/310611/artclView.do,https://www.kdca.go.kr/bbs/kdca/55/309937/artclView.do,호흡기감염병관리지침
말라리아 진료가이드(제3판),2026.03.30,2026,KDCA게시판,Y,3,https://www.kdca.go.kr/bbs/kdca/55/310605/artclView.do,,말라리아진료가이드
2026년 예방접종 후 이상반응 관리지침,2026.03.26,2026,KDCA게시판,Y,3,https://www.kdca.go.kr/bbs/kdca/55/310557/artclView.do,,예방접종후이상반응관리지침
2026년도 크로이츠펠트-야콥병 관리지침,2026.03.23,2026,KDCA게시판,Y,11,https://www.kdca.go.kr/bbs/kdca/55/310524/artclView.do,,크로이츠펠트야콥병관리지침
2026년도 기생충감염병 관리지침,2026.03.23,2026,KDCA게시판,Y,8,https://www.kdca.go.kr/bbs/kdca/55/310522/artclView.do,,기생충감염병관리지침
"2026년도 인수공통감염병(브루셀라증, 공수병, 큐열, 유비저) 관리지침",2026.03.23,2026,KDCA게시판,Y,9,https://www.kdca.go.kr/bbs/kdca/55/310521/artclView.do,,인수공통감염병관리지침
2026년도 칸디다 오리스 관리지침,2026.03.19,2026,KDCA게시판,Y,1,https://www.kdca.go.kr/bbs/kdca/55/310488/artclView.do,,칸디다오리스관리지침
의료감염관리 지침·안내서 가이드맵 안내,2026.03.17,2026,KDCA게시판,Y,1,https://www.kdca.go.kr/bbs/kdca/55/310475/artclView.do,,의료감염관리지침서가이드맵
2026년 의료관련감염병 지역 의료기관 네트워크 운영 사업 지침,2026.03.13,2026,KDCA게시판,Y,2,https://www.kdca.go.kr/bbs/kdca/55/310439/artclView.do,,의료관련감염병지역의료기관네트워크운영사업지침
2026년도 바이러스성 모기매개감염병 관리지침,2026.03.12,2026,KDCA게시판,Y,11,https://www.kdca.go.kr/bbs/kdca/55/310434/artclView.do,,바이러스성모기매개감염병관리지침
2026년도 말라리아 관리지침,2026.03.12,2026,KDCA게시판,Y,24,https://www.kdca.go.kr/bbs/kdca/55/310433/artclView.do,,말라리아관리지침
2026년도 진드기·설치류매개감염병 관리지침,2026.03.06,2026,KDCA게시판,Y,7,https://www.kdca.go.kr/bbs/kdca/55/310390/artclView.do,,진드기설치류매개감염병관리지침
2026년 의료관련감염병 표본감시 운영 및 예산집행 안내,2026.03.06,2026,KDCA게시판,Y,2,https://www.kdca.go.kr/bbs/kdca/55/310382/artclView.do,,의료관련감염병표본감시운영예산집행
2026년 성매개감염병 관리지침,2026.03.03,2026,KDCA게시판+감염병포털,Y,12,https://www.kdca.go.kr/bbs/kdca/55/310321/artclView.do,https://dportal.kdca.go.kr/pot/bbs/BD_selectBbs.do?q_bbsSn=1001&q_bbsDocNo=20260303173721749&q_clsfNo=-1,성매개감염병관리지침
2026년도 한센병사업관리지침,2026.02.24,2026,KDCA게시판+감염병포털,Y,8,https://www.kdca.go.kr/bbs/kdca/55/310222/artclView.do,https://dportal.kdca.go.kr/pot/bbs/BD_selectBbs.do?q_bbsSn=1001&q_bbsDocNo=20260224093345460&q_clsfNo=-1,한센병사업관리지침
소독업 관련 질의응답집(2026.1월),2026.02.09,2026,KDCA게시판,Y,1,https://www.kdca.go.kr/bbs/kdca/55/310062/artclView.do,,소독업관련질의응답집
2026년 HIV/AIDS 관리지침,2026.02.02,2026,KDCA게시판+감염병포털,Y,14,https://www.kdca.go.kr/bbs/kdca/55/309970/artclView.do,https://dportal.kdca.go.kr/pot/bbs/BD_selectBbs.do?q_bbsSn=1001&q_bbsDocNo=20260202102903689&q_clsfNo=-1,HIV/AIDS관리지침
2026년도 의료관련감염병 관리지침,2026.02.02,2026,KDCA게시판,Y,10,https://www.kdca.go.kr/bbs/kdca/55/309968/artclView.do,,의료관련감염병관리지침
2026년도 레지오넬라증 관리지침,2026.01.30,2026,KDCA게시판,Y,8,https://www.kdca.go.kr/bbs/kdca/55/309941/artclView.do,,레지오넬라증관리지침
2026년 제1급감염병(중동호흡기증후군(MERS)·중증급성호흡기증후군(SARS)) 대응지침,2026.01.22,2026,KDCA게시판,Y,1,https://www.kdca.go.kr/bbs/kdca/55/309847/artclView.do,,제1급감염병중증급성호흡기증후군)대응지침
요양병원 감염관리 toolkit,2026.01.22,2026,KDCA게시판,Y,2,https://www.kdca.go.kr/bbs/kdca/55/309845/artclView.do,,요양병원감염관리toolkit
2026년 주요감염병 표본감시사업 안내,2026.01.19,2026,KDCA게시판,Y,1,https://www.kdca.go.kr/bbs/kdca/55/309785/artclView.do,,주요감염병표본감시사업
2026년 지역사회 통합건강증진사업 안내(아토피·천식 예방관리),2026.01.13,2026,KDCA게시판,Y,11,https://www.kdca.go.kr/bbs/kdca/55/309706/artclView.do,https://www.kdca.go.kr/bbs/kdca/55/309605/artclView.do,지역사회통합건강증진사업
(7.27.수정)2026년 국가예방접종 지침,2026.01.09,2026,KDCA게시판,Y,1,https://www.kdca.go.kr/bbs/kdca/55/309683/artclView.do,,국가예방접종지침
2026 국가결핵관리지침,2026.01.05,2026,KDCA게시판+감염병포털,Y,1,https://www.kdca.go.kr/bbs/kdca/55/309608/artclView.do,https://dportal.kdca.go.kr/pot/bbs/BD_selectBbs.do?q_bbsSn=1001&q_bbsDocNo=20260105170034695&q_clsfNo=-1,2026국가결핵관리지침
2026년 고혈압·당뇨병 등록관리사업 표준실무지침,2026.01.05,2026,KDCA게시판,Y,12,https://www.kdca.go.kr/bbs/kdca/55/309604/artclView.do,,고혈압당뇨병등록관리사업표준실무지침
2026년 시도 심뇌혈관질환 예방관리사업 안내,2026.01.05,2026,KDCA게시판,Y,11,https://www.kdca.go.kr/bbs/kdca/55/309603/artclView.do,,시도심뇌혈관질환예방관리사업
2026년도 바이러스 간염 관리지침(A형·B형·C형·E형),2026.01.05,2026,KDCA게시판,Y,4,https://www.kdca.go.kr/bbs/kdca/55/309601/artclView.do,,바이러스간염관리지침
소아청소년 마이코플라스마 폐렴균 감염증 진료지침 2026,2025.12.18,2026,KDCA게시판,Y,1,https://www.kdca.go.kr/bbs/kdca/55/309367/artclView.do,,소아청소년마이코플라스마폐렴균감염증진료지침2026
2025년도 감염병 역학조사 연보,2026.07.08,2025,KDCA게시판,Y,7,https://www.kdca.go.kr/bbs/kdca/55/311716/artclView.do,,감염병역학조사연보
2025년 CRE 감염증 감소전략 운영 사업 지침,2026.02.12,2025,KDCA게시판,,2,https://www.kdca.go.kr/bbs/kdca/55/310098/artclView.do,,CRE감염증감소전략운영사업지침
만성 코로나19증후군 임상진료지침 권고안(2025),2026.02.10,2025,감염병포털,Y,1,https://dportal.kdca.go.kr/pot/bbs/BD_selectBbs.do?q_bbsSn=1001&q_bbsDocNo=20260210094545190&q_clsfNo=-1,,만성코로나19증후군임상진료지침권고안
치과감염관리 표준정책 매뉴얼,2025.12.31,2025,KDCA게시판,Y,1,https://www.kdca.go.kr/bbs/kdca/55/309537/artclView.do,,치과감염관리표준정책매뉴얼
중증열성혈소판감소증후군(SFTS) 공동 역학조사 매뉴얼,2025.12.31,2025,KDCA게시판,Y,1,https://www.kdca.go.kr/bbs/kdca/55/309533/artclView.do,,중증열성혈소판감소증후군공동역학조사매뉴얼
제4-1판 의료관련감염 집단발생 대응 안내,2025.12.29,2025,KDCA게시판,Y,1,https://www.kdca.go.kr/bbs/kdca/55/309484/artclView.do,,제41판의료관련감염집단발생대응
병원기반 인간 마이크로바이옴 연구개발 사업 운영 가이드라인 개정판(2025년),2025.12.26,2025,KDCA게시판,Y,2,https://www.kdca.go.kr/bbs/kdca/55/309469/artclView.do,,병원기반인간마이크로바이옴연구개발사업운영가이드라인
엠폭스 관리지침(제3판),2025.12.18,2025,KDCA게시판+감염병포털,,3,https://www.kdca.go.kr/bbs/kdca/55/309371/artclView.do,https://dportal.kdca.go.kr/pot/bbs/BD_selectBbs.do?q_bbsSn=1001&q_bbsDocNo=20251218131542258&q_clsfNo=-1,엠폭스관리지침
의원급 의료기관 인플루엔자 의사환자 감시 가이드라인(의료기관용),2025.12.10,2025,KDCA게시판,Y,1,https://www.kdca.go.kr/bbs/kdca/55/228322/artclView.do,,의원급의료기관인플루엔자의사환자감시가이드라인
법정감염병 진단검사 통합지침(제4-2판),2025.12.05,2025,KDCA게시판+감염병포털,,7,https://www.kdca.go.kr/bbs/kdca/55/228321/artclView.do,https://dportal.kdca.go.kr/pot/bbs/BD_selectBbs.do?q_bbsSn=1001&q_bbsDocNo=20251208110516818&q_clsfNo=-1,법정감염병진단검사통합지침
「코로나바이러스감염증-19 재택치료 안내서」,2025.12.03,2025,KDCA게시판,Y,3,https://www.kdca.go.kr/bbs/kdca/55/228320/artclView.do,,코로나바이러스감염증19재택치료서
크로이츠펠트-야콥병(CJ) 안내서,2025.12.02,2025,KDCA게시판,Y,4,https://www.kdca.go.kr/bbs/kdca/55/228319/artclView.do,,크로이츠펠트야콥병서
2025년 법정감염병 진단·신고기준 지침,2025.11.10,2025,KDCA게시판,,3,https://www.kdca.go.kr/bbs/kdca/55/228318/artclView.do,,법정감염병진단신고기준지침
2025년 백신 보관 및 관리 가이드라인(접종기관용) 개정,2025.11.04,2025,KDCA게시판,Y,2,https://www.kdca.go.kr/bbs/kdca/55/228316/artclView.do,,백신보관관리가이드라인
제4판 의료관련감염 집단발생 대응 안내,2025.11.04,2025,KDCA게시판,Y,4,https://www.kdca.go.kr/bbs/kdca/55/228315/artclView.do,,의료관련감염집단발생대응
기후재난 보건응급조사 매뉴얼,2025.11.03,2025,KDCA게시판,Y,1,https://www.kdca.go.kr/bbs/kdca/55/228314/artclView.do,,기후재난보건응급조사매뉴얼
코로나바이러스감염증-19 치료제 사용 안내서(제13-2판) 개정 안내,2025.10.28,2025,KDCA게시판,Y,3,https://www.kdca.go.kr/bbs/kdca/55/228313/artclView.do,,코로나바이러스감염증19치료제사용서
코로나19 예방접종 피해보상 특별법 업무지침,2025.10.23,2025,KDCA게시판,,2,https://www.kdca.go.kr/bbs/kdca/55/228312/artclView.do,,코로나19예방접종피해보상특별법업무지침
2025 시설별 인플루엔자 관리지침(사업장용),2025.10.21,2025,KDCA게시판,Y,1,https://www.kdca.go.kr/bbs/kdca/55/228311/artclView.do,https://www.kdca.go.kr/bbs/kdca/55/228310/artclView.do,2025시설별인플루엔자관리지침
2025-2026 절기 인플루엔자 관리지침,2025.09.26,2025,KDCA게시판,Y,1,https://www.kdca.go.kr/bbs/kdca/55/228308/artclView.do,,20252026절기인플루엔자관리지침
의원 종사자의 감염관리 실천 안내서,2025.09.12,2025,KDCA게시판,Y,1,https://www.kdca.go.kr/bbs/kdca/55/228306/artclView.do,,의원종사자의감염관리실천서
제1급감염병 니파바이러스감염증 대응 지침(제1판),2025.09.08,2025,KDCA게시판+감염병포털,Y,1,https://www.kdca.go.kr/bbs/kdca/55/228305/artclView.do,https://dportal.kdca.go.kr/pot/bbs/BD_selectBbs.do?q_bbsSn=1001&q_bbsDocNo=20250908095956243&q_clsfNo=-1,제1급감염병니파바이러스감염증대응지침
2025년 코로나바이러스감염증-19 관리지침,2025.08.29,2025,KDCA게시판+감염병포털,,3,https://www.kdca.go.kr/bbs/kdca/55/228304/artclView.do,https://dportal.kdca.go.kr/pot/bbs/BD_selectBbs.do?q_bbsSn=1001&q_bbsDocNo=20250901094907451&q_clsfNo=-1,코로나바이러스감염증19관리지침
검역감염병 대응 지침,2025.07.17,2025,KDCA게시판,Y,1,https://www.kdca.go.kr/bbs/kdca/55/228303/artclView.do,,검역감염병대응지침
2025 HIV/AIDS 관리지침(개정),2025.07.14,2025,KDCA게시판,Y,1,https://www.kdca.go.kr/bbs/kdca/55/228302/artclView.do,,2025HIV/AIDS관리지침
일차 의료기관용 바이러스 간염(B형·C형) 진료 지침,2025.07.11,2025,KDCA게시판,Y,1,https://www.kdca.go.kr/bbs/kdca/55/228301/artclView.do,,일차의료기관용바이러스간염진료지침
2025년 의료관련감염병 표본감시 운영 및 예산집행 안내,2025.07.03,2025,KDCA게시판,,2,https://www.kdca.go.kr/bbs/kdca/55/228300/artclView.do,,의료관련감염병표본감시운영예산집행
2025년도 감염병 관리 사업 안내,2025.06.30,2025,KDCA게시판,Y,5,https://www.kdca.go.kr/bbs/kdca/55/228299/artclView.do,,감염병관리사업
2025년도 크로이츠펠트-야콥병 관리지침,2025.06.04,2025,KDCA게시판,,11,https://www.kdca.go.kr/bbs/kdca/55/228298/artclView.do,,크로이츠펠트야콥병관리지침
한의의료기관 감염관리 표준 매뉴얼,2025.05.30,2025,KDCA게시판,Y,1,https://www.kdca.go.kr/bbs/kdca/55/228297/artclView.do,,한의의료기관감염관리표준매뉴얼
감염병 국가표준실험실 인정요건 및 표준운영지침(국·영문판),2025.05.27,2025,KDCA게시판,Y,1,https://www.kdca.go.kr/bbs/kdca/55/228296/artclView.do,,감염병국가표준실험실인정요건표준운영지침
2025년 예방접종대상감염병 관리지침,2025.05.20,2025,KDCA게시판+감염병포털,,8,https://www.kdca.go.kr/bbs/kdca/55/228295/artclView.do,https://dportal.kdca.go.kr/pot/bbs/BD_selectBbs.do?q_bbsSn=1001&q_bbsDocNo=20250523095735415&q_clsfNo=-1,예방접종대상감염병관리지침
2025년 국가지정 입원치료병상 운영과 관리 지침,2025.05.16,2025,KDCA게시판,,5,https://www.kdca.go.kr/bbs/kdca/55/228294/artclView.do,,국가지정입원치료병상운영과관리지침
2025 검역업무지침,2025.05.07,2025,KDCA게시판,Y,1,https://www.kdca.go.kr/bbs/kdca/55/228293/artclView.do,,2025검역업무지침
2025년 레지오넬라증 관리지침,2025.04.23,2025,KDCA게시판+감염병포털,,8,https://www.kdca.go.kr/bbs/kdca/55/228292/artclView.do,https://dportal.kdca.go.kr/pot/bbs/BD_selectBbs.do?q_bbsSn=1001&q_bbsDocNo=20250423131851611&q_clsfNo=-1,레지오넬라증관리지침
2025년 호흡기감염병 관리지침,2025.04.23,2025,KDCA게시판+감염병포털,,7,https://www.kdca.go.kr/bbs/kdca/55/228291/artclView.do,https://dportal.kdca.go.kr/pot/bbs/BD_selectBbs.do?q_bbsSn=1001&q_bbsDocNo=20250423131734260&q_clsfNo=-1,호흡기감염병관리지침
2025년 아토피·천식 안심학교 운영안내서(초등학교용),2025.04.16,2025,KDCA게시판,,7,https://www.kdca.go.kr/bbs/kdca/55/228290/artclView.do,,아토피천식안심학교운영서
2025년 매독 신고 안내서,2025.03.31,2025,KDCA게시판,Y,2,https://www.kdca.go.kr/bbs/kdca/55/228289/artclView.do,,매독신고서
2025년도 한센병사업 관리지침,2025.03.27,2025,KDCA게시판+감염병포털,,8,https://www.kdca.go.kr/bbs/kdca/55/228288/artclView.do,https://dportal.kdca.go.kr/pot/bbs/BD_selectBbs.do?q_bbsSn=1001&q_bbsDocNo=20250327084011146&q_clsfNo=-1,한센병사업관리지침
요양병원 감염병 진단 및 항생제 사용 지침,2025.03.26,2025,KDCA게시판,Y,1,https://www.kdca.go.kr/bbs/kdca/55/228287/artclView.do,,요양병원감염병진단항생제사용지침
「항생제 적정사용 관리(ASP) 시범사업」 FAQ 개정 안내 (2025. 3. 24. 기준)(오류 정정 파일재첨부),2025.03.25,2025,KDCA게시판,,2,https://www.kdca.go.kr/bbs/kdca/55/228286/artclView.do,,항생제적정사용관리시범사업FAQ
2025년도 진드기.설치류매개감염병 관리지침,2025.03.25,2025,KDCA게시판,,7,https://www.kdca.go.kr/bbs/kdca/55/228285/artclView.do,,진드기설치류매개감염병관리지침
2025년도 기생충감염병 관리지침,2025.03.24,2025,KDCA게시판,,8,https://www.kdca.go.kr/bbs/kdca/55/228284/artclView.do,,기생충감염병관리지침
2025년도 인수공통감염병 관리지침,2025.03.24,2025,KDCA게시판,,9,https://www.kdca.go.kr/bbs/kdca/55/228283/artclView.do,,인수공통감염병관리지침
2025년도 바이러스성 모기매개감염병 관리지침,2025.03.21,2025,KDCA게시판,,11,https://www.kdca.go.kr/bbs/kdca/55/228282/artclView.do,,바이러스성모기매개감염병관리지침
원인미상 비감염 집단발병 역학조사 가이드라인(2025),2025.03.21,2025,KDCA게시판,Y,1,https://www.kdca.go.kr/bbs/kdca/55/228281/artclView.do,,원인미상비감염집단발병역학조사가이드라인
2025년도 말라리아 관리지침,2025.03.19,2025,KDCA게시판,,24,https://www.kdca.go.kr/bbs/kdca/55/228280/artclView.do,,말라리아관리지침
2025년 지역사회 통합건강증진사업 안내(아토피·천식 예방관리),2025.03.18,2025,KDCA게시판,,11,https://www.kdca.go.kr/bbs/kdca/55/228279/artclView.do,https://www.kdca.go.kr/bbs/kdca/55/228258/artclView.do,지역사회통합건강증진사업
2025년 의료관련감염병 지역 의료기관 네트워크 운영 사업 지침,2025.03.12,2025,KDCA게시판,,2,https://www.kdca.go.kr/bbs/kdca/55/228278/artclView.do,,의료관련감염병지역의료기관네트워크운영사업지침
「다제내성결핵 치료 신약 사전심사 세부기준」,2025.03.04,2025,KDCA게시판,Y,1,https://www.kdca.go.kr/bbs/kdca/55/228277/artclView.do,,다제내성결핵치료신약사전심사세부기준
군중행사 감염병 위험평가 매뉴얼,2025.02.28,2025,KDCA게시판,Y,1,https://www.kdca.go.kr/bbs/kdca/55/228276/artclView.do,,군중행사감염병위험평가매뉴얼
2025년 엔테로바이러스감염증 수족구병 관리지침,2025.02.27,2025,KDCA게시판,,8,https://www.kdca.go.kr/bbs/kdca/55/228275/artclView.do,,엔테로바이러스감염증수족구병관리지침
2025년 수인성 및 식품매개감염병 관리지침,2025.02.27,2025,KDCA게시판,,9,https://www.kdca.go.kr/bbs/kdca/55/228274/artclView.do,,수인성식품매개감염병관리지침
2025년도 바이러스 간염 관리지침 (A형·B형·C형·E형),2025.02.18,2025,KDCA게시판,,4,https://www.kdca.go.kr/bbs/kdca/55/228273/artclView.do,,바이러스간염관리지침
소아청소년 마크로라이드 불응성 마이코플라스마 폐렴 2차 항생제 안전 사용 가이드,2025.02.06,2025,KDCA게시판,Y,1,https://www.kdca.go.kr/bbs/kdca/55/228272/artclView.do,,소아청소년마크로라이드불응성마이코플라스마폐렴2차항생제안전사용가이드
2025년 성매개감염병 관리지침,2025.02.05,2025,KDCA게시판+감염병포털,,12,https://www.kdca.go.kr/bbs/kdca/55/228270/artclView.do,https://dportal.kdca.go.kr/pot/bbs/BD_selectBbs.do?q_bbsSn=1001&q_bbsDocNo=20250205155317271&q_clsfNo=-1,성매개감염병관리지침
2025년 HIV/AIDS 관리지침,2025.02.05,2025,KDCA게시판+감염병포털,,14,https://www.kdca.go.kr/bbs/kdca/55/228269/artclView.do,https://dportal.kdca.go.kr/pot/bbs/BD_selectBbs.do?q_bbsSn=1001&q_bbsDocNo=20250715090240017&q_clsfNo=-1,HIV/AIDS관리지침
「2025 국제공인예방접종지정기관 운영가이드 개정판」,2025.02.04,2025,KDCA게시판,Y,1,https://www.kdca.go.kr/bbs/kdca/55/228268/artclView.do,,2025국제공인예방접종지정기관운영가이드
국가건강검진 검진의사 상담매뉴얼(정신건강검사 및 상담),2025.01.15,2025,KDCA게시판,Y,2,https://www.kdca.go.kr/bbs/kdca/55/228266/artclView.do,,국가건강검진검진의사상담매뉴얼
2025년 제1급감염병(중동호흡기증후군(MERS)·중동급성호흡기증후군(SARS)) 대응지침,2025.01.02,2025,KDCA게시판,Y,1,https://www.kdca.go.kr/bbs/kdca/55/228264/artclView.do,,제1급감염병중동급성호흡기증후군)대응지침
2025년 제1급감염병(두창·페스트·탄저·보툴리눔독소증·야토병) 대응지침,2025.01.02,2025,KDCA게시판,,4,https://www.kdca.go.kr/bbs/kdca/55/228263/artclView.do,https://www.kdca.go.kr/bbs/kdca/55/228262/artclView.do,제1급감염병대응지침
2025년도 의료관련감염병 관리치침,2025.01.02,2025,KDCA게시판,Y,1,https://www.kdca.go.kr/bbs/kdca/55/228260/artclView.do,,의료관련감염병관리치침
원인불명 질병 집단감염 대응지침(제3판),2025.01.02,2025,감염병포털,Y,4,https://dportal.kdca.go.kr/pot/bbs/BD_selectBbs.do?q_bbsSn=1001&q_bbsDocNo=20250102164359901&q_clsfNo=-1,,원인불명질병집단감염대응지침
2025년 제1급감염병 대응지침 4종 개정본,2025.01.02,2025,감염병포털,Y,1,https://dportal.kdca.go.kr/pot/bbs/BD_selectBbs.do?q_bbsSn=1001&q_bbsDocNo=20250102163041973&q_clsfNo=-1,,제1급감염병대응지침4종본
2025 국가결핵관리지침(시스템 이용 설명서 2종),2024.12.31,2025,KDCA게시판,Y,1,https://www.kdca.go.kr/bbs/kdca/55/228259/artclView.do,,2025국가결핵관리지침
2025년 고혈압·당뇨병 등록관리사업 표준실무지침,2024.12.31,2025,KDCA게시판,,12,https://www.kdca.go.kr/bbs/kdca/55/228257/artclView.do,,고혈압당뇨병등록관리사업표준실무지침
2025년 시도 심뇌혈관질환 예방관리사업 안내,2024.12.31,2025,KDCA게시판,,11,https://www.kdca.go.kr/bbs/kdca/55/228256/artclView.do,,시도심뇌혈관질환예방관리사업
"(9.18. 수정) 2025년 국가예방접종사업 관리지침(보건소용, 의료기관용) 개정 안내",2024.12.31,2025,KDCA게시판,Y,3,https://www.kdca.go.kr/bbs/kdca/55/228255/artclView.do,,국가예방접종사업관리지침
2025 실험실 생물안전지침 개정 안내,2024.12.27,2025,KDCA게시판,Y,1,https://www.kdca.go.kr/bbs/kdca/55/228254/artclView.do,,2025실험실생물안전지침
2024년도 감염병 역학조사 연보,2025.09.24,2024,KDCA게시판,,7,https://www.kdca.go.kr/bbs/kdca/55/228307/artclView.do,,감염병역학조사연보
소아 마크로라이드 불응성 마이코플라스마 폐렴 항생제 치료 지침(2024),2025.02.06,2024,KDCA게시판,Y,1,https://www.kdca.go.kr/bbs/kdca/55/228271/artclView.do,,소아마크로라이드불응성마이코플라스마폐렴항생제치료지침
「2024 군중모임행사 감염병 대비·대응 표준운영절차(SOP)」,2025.01.21,2024,KDCA게시판,Y,1,https://www.kdca.go.kr/bbs/kdca/55/228267/artclView.do,,2024군중모임행사감염병대비대응표준운영절차
원인불명 질병 집단감염 대응지침(제3판),2024.12.23,2024,KDCA게시판,,4,https://www.kdca.go.kr/bbs/kdca/55/228253/artclView.do,,원인불명질병집단감염대응지침
엠폭스(Mpox) 치료지침 제3판,2024.12.04,2024,KDCA게시판,Y,2,https://www.kdca.go.kr/bbs/kdca/55/228252/artclView.do,,엠폭스치료지침
2024-2025절기 인플루엔자 관리 지침,2024.12.03,2024,KDCA게시판,Y,1,https://www.kdca.go.kr/bbs/kdca/55/228251/artclView.do,,20242025절기인플루엔자관리지침
코로나바이러스감염증-19 치료제 사용 안내서(제13-1판) 개정 안내,2024.11.26,2024,KDCA게시판,,3,https://www.kdca.go.kr/bbs/kdca/55/228249/artclView.do,https://www.kdca.go.kr/bbs/kdca/55/228242/artclView.do,코로나바이러스감염증19치료제사용서
제3판 의료관련감염 집단발생 대응 안내,2024.11.26,2024,KDCA게시판,,4,https://www.kdca.go.kr/bbs/kdca/55/228248/artclView.do,,의료관련감염집단발생대응
2024 시설별 인플루엔자 관리지침(사업장용),2024.11.18,2024,KDCA게시판,Y,1,https://www.kdca.go.kr/bbs/kdca/55/228247/artclView.do,https://www.kdca.go.kr/bbs/kdca/55/228246/artclView.do,2024시설별인플루엔자관리지침
2024년 제1급감염병(동물인플루엔자 인체감염증) 대응지침(2024.10월),2024.10.29,2024,KDCA게시판,,4,https://www.kdca.go.kr/bbs/kdca/55/228244/artclView.do,https://www.kdca.go.kr/bbs/kdca/55/228171/artclView.do,제1급감염병대응지침
"엠폭스 관리지침(2024.11, 제2-1판) 개정판",2024.10.29,2024,KDCA게시판+감염병포털,,3,https://www.kdca.go.kr/bbs/kdca/55/228243/artclView.do,https://www.kdca.go.kr/bbs/kdca/55/228225/artclView.do,엠폭스관리지침
HIV 감염인 진료를 위한 의료기관 길라잡이,2024.10.14,2024,KDCA게시판,Y,1,https://www.kdca.go.kr/bbs/kdca/55/228241/artclView.do,,HIV감염인진료를위한의료기관길라잡이
법정감염병 진단검사 통합지침 제4-1판,2024.10.02,2024,KDCA게시판+감염병포털,Y,1,https://www.kdca.go.kr/bbs/kdca/55/228240/artclView.do,https://dportal.kdca.go.kr/pot/bbs/BD_selectBbs.do?q_bbsSn=1001&q_bbsDocNo=20241002112654295&q_clsfNo=-1,법정감염병진단검사통합지침제41판
항생제 적정사용 관리 시범사업 관련 지침 등,2024.09.27,2024,KDCA게시판,Y,1,https://www.kdca.go.kr/bbs/kdca/55/228239/artclView.do,,항생제적정사용관리시범사업관련지침등
’24~’25절기 코로나19 임시예방접종 지원사업 지침,2024.09.23,2024,KDCA게시판,Y,1,https://www.kdca.go.kr/bbs/kdca/55/228238/artclView.do,,’24~’25절기코로나19임시예방접종지원사업지침
｢2024년도 엔테로바이러스 감염증‧수족구병 관리지침｣ 일부 개정,2024.09.13,2024,KDCA게시판,Y,1,https://www.kdca.go.kr/bbs/kdca/55/228237/artclView.do,,｢엔테로바이러스감염증수족구병관리지침｣일부
2024년 진드기·설치류 매개 감염병 관리지침 일부 개정 안내,2024.09.09,2024,KDCA게시판,Y,1,https://www.kdca.go.kr/bbs/kdca/55/228236/artclView.do,,진드기설치류매개감염병관리지침일부
「2024년도 바이러스간염(A형·B형·C형·E형) 관리지침」일부 개정,2024.08.29,2024,KDCA게시판,Y,1,https://www.kdca.go.kr/bbs/kdca/55/228235/artclView.do,,바이러스간염관리지침일부
2024년도 코로나바이러스감염증-19 관리지침 개정(2024.8.16),2024.08.16,2024,KDCA게시판+감염병포털,,3,https://www.kdca.go.kr/bbs/kdca/55/228233/artclView.do,https://www.kdca.go.kr/bbs/kdca/55/228223/artclView.do,코로나바이러스감염증19관리지침
2024년도 코로나바이러스감염증-19 관리지침 개정본(2024.8.16.),2024.08.16,2024,감염병포털,Y,1,https://dportal.kdca.go.kr/pot/bbs/BD_selectBbs.do?q_bbsSn=1001&q_bbsDocNo=20240816210535386&q_clsfNo=-1,,코로나바이러스감염증19관리지침본
성인 패혈증 초기치료지침서,2024.08.08,2024,KDCA게시판,Y,1,https://www.kdca.go.kr/bbs/kdca/55/228232/artclView.do,,성인패혈증초기치료지침서
유흥분야 종사자 건강진단 Q&A,2024.07.24,2024,KDCA게시판,Y,1,https://www.kdca.go.kr/bbs/kdca/55/228231/artclView.do,,유흥분야종사자건강진단Q&A
의료인을 위한 말라리아 예방 및 관리 안내서(소책자),2024.07.18,2024,KDCA게시판,Y,2,https://www.kdca.go.kr/bbs/kdca/55/228230/artclView.do,,의료인을위한말라리아예방관리서
감염병 과학 정보의 효과적 소통을 위한 가이드라인,2024.07.10,2024,KDCA게시판,Y,1,https://www.kdca.go.kr/bbs/kdca/55/228229/artclView.do,,감염병과학정보의효과적소통을위한가이드라인
2024년 법정감염병 진단 신고 기준 지침,2024.07.09,2024,KDCA게시판+감염병포털,,3,https://www.kdca.go.kr/bbs/kdca/55/228228/artclView.do,https://dportal.kdca.go.kr/pot/bbs/BD_selectBbs.do?q_bbsSn=1001&q_bbsDocNo=20240530142828593&q_clsfNo=-1,법정감염병진단신고기준지침
"2024-2025절기 인플루엔자 국가예방접종 지원사업 관리지침(보건소용, 의료기관용)",2024.07.08,2024,KDCA게시판,Y,1,https://www.kdca.go.kr/bbs/kdca/55/228227/artclView.do,,20242025절기인플루엔자국가예방접종지원사업관리지침
감염관리실 업무 지침서,2024.07.05,2024,KDCA게시판,Y,1,https://www.kdca.go.kr/bbs/kdca/55/228226/artclView.do,,감염관리실업무지침서
투약 준비 관련 감염관리 권고안,2024.06.20,2024,KDCA게시판,Y,1,https://www.kdca.go.kr/bbs/kdca/55/228224/artclView.do,,투약준비관련감염관리권고안
제1급감염병 대응지침 4종 개정(2024년 1월),2024.06.20,2024,감염병포털,Y,1,https://dportal.kdca.go.kr/pot/bbs/BD_selectBbs.do?q_bbsSn=1001&q_bbsDocNo=20240620130843258&q_clsfNo=-1,,제1급감염병대응지침4종
2024 검역업무지침,2024.06.12,2024,KDCA게시판,Y,1,https://www.kdca.go.kr/bbs/kdca/55/228222/artclView.do,,2024검역업무지침
2024년도 옴 예방관리 안내서,2024.06.10,2024,KDCA게시판,Y,1,https://www.kdca.go.kr/bbs/kdca/55/228221/artclView.do,,옴예방관리서
결핵환자 맞춤형 통합관리 지침 안내,2024.05.31,2024,KDCA게시판+감염병포털,Y,1,https://www.kdca.go.kr/bbs/kdca/55/228220/artclView.do,https://dportal.kdca.go.kr/pot/bbs/BD_selectBbs.do?q_bbsSn=1001&q_bbsDocNo=20240531090527953&q_clsfNo=-1,결핵환자맞춤형통합관리지침
2024년 한센병사업관리지침,2024.05.31,2024,KDCA게시판+감염병포털,,8,https://www.kdca.go.kr/bbs/kdca/55/228219/artclView.do,https://dportal.kdca.go.kr/pot/bbs/BD_selectBbs.do?q_bbsSn=1001&q_bbsDocNo=20240531085924434&q_clsfNo=-1,한센병사업관리지침
2024 카바페넴 내성 장내세균목 항생제 사용 지침(전자용),2024.05.29,2024,KDCA게시판,Y,1,https://www.kdca.go.kr/bbs/kdca/55/228218/artclView.do,,2024카바페넴내성장내세균목항생제사용지침
시설별 설비별 레지오넬라증 관리 가이드라인,2024.05.20,2024,KDCA게시판,Y,1,https://www.kdca.go.kr/bbs/kdca/55/228217/artclView.do,,시설별설비별레지오넬라증관리가이드라인
2024년도 감염병 관리 사업 안내(일부개정),2024.05.13,2024,KDCA게시판,,5,https://www.kdca.go.kr/bbs/kdca/55/228216/artclView.do,https://www.kdca.go.kr/bbs/kdca/55/228180/artclView.do,감염병관리사업
2024년 호흡기감염병 관리지침,2024.05.09,2024,KDCA게시판,,7,https://www.kdca.go.kr/bbs/kdca/55/228215/artclView.do,,호흡기감염병관리지침
2024년도 예방접종 대상 감염병 관리 지침,2024.05.02,2024,KDCA게시판,,8,https://www.kdca.go.kr/bbs/kdca/55/228214/artclView.do,,예방접종대상감염병관리지침
엠폭스 치료제 사용 안내서 제3판,2024.04.30,2024,KDCA게시판,Y,1,https://www.kdca.go.kr/bbs/kdca/55/228213/artclView.do,,엠폭스치료제사용서
2024년 레지오넬라증 관리지침,2024.04.30,2024,KDCA게시판+감염병포털,,8,https://www.kdca.go.kr/bbs/kdca/55/228212/artclView.do,https://dportal.kdca.go.kr/pot/bbs/BD_selectBbs.do?q_bbsSn=1001&q_bbsDocNo=20240430171900726&q_clsfNo=-1,레지오넬라증관리지침
2024년도 바이러스 간염 관리지침,2024.04.29,2024,KDCA게시판,,4,https://www.kdca.go.kr/bbs/kdca/55/228211/artclView.do,,바이러스간염관리지침
‘국립결핵병원 치료·간병 통합지원 시범사업’ 시행 안내(2024.5.1.시행),2024.04.26,2024,KDCA게시판+감염병포털,Y,1,https://www.kdca.go.kr/bbs/kdca/55/228210/artclView.do,https://dportal.kdca.go.kr/pot/bbs/BD_selectBbs.do?q_bbsSn=1001&q_bbsDocNo=20240426093937340&q_clsfNo=-1,‘국립결핵병원치료간병통합지원시범사업’시행
폴리오 대응 지침(2024년 개정),2024.04.24,2024,KDCA게시판,Y,1,https://www.kdca.go.kr/bbs/kdca/55/228209/artclView.do,,폴리오대응지침
2024년도 엔테로바이러스 감염증·수족구병 관리지침,2024.04.19,2024,KDCA게시판,,8,https://www.kdca.go.kr/bbs/kdca/55/228208/artclView.do,,엔테로바이러스감염증수족구병관리지침
2024년도 수인성 및 식품매개감염병 관리지침,2024.04.19,2024,KDCA게시판,,9,https://www.kdca.go.kr/bbs/kdca/55/228207/artclView.do,,수인성식품매개감염병관리지침
「잠복결핵감염 관리 안내」,2024.04.11,2024,KDCA게시판+감염병포털,Y,1,https://www.kdca.go.kr/bbs/kdca/55/228206/artclView.do,https://dportal.kdca.go.kr/pot/bbs/BD_selectBbs.do?q_bbsSn=1001&q_bbsDocNo=20240411081008313&q_clsfNo=-1,잠복결핵감염관리
코로나19 예방접종 실시기준 개정 안내 (2024.4.15. 기준),2024.04.09,2024,KDCA게시판,Y,1,https://www.kdca.go.kr/bbs/kdca/55/228205/artclView.do,https://www.kdca.go.kr/bbs/kdca/55/228167/artclView.do,코로나19예방접종실시기준
2024년 엠폭스 대응지침 6판 안내,2024.04.05,2024,KDCA게시판,Y,1,https://www.kdca.go.kr/bbs/kdca/55/228204/artclView.do,,엠폭스대응지침6판
상호주의 원칙에 따른 코로나19 격리입원치료비 지원 국가 안내('24.4월),2024.03.29,2024,KDCA게시판,Y,5,https://www.kdca.go.kr/bbs/kdca/55/228203/artclView.do,https://www.kdca.go.kr/bbs/kdca/55/228186/artclView.do,상호주의원칙에따른코로나19격리입원치료비지원국가
「다제내성결핵 치료 신약 사전심사제」 일부개정 및 안내서 배포 알림,2024.03.29,2024,KDCA게시판+감염병포털,Y,1,https://www.kdca.go.kr/bbs/kdca/55/228202/artclView.do,https://dportal.kdca.go.kr/pot/bbs/BD_selectBbs.do?q_bbsSn=1001&q_bbsDocNo=20240329132858733&q_clsfNo=-1,다제내성결핵치료신약사전심사제일부서배포알림
2024년 성매개감염병 관리지침,2024.03.25,2024,KDCA게시판+감염병포털,,12,https://www.kdca.go.kr/bbs/kdca/55/228201/artclView.do,https://dportal.kdca.go.kr/pot/bbs/BD_selectBbs.do?q_bbsSn=1001&q_bbsDocNo=20240325155116350&q_clsfNo=-1,성매개감염병관리지침
2024년 HIV/AIDS 관리지침,2024.03.25,2024,KDCA게시판+감염병포털,,14,https://www.kdca.go.kr/bbs/kdca/55/228200/artclView.do,https://dportal.kdca.go.kr/pot/bbs/BD_selectBbs.do?q_bbsSn=1001&q_bbsDocNo=20240325155029768&q_clsfNo=-1,HIV/AIDS관리지침
「교정시설 결핵관리지침」(2024),2024.03.25,2024,KDCA게시판+감염병포털,Y,1,https://www.kdca.go.kr/bbs/kdca/55/228199/artclView.do,https://dportal.kdca.go.kr/pot/bbs/BD_selectBbs.do?q_bbsSn=1001&q_bbsDocNo=20240325083936144&q_clsfNo=-1,교정시설결핵관리지침
2024년 지역사회 통합건강증진사업 안내(심뇌혈관질환 예방관리),2024.03.21,2024,KDCA게시판,,11,https://www.kdca.go.kr/bbs/kdca/55/228198/artclView.do,,지역사회통합건강증진사업
2024년 시도 심뇌혈관질환 예방관리사업 안내,2024.03.21,2024,KDCA게시판,,11,https://www.kdca.go.kr/bbs/kdca/55/228197/artclView.do,,시도심뇌혈관질환예방관리사업
2024년도 말라리아 관리지침 및 복약수첩,2024.03.19,2024,KDCA게시판,Y,1,https://www.kdca.go.kr/bbs/kdca/55/228196/artclView.do,,말라리아관리지침복약수첩
2024년도 바이러스성 모기매개감염병 관리지침,2024.03.18,2024,KDCA게시판,,11,https://www.kdca.go.kr/bbs/kdca/55/228195/artclView.do,,바이러스성모기매개감염병관리지침
2024년도 인수공통감염병 관리지침,2024.03.18,2024,KDCA게시판,,9,https://www.kdca.go.kr/bbs/kdca/55/228194/artclView.do,,인수공통감염병관리지침
2024년도 크로이츠펠트-야콥병 관리지침,2024.03.18,2024,KDCA게시판,,11,https://www.kdca.go.kr/bbs/kdca/55/228193/artclView.do,,크로이츠펠트야콥병관리지침
2024년도 기생충감염병 관리지침,2024.03.18,2024,KDCA게시판,,8,https://www.kdca.go.kr/bbs/kdca/55/228192/artclView.do,,기생충감염병관리지침
2024년 주요 감염병 매개모기 방제지침(개정판),2024.03.15,2024,KDCA게시판,Y,3,https://www.kdca.go.kr/bbs/kdca/55/228191/artclView.do,,주요감염병매개모기방제지침
2024년도 진드기·설치류 매개 감염병 관리지침 발간 안내,2024.03.14,2024,KDCA게시판,Y,1,https://www.kdca.go.kr/bbs/kdca/55/228190/artclView.do,,진드기설치류매개감염병관리지침발간
「2024 국가결핵관리지침」 발간 안내,2024.03.13,2024,KDCA게시판+감염병포털,Y,1,https://www.kdca.go.kr/bbs/kdca/55/228189/artclView.do,https://dportal.kdca.go.kr/pot/bbs/BD_selectBbs.do?q_bbsSn=1001&q_bbsDocNo=20240313093618575&q_clsfNo=-1,2024국가결핵관리지침발간
「2024년 찾아가는 결핵검진사업 세부안내」,2024.03.07,2024,KDCA게시판+감염병포털,Y,2,https://www.kdca.go.kr/bbs/kdca/55/228187/artclView.do,https://dportal.kdca.go.kr/pot/bbs/BD_selectBbs.do?q_bbsSn=1001&q_bbsDocNo=20240307173951026&q_clsfNo=-1,찾아가는결핵검진사업세부
2024년 감염병관리시설 평가 지침,2024.02.23,2024,KDCA게시판,Y,2,https://www.kdca.go.kr/bbs/kdca/55/228185/artclView.do,,감염병관리시설평가지침
2024년 고혈압·당뇨병 등록관리사업 표준실무지침,2024.02.22,2024,KDCA게시판,,12,https://www.kdca.go.kr/bbs/kdca/55/228184/artclView.do,,고혈압당뇨병등록관리사업표준실무지침
매독 신고 안내서,2024.02.16,2024,KDCA게시판,,2,https://www.kdca.go.kr/bbs/kdca/55/228183/artclView.do,,매독신고서
생물테러 대비 및 대응지침,2024.02.07,2024,KDCA게시판,Y,2,https://www.kdca.go.kr/bbs/kdca/55/228182/artclView.do,,생물테러대비대응지침
홍역 대응 지침(2024년 개정),2024.02.06,2024,KDCA게시판,,2,https://www.kdca.go.kr/bbs/kdca/55/228181/artclView.do,,홍역대응지침
｢결핵 진료지침(5판)｣(2024),2024.01.31,2024,KDCA게시판,Y,1,https://www.kdca.go.kr/bbs/kdca/55/228178/artclView.do,,｢결핵진료지침｣
2024년 결핵진료지침 5판,2024.01.31,2024,감염병포털,Y,1,https://dportal.kdca.go.kr/pot/bbs/BD_selectBbs.do?q_bbsSn=1001&q_bbsDocNo=20240131171500902&q_clsfNo=-1,,결핵진료지침5판
2024년 국가지정 입원치료병상 운영과 관리 지침,2024.01.09,2024,KDCA게시판,,5,https://www.kdca.go.kr/bbs/kdca/55/228175/artclView.do,,국가지정입원치료병상운영과관리지침
2024년 제1급감염병 중동호흡기증후군(MERS)중증급성호흡기증후군(SARS) 대응지침(2024.1월),2023.12.29,2024,KDCA게시판,Y,2,https://www.kdca.go.kr/bbs/kdca/55/228173/artclView.do,,제1급감염병중동호흡기증후군중증급성호흡기증후군대응지침
2024년 제1급감염병 두창，페스트，탄저，보툴리눔독소증，야토병 대응지침(2024.1월),2023.12.29,2024,KDCA게시판,Y,2,https://www.kdca.go.kr/bbs/kdca/55/228172/artclView.do,,제1급감염병두창，페스트，탄저，보툴리눔독소증，야토병대응지침
2024년도 의료관련감염병 관리지침,2023.12.29,2024,KDCA게시판+감염병포털,,10,https://www.kdca.go.kr/bbs/kdca/55/228169/artclView.do,https://dportal.kdca.go.kr/pot/bbs/BD_selectBbs.do?q_bbsSn=1001&q_bbsDocNo=20231229171954294&q_clsfNo=-1,의료관련감염병관리지침
"2024년 국가예방접종 지원사업 관리지침(보건소용,의료기관용) 일부개정",2023.12.18,2024,KDCA게시판,Y,1,https://www.kdca.go.kr/bbs/kdca/55/228166/artclView.do,,국가예방접종지원사업관리지침일부
고위험병원체 취급 및 보존 안전관리 가이드(2023),2026.04.10,2023,KDCA게시판,Y,3,https://www.kdca.go.kr/bbs/kdca/55/310715/artclView.do,,고위험병원체취급보존안전관리가이드
2023년도 감염병 역학조사 연보,2024.12.02,2023,KDCA게시판,,7,https://www.kdca.go.kr/bbs/kdca/55/228250/artclView.do,,감염병역학조사연보
군중모임행사 감염병 대비·대응 표준운영절차(2023년 개정),2024.03.08,2023,KDCA게시판,Y,1,https://www.kdca.go.kr/bbs/kdca/55/228188/artclView.do,,군중모임행사감염병대비대응표준운영절차
"「풍수해(태풍·호우, 대설) 감염병 대응 매뉴얼(2023년판)」",2024.01.24,2023,KDCA게시판,Y,4,https://www.kdca.go.kr/bbs/kdca/55/228177/artclView.do,,풍수해감염병대응매뉴얼
2023-2024절기 인플루엔자 관리 지침,2024.01.10,2023,KDCA게시판+감염병포털,Y,1,https://www.kdca.go.kr/bbs/kdca/55/228176/artclView.do,https://dportal.kdca.go.kr/pot/bbs/BD_selectBbs.do?q_bbsSn=1001&q_bbsDocNo=20240110132703995&q_clsfNo=-1,20232024절기인플루엔자관리지침
상호주의 원칙에 따른 코로나19 격리입원치료비 지원 국가 안내('24.1월),2023.12.29,2023,KDCA게시판,,5,https://www.kdca.go.kr/bbs/kdca/55/228174/artclView.do,https://www.kdca.go.kr/bbs/kdca/55/228164/artclView.do,상호주의원칙에따른코로나19격리입원치료비지원국가
「국립보건연구원 연구개발과제 및 성과 관리지침」 개정 안내(23.12.7),2023.12.28,2023,KDCA게시판,Y,1,https://www.kdca.go.kr/bbs/kdca/55/228168/artclView.do,,국립보건연구원연구개발과제성과관리지침
코로나19 예방접종 실시기준 및 FAQ 개정 안내 (2023.12.18. 기준),2023.12.18,2023,KDCA게시판,Y,1,https://www.kdca.go.kr/bbs/kdca/55/228165/artclView.do,https://www.kdca.go.kr/bbs/kdca/55/228154/artclView.do,코로나19예방접종실시기준FAQ
시설별 인플루엔자 관리 지침(사업장용),2023.11.22,2023,KDCA게시판+감염병포털,Y,2,https://www.kdca.go.kr/bbs/kdca/55/228163/artclView.do,https://www.kdca.go.kr/bbs/kdca/55/228162/artclView.do,시설별인플루엔자관리지침
코로나19 예방접종 실시기준 변경사항 안내,2023.10.31,2023,KDCA게시판,Y,1,https://www.kdca.go.kr/bbs/kdca/55/228159/artclView.do,,코로나19예방접종실시기준변경사항
2023 성인 병원획득 폐렴 진료 및 항생제 사용 지침(전자용),2023.10.20,2023,KDCA게시판,Y,1,https://www.kdca.go.kr/bbs/kdca/55/228157/artclView.do,,2023성인병원획득폐렴진료항생제사용지침
2023년 중증열성혈소판감소증후군(SFTS) 진료지침(의료인용)(2판) 안내,2023.10.20,2023,KDCA게시판,Y,1,https://www.kdca.go.kr/bbs/kdca/55/228156/artclView.do,,중증열성혈소판감소증후군진료지침
코로나19 예방접종 실시기준 및 FAQ 추가 개정 안내 (2023.10.19. 기준),2023.10.19,2023,KDCA게시판,Y,1,https://www.kdca.go.kr/bbs/kdca/55/228155/artclView.do,,코로나19예방접종실시기준FAQ추가
2023 전국 의료기관 항생제 사용량 분석 연보,2023.09.04,2023,KDCA게시판,Y,1,https://www.kdca.go.kr/bbs/kdca/55/228151/artclView.do,,2023전국의료기관항생제사용량분석연보
코로나19 입원격리 치료비 지원업무(제10판) 안내(정정),2023.09.01,2023,KDCA게시판,Y,1,https://www.kdca.go.kr/bbs/kdca/55/228150/artclView.do,https://www.kdca.go.kr/bbs/kdca/55/228135/artclView.do,코로나19입원격리치료비지원업무
"2023-2024절기 인플루엔자 국가예방접종 지원사업 관리지침(보건소용,의료기관용)",2023.08.31,2023,KDCA게시판,Y,1,https://www.kdca.go.kr/bbs/kdca/55/228149/artclView.do,,20232024절기인플루엔자국가예방접종지원사업관리지침
엠폭스 대응지침(지자체용) 제5-2판,2023.08.10,2023,KDCA게시판+감염병포털,Y,1,https://www.kdca.go.kr/bbs/kdca/55/228148/artclView.do,https://dportal.kdca.go.kr/pot/bbs/BD_selectBbs.do?q_bbsSn=1001&q_bbsDocNo=20230818784829459&q_clsfNo=0,엠폭스대응지침제52판
인공신장실 감염관리 지침(제2판)_재업로드,2023.07.26,2023,KDCA게시판,Y,1,https://www.kdca.go.kr/bbs/kdca/55/228146/artclView.do,,인공신장실감염관리지침재업로드
「2023년 찾아가는 결핵검진사업 세부 안내」 ('23.1.1.),2023.07.17,2023,KDCA게시판+감염병포털,,2,https://www.kdca.go.kr/bbs/kdca/55/228145/artclView.do,https://dportal.kdca.go.kr/pot/bbs/BD_selectBbs.do?q_bbsSn=1001&q_bbsDocNo=20230717577288771&q_clsfNo=0,찾아가는결핵검진사업세부
말라리아 진료가이드(제2판),2023.07.13,2023,KDCA게시판,,3,https://www.kdca.go.kr/bbs/kdca/55/228144/artclView.do,,말라리아진료가이드
엠폭스(mpox) 치료지침 제2판,2023.07.04,2023,KDCA게시판,,2,https://www.kdca.go.kr/bbs/kdca/55/228143/artclView.do,,엠폭스치료지침
2023년 아토피천식 안심학교 운영안내서,2023.07.03,2023,KDCA게시판,,7,https://www.kdca.go.kr/bbs/kdca/55/228142/artclView.do,,아토피천식안심학교운영서
예방접종의 실시기준과 방법 (2023년 개정판)_수정게재,2023.06.26,2023,KDCA게시판,Y,1,https://www.kdca.go.kr/bbs/kdca/55/228140/artclView.do,,예방접종의실시기준과방법수정게재
인수공통감염병 공동 역학조사 매뉴얼(3.인수공통결핵),2023.06.21,2023,KDCA게시판+감염병포털,Y,1,https://www.kdca.go.kr/bbs/kdca/55/228139/artclView.do,https://dportal.kdca.go.kr/pot/bbs/BD_selectBbs.do?q_bbsSn=1001&q_bbsDocNo=20230621890950466&q_clsfNo=0,인수공통감염병공동역학조사매뉴얼
23년 브루셀라증(병) 공동 역학조사 메뉴얼,2023.06.05,2023,KDCA게시판,Y,1,https://www.kdca.go.kr/bbs/kdca/55/228138/artclView.do,,23년브루셀라증공동역학조사메뉴얼
23년 큐열 공동 역학조사 메뉴얼,2023.06.05,2023,KDCA게시판,Y,1,https://www.kdca.go.kr/bbs/kdca/55/228137/artclView.do,,23년큐열공동역학조사메뉴얼
2023년도 의료관련감염병 관리지침,2023.05.31,2023,KDCA게시판,,10,https://www.kdca.go.kr/bbs/kdca/55/228134/artclView.do,,의료관련감염병관리지침
항생제 사용관리 프로그램(ASP) 통합 운영 가이드라인,2023.05.24,2023,KDCA게시판,Y,1,https://www.kdca.go.kr/bbs/kdca/55/228133/artclView.do,,항생제사용관리프로그램통합운영가이드라인
엠폭스 대응지침(제5-1판) 안내,2023.05.19,2023,KDCA게시판,Y,1,https://www.kdca.go.kr/bbs/kdca/55/228132/artclView.do,https://www.kdca.go.kr/bbs/kdca/55/228129/artclView.do,엠폭스대응지침
2023년도 바이러스 간염 관리지침(A형·B형·C형·E형간염) 제정 안내,2023.05.09,2023,KDCA게시판,,4,https://www.kdca.go.kr/bbs/kdca/55/228130/artclView.do,,바이러스간염관리지침
상호주의 원칙에 따른 코로나19 입원격리 치료비 지원 국가(2023년 5월),2023.04.28,2023,KDCA게시판,Y,2,https://www.kdca.go.kr/bbs/kdca/55/228128/artclView.do,https://www.kdca.go.kr/bbs/kdca/55/228110/artclView.do,상호주의원칙에따른코로나19입원격리치료비지원국가
성매개감염 진료지침 2023,2023.04.26,2023,KDCA게시판,Y,1,https://www.kdca.go.kr/bbs/kdca/55/228127/artclView.do,,성매개감염진료지침2023
2023년도 엔테로바이러스 감염증 수족구병 관리지침,2023.04.24,2023,KDCA게시판,,8,https://www.kdca.go.kr/bbs/kdca/55/228126/artclView.do,,엔테로바이러스감염증수족구병관리지침
2023년도 수인성식품매개감염병 관리지침,2023.04.24,2023,KDCA게시판,,9,https://www.kdca.go.kr/bbs/kdca/55/228125/artclView.do,,수인성식품매개감염병관리지침
2023년 제1급감염병(동물인플루엔자 인체감염증) 대응지침,2023.04.21,2023,KDCA게시판,,4,https://www.kdca.go.kr/bbs/kdca/55/228124/artclView.do,https://www.kdca.go.kr/bbs/kdca/55/228123/artclView.do,제1급감염병대응지침
2023년제1급중동호흡기증후군[MERS]중증급성호흡기증후군[SARS]대응지침(2023.4.),2023.04.21,2023,KDCA게시판,Y,1,https://www.kdca.go.kr/bbs/kdca/55/228122/artclView.do,,제1급중동호흡기증후군중증급성호흡기증후군대응지침
2023년 제1급감염병 두창，페스트，탄저，보툴리눔독소증，야토병 대응지침,2023.04.21,2023,KDCA게시판,,2,https://www.kdca.go.kr/bbs/kdca/55/228121/artclView.do,,제1급감염병두창，페스트，탄저，보툴리눔독소증，야토병대응지침
2023년 제1급감염병 중동호흡기증후군(MERS)·중증급성호흡기증후군(SARS) 대응지침,2023.04.21,2023,감염병포털,,2,https://dportal.kdca.go.kr/pot/bbs/BD_selectBbs.do?q_bbsSn=1001&q_bbsDocNo=20230421944839744&q_clsfNo=0,,제1급감염병중동호흡기증후군중증급성호흡기증후군대응지침
2023년 제1급감염병 두창·페스트·탄저·보툴리눔독소증·야토병 대응지침,2023.04.21,2023,감염병포털,Y,4,https://dportal.kdca.go.kr/pot/bbs/BD_selectBbs.do?q_bbsSn=1001&q_bbsDocNo=20230421731941239&q_clsfNo=0,,제1급감염병두창페스트탄저보툴리눔독소증야토병대응지침
2023년 제1급감염병 동물인플루엔자 인체감염증 대응지침,2023.04.21,2023,감염병포털,Y,4,https://dportal.kdca.go.kr/pot/bbs/BD_selectBbs.do?q_bbsSn=1001&q_bbsDocNo=20230421489669316&q_clsfNo=0,,제1급감염병동물인플루엔자인체감염증대응지침
2023년 제1급감염병 바이러스성출혈열 대응지침,2023.04.21,2023,감염병포털,Y,4,https://dportal.kdca.go.kr/pot/bbs/BD_selectBbs.do?q_bbsSn=1001&q_bbsDocNo=20230421136838350&q_clsfNo=0,,제1급감염병바이러스성출혈열대응지침
병원기반 인간 마이크로바이옴 연구개발 사업 운영 가이드라인,2023.04.18,2023,KDCA게시판,,2,https://www.kdca.go.kr/bbs/kdca/55/228120/artclView.do,,병원기반인간마이크로바이옴연구개발사업운영가이드라인
2023년도 예방접종 대상 감염병 관리 지침,2023.04.17,2023,KDCA게시판,,8,https://www.kdca.go.kr/bbs/kdca/55/228119/artclView.do,,예방접종대상감염병관리지침
2023년 의료관련감염병 예방관리사업 지침,2023.04.13,2023,KDCA게시판,Y,5,https://www.kdca.go.kr/bbs/kdca/55/228118/artclView.do,,의료관련감염병예방관리사업지침
2023년 HIV/AIDS 관리지침,2023.04.11,2023,KDCA게시판+감염병포털,,14,https://www.kdca.go.kr/bbs/kdca/55/228117/artclView.do,https://dportal.kdca.go.kr/pot/bbs/BD_selectBbs.do?q_bbsSn=1001&q_bbsDocNo=20230411326387664&q_clsfNo=0,HIV/AIDS관리지침
2023년도 크로이츠펠트-야콥병 관리 지침,2023.04.07,2023,KDCA게시판,,11,https://www.kdca.go.kr/bbs/kdca/55/228116/artclView.do,,크로이츠펠트야콥병관리지침
2023년도 레지오넬라증 관리지침,2023.04.06,2023,KDCA게시판,,8,https://www.kdca.go.kr/bbs/kdca/55/228115/artclView.do,,레지오넬라증관리지침
"2023년도 호흡기감염병 관리지침 (수막구균감염증, 성홍열, 급성호흡기감염증)",2023.04.06,2023,KDCA게시판,,7,https://www.kdca.go.kr/bbs/kdca/55/228114/artclView.do,,호흡기감염병관리지침
질병관리청 직무발명 및 기술이전 관리 지침,2023.04.05,2023,KDCA게시판,Y,1,https://www.kdca.go.kr/bbs/kdca/55/228113/artclView.do,,질병관리청직무발명기술이전관리지침
2023년도 기생충감염병 관리 지침,2023.04.03,2023,KDCA게시판,,8,https://www.kdca.go.kr/bbs/kdca/55/228112/artclView.do,,기생충감염병관리지침
2023년도 인수공통감염병 관리 지침,2023.04.03,2023,KDCA게시판,,9,https://www.kdca.go.kr/bbs/kdca/55/228111/artclView.do,,인수공통감염병관리지침
법정감염병 진단검사 통합지침 제4판,2023.03.29,2023,KDCA게시판,,7,https://www.kdca.go.kr/bbs/kdca/55/228109/artclView.do,,법정감염병진단검사통합지침
중환자실 감염관리 지침(제2판),2023.03.27,2023,KDCA게시판,Y,1,https://www.kdca.go.kr/bbs/kdca/55/228108/artclView.do,,중환자실감염관리지침
2023 법정감염병 진단·신고기준 지침(pdf 추가),2023.03.27,2023,KDCA게시판+감염병포털,Y,1,https://www.kdca.go.kr/bbs/kdca/55/228107/artclView.do,https://dportal.kdca.go.kr/pot/bbs/BD_selectBbs.do?q_bbsSn=1001&q_bbsDocNo=20230327679216524&q_clsfNo=0,2023법정감염병진단신고기준지침
2023년 한센병사업 관리지침,2023.03.23,2023,KDCA게시판,,8,https://www.kdca.go.kr/bbs/kdca/55/228106/artclView.do,,한센병사업관리지침
2023 감염병 관리 사업 안내 지침,2023.03.22,2023,감염병포털,Y,1,https://dportal.kdca.go.kr/pot/bbs/BD_selectBbs.do?q_bbsSn=1001&q_bbsDocNo=20230322772673534&q_clsfNo=0,,2023감염병관리사업지침
2023년도 진드기·설치류 매개 감염병 관리지침,2023.03.06,2023,KDCA게시판,,7,https://www.kdca.go.kr/bbs/kdca/55/228104/artclView.do,,진드기설치류매개감염병관리지침
2023년 성매개감염병 관리지침,2023.02.22,2023,KDCA게시판+감염병포털,,12,https://www.kdca.go.kr/bbs/kdca/55/228102/artclView.do,https://dportal.kdca.go.kr/pot/bbs/BD_selectBbs.do?q_bbsSn=1001&q_bbsDocNo=20230222892150317&q_clsfNo=0,성매개감염병관리지침
2023년도 지역사회 통합건강증진사업 안내(아토피천식 예방관리사업),2023.02.21,2023,KDCA게시판,,11,https://www.kdca.go.kr/bbs/kdca/55/228101/artclView.do,,지역사회통합건강증진사업
먹는치료제 투여 전 건강상태 자가점검표,2023.02.16,2023,KDCA게시판,Y,1,https://www.kdca.go.kr/bbs/kdca/55/228100/artclView.do,,먹는치료제투여전건강상태자가점검표
다제내성결핵 치료 신약 사전심사 안내서(2023.1. 개정),2023.02.16,2023,KDCA게시판,Y,1,https://www.kdca.go.kr/bbs/kdca/55/228099/artclView.do,,다제내성결핵치료신약사전심사서
2023년 검역업무지침,2023.02.15,2023,KDCA게시판,Y,9,https://www.kdca.go.kr/bbs/kdca/55/228098/artclView.do,,검역업무지침
2023년도 바이러스성 모기매개감염병 관리지침,2023.02.10,2023,KDCA게시판+감염병포털,,11,https://www.kdca.go.kr/bbs/kdca/55/228097/artclView.do,https://dportal.kdca.go.kr/pot/bbs/BD_selectBbs.do?q_bbsSn=1001&q_bbsDocNo=20230720420380375&q_clsfNo=0,바이러스성모기매개감염병관리지침
2023년도 말라리아 관리지침,2023.02.10,2023,KDCA게시판+감염병포털,,24,https://www.kdca.go.kr/bbs/kdca/55/228096/artclView.do,https://dportal.kdca.go.kr/pot/bbs/BD_selectBbs.do?q_bbsSn=1001&q_bbsDocNo=20230720097551027&q_clsfNo=0,말라리아관리지침
2023년도 감염병 관리 사업 안내,2023.02.09,2023,KDCA게시판,,5,https://www.kdca.go.kr/bbs/kdca/55/228095/artclView.do,,감염병관리사업
크로이츠펠트-야콥병(CJD) 안내서,2023.02.08,2023,KDCA게시판,,4,https://www.kdca.go.kr/bbs/kdca/55/228094/artclView.do,,크로이츠펠트야콥병서
코로나19 예방접종 실시기준 개정 및 관련 FAQ 안내 (2023.1.30. 기준),2023.02.06,2023,KDCA게시판,Y,3,https://www.kdca.go.kr/bbs/kdca/55/228093/artclView.do,,코로나19예방접종실시기준관련FAQ
2023년 시도 심뇌혈관질환예방사업안내,2023.02.03,2023,KDCA게시판,Y,1,https://www.kdca.go.kr/bbs/kdca/55/228092/artclView.do,,시도심뇌혈관질환예방사업
2023년 고혈압 당뇨병 등록관리사업 표준 실무지침,2023.02.03,2023,KDCA게시판,,12,https://www.kdca.go.kr/bbs/kdca/55/228091/artclView.do,,고혈압당뇨병등록관리사업표준실무지침
상호주의 원칙에 따른 국가별 치료비 지원 국가('23.2월),2023.02.01,2023,KDCA게시판,Y,3,https://www.kdca.go.kr/bbs/kdca/55/228089/artclView.do,,상호주의원칙에따른국가별치료비지원국가
코로나바이러스감염증-19 예방을 위한 시험 방역관리 안내(제6-1판),2023.01.27,2023,KDCA게시판,Y,2,https://www.kdca.go.kr/bbs/kdca/55/228088/artclView.do,https://www.kdca.go.kr/bbs/kdca/55/228087/artclView.do,코로나바이러스감염증19예방을위한시험방역관리
의료기관 환경 표면 청소 및 소독권고안,2023.01.04,2023,KDCA게시판,Y,1,https://www.kdca.go.kr/bbs/kdca/55/228086/artclView.do,,의료기관환경표면청소소독권고안
코로나19 입원 격리자 생활지원비(4-2판) 및 유급휴가비용(4-3판) 지원사업 안내,2023.01.03,2023,KDCA게시판,Y,3,https://www.kdca.go.kr/bbs/kdca/55/228085/artclView.do,,코로나19입원격리자생활지원비유급휴가비용지원사업
2023년 결핵관리지침,2023.01.02,2023,KDCA게시판,Y,7,https://www.kdca.go.kr/bbs/kdca/55/228084/artclView.do,,결핵관리지침
"1.11.(수정) 2023년도 국가예방접종 지원사업 관리지침(보건소용, 의료기관용)",2022.12.27,2023,KDCA게시판,Y,1,https://www.kdca.go.kr/bbs/kdca/55/228081/artclView.do,,111국가예방접종지원사업관리지침
2022년도 감염병 역학조사 연보,2023.10.23,2022,KDCA게시판,,7,https://www.kdca.go.kr/bbs/kdca/55/228158/artclView.do,,감염병역학조사연보
군중모임행사 감염병 및 생물테러 대비·대응 표준운영절차(2022년판),2023.02.02,2022,KDCA게시판,Y,1,https://www.kdca.go.kr/bbs/kdca/55/228090/artclView.do,,군중모임행사감염병생물테러대비대응표준운영절차
상호주의 원칙에 따른 국가별 치료비 지원 국가('23.1월),2022.12.30,2022,KDCA게시판,,3,https://www.kdca.go.kr/bbs/kdca/55/228083/artclView.do,https://www.kdca.go.kr/bbs/kdca/55/228056/artclView.do,상호주의원칙에따른국가별치료비지원국가
2022 구강검진 검진치과의사 상담 매뉴얼 수정본(22.12),2022.12.30,2022,KDCA게시판,Y,1,https://www.kdca.go.kr/bbs/kdca/55/228082/artclView.do,https://www.kdca.go.kr/bbs/kdca/55/228065/artclView.do,2022구강검진검진치과의사상담매뉴얼수정본
코로나19 예방접종 실시기준 개정 및 관련 FAQ 안내 (2022.12.17. 기준),2022.12.17,2022,KDCA게시판,,3,https://www.kdca.go.kr/bbs/kdca/55/228079/artclView.do,https://www.kdca.go.kr/bbs/kdca/55/228078/artclView.do,코로나19예방접종실시기준관련FAQ
"풍수해(태풍·호우, 대설) 감염병 대응 매뉴얼(2022년판)",2022.12.16,2022,KDCA게시판,,4,https://www.kdca.go.kr/bbs/kdca/55/228080/artclView.do,,풍수해감염병대응매뉴얼
시설별 인플루엔자 관리 지침(어린이집 유치원 학교용),2022.12.08,2022,KDCA게시판,,2,https://www.kdca.go.kr/bbs/kdca/55/228077/artclView.do,https://www.kdca.go.kr/bbs/kdca/55/228076/artclView.do,시설별인플루엔자관리지침
상호주의 원칙에 따른 코로나19 입원격리 치료비 지원 국가 안내(2022년 12월),2022.12.01,2022,KDCA게시판,,2,https://www.kdca.go.kr/bbs/kdca/55/228074/artclView.do,https://www.kdca.go.kr/bbs/kdca/55/228068/artclView.do,상호주의원칙에따른코로나19입원격리치료비지원국가
2022-2023절기 인플루엔자 관리 지침,2022.11.22,2022,KDCA게시판,Y,1,https://www.kdca.go.kr/bbs/kdca/55/228072/artclView.do,,20222023절기인플루엔자관리지침
코로나19 백신 해동·소분·유통에 대한 지침(4차 개정),2022.11.16,2022,KDCA게시판,Y,1,https://www.kdca.go.kr/bbs/kdca/55/228071/artclView.do,,코로나19백신해동소분유통에대한지침
인수공통감염병 공동 역학조사 매뉴얼(2.브루셀라증(병)),2022.11.10,2022,KDCA게시판,Y,1,https://www.kdca.go.kr/bbs/kdca/55/228070/artclView.do,,인수공통감염병공동역학조사매뉴얼)
2022 법정감염병 진단·신고기준,2022.11.03,2022,KDCA게시판,Y,1,https://www.kdca.go.kr/bbs/kdca/55/228069/artclView.do,,2022법정감염병진단신고기준
2022년 예방접종 후 이상반응 관리지침,2022.10.17,2022,KDCA게시판,,3,https://www.kdca.go.kr/bbs/kdca/55/228066/artclView.do,,예방접종후이상반응관리지침
원인 불명 질병 집단감염 대응지침(제2판),2022.09.20,2022,KDCA게시판,,4,https://www.kdca.go.kr/bbs/kdca/55/228062/artclView.do,,원인불명질병집단감염대응지침
2022년 요양. 정신병원 감염관리 Tool kit,2022.09.08,2022,KDCA게시판,Y,1,https://www.kdca.go.kr/bbs/kdca/55/228060/artclView.do,,요양정신병원감염관리Toolkit
원숭이두창 치료제 사용 안내서(2판) 개정,2022.09.08,2022,KDCA게시판,Y,1,https://www.kdca.go.kr/bbs/kdca/55/228059/artclView.do,,원숭이두창치료제사용서
2022 국가지정 입원치료병상 운영과 관리 지침,2022.09.02,2022,KDCA게시판,Y,1,https://www.kdca.go.kr/bbs/kdca/55/228057/artclView.do,,2022국가지정입원치료병상운영과관리지침
원숭이두창 대응지침(지자체용) 제3판,2022.08.16,2022,KDCA게시판,Y,1,https://www.kdca.go.kr/bbs/kdca/55/228054/artclView.do,https://www.kdca.go.kr/bbs/kdca/55/228039/artclView.do,원숭이두창대응지침
코로나바이러스감염증-19 대응 지침(지자체용) 제13-1판,2022.08.12,2022,KDCA게시판,Y,1,https://www.kdca.go.kr/bbs/kdca/55/228053/artclView.do,,코로나바이러스감염증19대응지침제131판
"2022-2023절기 인플루엔자 국가예방접종 지원사업 관리지침(보건소용,의료기관용)",2022.08.12,2022,KDCA게시판,Y,1,https://www.kdca.go.kr/bbs/kdca/55/228052/artclView.do,,20222023절기인플루엔자국가예방접종지원사업관리지침
코로나바이러스감염증-19 재택치료 안내서(제8판) 개정,2022.08.01,2022,KDCA게시판,,3,https://www.kdca.go.kr/bbs/kdca/55/228051/artclView.do,https://www.kdca.go.kr/bbs/kdca/55/227968/artclView.do,코로나바이러스감염증19재택치료서
코로나바이러스감염증-19 치료제 사용 안내서(제7-2판) 개정,2022.07.18,2022,KDCA게시판,,3,https://www.kdca.go.kr/bbs/kdca/55/228047/artclView.do,https://www.kdca.go.kr/bbs/kdca/55/228023/artclView.do,코로나바이러스감염증19치료제사용서
코로나바이러스감염증-19 예방접종 후 이상반응 관리지침(2-2판),2022.07.18,2022,KDCA게시판,Y,1,https://www.kdca.go.kr/bbs/kdca/55/228046/artclView.do,,코로나바이러스감염증19예방접종후이상반응관리지침
4차접종 대상질환 안내문,2022.07.15,2022,KDCA게시판,Y,1,https://www.kdca.go.kr/bbs/kdca/55/228045/artclView.do,,4차접종대상질환문
코로나19 입원격리 치료비 지원업무 지침(제9판) 개정 안내,2022.07.15,2022,KDCA게시판,Y,1,https://www.kdca.go.kr/bbs/kdca/55/228044/artclView.do,,코로나19입원격리치료비지원업무지침
의료기관 결핵관리 안내(3차 개정판),2022.07.13,2022,KDCA게시판,Y,2,https://www.kdca.go.kr/bbs/kdca/55/228043/artclView.do,,의료기관결핵관리
코로나19 입원·격리자 생활지원비(4판) 및 유급휴가비용(4판) 지원사업 안내,2022.07.11,2022,KDCA게시판,,3,https://www.kdca.go.kr/bbs/kdca/55/228041/artclView.do,https://www.kdca.go.kr/bbs/kdca/55/227997/artclView.do,코로나19입원격리자생활지원비유급휴가비용지원사업
"코로나19 먹는치료제 2종(팍스로비드, 라게브리오) '복약설명서'_14개국 번역본",2022.07.07,2022,KDCA게시판,Y,1,https://www.kdca.go.kr/bbs/kdca/55/228040/artclView.do,,코로나19먹는치료제2종'복약설명서'14개국번역본
공중보건 위기소통 표준운영절차(3판),2022.07.06,2022,KDCA게시판,Y,1,https://www.kdca.go.kr/bbs/kdca/55/228038/artclView.do,,공중보건위기소통표준운영절차
다제내성결핵 치료 신약 사전심사 안내(요양기관용),2022.07.04,2022,KDCA게시판,Y,1,https://www.kdca.go.kr/bbs/kdca/55/228037/artclView.do,,다제내성결핵치료신약사전심사
코로나19 요양정신병원 감염예방관리 안내 제2판,2022.06.27,2022,KDCA게시판,Y,1,https://www.kdca.go.kr/bbs/kdca/55/228035/artclView.do,,코로나19요양정신병원감염예방관리
원숭이두창 검사실 진단 지침(제1판),2022.06.22,2022,KDCA게시판,Y,1,https://www.kdca.go.kr/bbs/kdca/55/228033/artclView.do,,원숭이두창검사실진단지침
법정감염병 진단검사 통합지침 3-2판,2022.06.20,2022,KDCA게시판,Y,1,https://www.kdca.go.kr/bbs/kdca/55/228032/artclView.do,,법정감염병진단검사통합지침32판
아토피·천식 안심학교 운영안내서(초등학교),2022.06.17,2022,KDCA게시판,,7,https://www.kdca.go.kr/bbs/kdca/55/228031/artclView.do,,아토피천식안심학교운영서
2022 구강검진 검진치과의사 상담 매뉴얼,2022.06.15,2022,KDCA게시판,Y,1,https://www.kdca.go.kr/bbs/kdca/55/228030/artclView.do,,2022구강검진검진치과의사상담매뉴얼
코로나바이러스감염증-19 예방을 위한 시험 방역관리 안내(제5판),2022.06.08,2022,KDCA게시판,,2,https://www.kdca.go.kr/bbs/kdca/55/228029/artclView.do,https://www.kdca.go.kr/bbs/kdca/55/228020/artclView.do,코로나바이러스감염증19예방을위한시험방역관리
2022년도 진드기·설치류 매개 감염병 관리지침,2022.06.03,2022,KDCA게시판,,7,https://www.kdca.go.kr/bbs/kdca/55/228027/artclView.do,,진드기설치류매개감염병관리지침
코로나바이러스감염증-19 대응 집단시설·다중이용시설 소독 안내 (제3-5판),2022.05.31,2022,KDCA게시판,Y,2,https://www.kdca.go.kr/bbs/kdca/55/228026/artclView.do,,코로나바이러스감염증19대응집단시설다중이용시설소독
항생제 사용관리(스튜어드십) 프로그램(ASP) 안내,2022.05.20,2022,KDCA게시판,Y,1,https://www.kdca.go.kr/bbs/kdca/55/228024/artclView.do,,항생제사용관리프로그램
코로나19 입원·격리자 생활지원비 지원사업 안내(3-4판),2022.05.13,2022,KDCA게시판,Y,1,https://www.kdca.go.kr/bbs/kdca/55/228022/artclView.do,,코로나19입원격리자생활지원비지원사업
마스크 착용 방역지침 준수 명령 및 과태료 부과 업무 안내서(제5판),2022.04.29,2022,KDCA게시판,Y,2,https://www.kdca.go.kr/bbs/kdca/55/228018/artclView.do,https://www.kdca.go.kr/bbs/kdca/55/227964/artclView.do,마스크착용방역지침준수명령과태료부과업무서
에볼라바이러스병 실무대응 지침(국가지정 입원치료병상 운영 의료기관용),2022.04.29,2022,KDCA게시판,Y,1,https://www.kdca.go.kr/bbs/kdca/55/228017/artclView.do,,에볼라바이러스병실무대응지침
2022년도 바이러스성 모기매개감염병 관리지침,2022.04.29,2022,KDCA게시판,,11,https://www.kdca.go.kr/bbs/kdca/55/228016/artclView.do,,바이러스성모기매개감염병관리지침
2022년도 말라리아 관리지침,2022.04.28,2022,KDCA게시판,,24,https://www.kdca.go.kr/bbs/kdca/55/228015/artclView.do,,말라리아관리지침
2022년 의료관련감염병 예방관리사업 지침,2022.04.27,2022,KDCA게시판,,5,https://www.kdca.go.kr/bbs/kdca/55/228014/artclView.do,,의료관련감염병예방관리사업지침
2022년도 의료관련감염병 관리지침,2022.04.27,2022,KDCA게시판,,10,https://www.kdca.go.kr/bbs/kdca/55/228013/artclView.do,,의료관련감염병관리지침
"2022년도 표본감시감염병 사용자 매뉴얼(시도용, 보건소용, 표본감시기관용)",2022.04.26,2022,KDCA게시판,Y,1,https://www.kdca.go.kr/bbs/kdca/55/228012/artclView.do,,표본감시감염병사용자매뉴얼
생활 방역 세부수칙 안내서 제6판,2022.04.26,2022,KDCA게시판,Y,1,https://www.kdca.go.kr/bbs/kdca/55/228011/artclView.do,,생활방역세부수칙서
코로나바이러스감염증-19 사망자 장례 관련 비용 지원(제8판) 안내(중단),2022.04.25,2022,KDCA게시판,Y,1,https://www.kdca.go.kr/bbs/kdca/55/228010/artclView.do,,코로나바이러스감염증19사망자장례관련비용지원
코로나바이러스감염증-19 사망자 장례 관련 감염예방관리 안내,2022.04.25,2022,KDCA게시판,Y,1,https://www.kdca.go.kr/bbs/kdca/55/228009/artclView.do,,코로나바이러스감염증19사망자장례관련감염예방관리
2022년도 C형간염 관리지침,2022.04.13,2022,KDCA게시판,Y,5,https://www.kdca.go.kr/bbs/kdca/55/228008/artclView.do,,C형간염관리지침
상호주의 원칙에 따른 코로나19 격리입원치료비 지원 국가 안내(2022년 4월),2022.03.31,2022,KDCA게시판,,5,https://www.kdca.go.kr/bbs/kdca/55/228005/artclView.do,https://www.kdca.go.kr/bbs/kdca/55/227977/artclView.do,상호주의원칙에따른코로나19격리입원치료비지원국가
2022년 검역업무지침,2022.03.30,2022,KDCA게시판,,9,https://www.kdca.go.kr/bbs/kdca/55/228004/artclView.do,,검역업무지침
코로나바이러스감염증-19 먹는치료제 투여를 위한 의료진 안내문 및 동영상,2022.03.29,2022,KDCA게시판,Y,1,https://www.kdca.go.kr/bbs/kdca/55/228003/artclView.do,,코로나바이러스감염증19먹는치료제투여를위한의료진문동영상
코로나바이러스감염증-19 치료제 사용 안내서(제6판) 및 제품설명서,2022.03.25,2022,KDCA게시판,Y,1,https://www.kdca.go.kr/bbs/kdca/55/228002/artclView.do,,코로나바이러스감염증19치료제사용서제품설명서
[별첨] 코로나바이러스감염증-19 치료제 사용안내 Q&A (22.03.25),2022.03.25,2022,KDCA게시판,Y,1,https://www.kdca.go.kr/bbs/kdca/55/228001/artclView.do,https://www.kdca.go.kr/bbs/kdca/55/227994/artclView.do,코로나바이러스감염증19치료제사용Q&A
코로나19 관련 주제별 안내문(9종),2022.03.23,2022,KDCA게시판,Y,1,https://www.kdca.go.kr/bbs/kdca/55/228000/artclView.do,,코로나19관련주제별문
2022년도 엔테로바이러스 감염증·수족구병 관리지침,2022.03.22,2022,KDCA게시판,,8,https://www.kdca.go.kr/bbs/kdca/55/227999/artclView.do,,엔테로바이러스감염증수족구병관리지침
2022년도 수인성 및 식품매개감염병 관리지침,2022.03.22,2022,KDCA게시판+감염병포털,,9,https://www.kdca.go.kr/bbs/kdca/55/227998/artclView.do,https://dportal.kdca.go.kr/pot/bbs/BD_selectBbs.do?q_bbsSn=1001&q_bbsDocNo=20220302047843853&q_clsfNo=0,수인성식품매개감염병관리지침
2022년도 예방접종 대상 감염병 관리 지침,2022.03.18,2022,KDCA게시판,,8,https://www.kdca.go.kr/bbs/kdca/55/227996/artclView.do,,예방접종대상감염병관리지침
코로나바이러스감염증-19 사망자 장례비용 지원 안내 제7판,2022.03.16,2022,KDCA게시판,Y,2,https://www.kdca.go.kr/bbs/kdca/55/227995/artclView.do,https://www.kdca.go.kr/bbs/kdca/55/227958/artclView.do,코로나바이러스감염증19사망자장례비용지원
코로나19 치료제 사용 안내서(제5판) 및 교육자료(0315),2022.03.16,2022,KDCA게시판,Y,1,https://www.kdca.go.kr/bbs/kdca/55/227993/artclView.do,https://www.kdca.go.kr/bbs/kdca/55/227972/artclView.do,코로나19치료제사용서교육자료
2022년도 기생충감염병 관리지침,2022.03.16,2022,KDCA게시판,,8,https://www.kdca.go.kr/bbs/kdca/55/227992/artclView.do,,기생충감염병관리지침
코로나바이러스감염증-19 대응 지침(지자체용) 제12판,2022.03.14,2022,KDCA게시판,Y,1,https://www.kdca.go.kr/bbs/kdca/55/227989/artclView.do,https://www.kdca.go.kr/bbs/kdca/55/227963/artclView.do,코로나바이러스감염증19대응지침
코로나바이러스감염증-19 입원격리(재택)치료비 지원업무(제8-1판),2022.03.14,2022,KDCA게시판,Y,1,https://www.kdca.go.kr/bbs/kdca/55/227988/artclView.do,,코로나바이러스감염증19입원격리치료비지원업무
소아 재택치료 증상별 대응요령,2022.03.10,2022,KDCA게시판,Y,1,https://www.kdca.go.kr/bbs/kdca/55/227987/artclView.do,,소아재택치료증상별대응요령
코로나바이러스감염증-19 의료기관 감염예방관리(제2판),2022.03.10,2022,KDCA게시판,Y,3,https://www.kdca.go.kr/bbs/kdca/55/227986/artclView.do,,코로나바이러스감염증19의료기관감염예방관리
2022년 법정감염병 진단·신고기준,2022.03.10,2022,감염병포털,Y,7,https://dportal.kdca.go.kr/pot/bbs/BD_selectBbs.do?q_bbsSn=1001&q_bbsDocNo=20220310892457394&q_clsfNo=0,,법정감염병진단신고기준
코로나19 확진자 조사서(17개 국어),2022.03.07,2022,KDCA게시판,Y,1,https://www.kdca.go.kr/bbs/kdca/55/227984/artclView.do,,코로나19확진자조사서
"2022년도 호흡기감염병(성홍열, 레지오넬라증, 급성호흡기감염증) 관리 지침",2022.03.07,2022,KDCA게시판,,7,https://www.kdca.go.kr/bbs/kdca/55/227983/artclView.do,,호흡기감염병관리지침
2022년 한센병사업 관리지침,2022.03.07,2022,KDCA게시판,,8,https://www.kdca.go.kr/bbs/kdca/55/227982/artclView.do,,한센병사업관리지침
2022년도 수막구균 감염증 관리 지침,2022.03.07,2022,KDCA게시판,Y,3,https://www.kdca.go.kr/bbs/kdca/55/227981/artclView.do,,수막구균감염증관리지침
2022년 지역사회 통합건강증진사업 안내[아토피·천식 예방관리],2022.03.03,2022,KDCA게시판,,11,https://www.kdca.go.kr/bbs/kdca/55/227980/artclView.do,https://www.kdca.go.kr/bbs/kdca/55/227952/artclView.do,지역사회통합건강증진사업
2022년도 크로이츠펠트-야콥병 관리 지침,2022.03.02,2022,KDCA게시판,,11,https://www.kdca.go.kr/bbs/kdca/55/227979/artclView.do,,크로이츠펠트야콥병관리지침
2022년도 인수공통감염병 관리 지침,2022.03.02,2022,KDCA게시판,,9,https://www.kdca.go.kr/bbs/kdca/55/227978/artclView.do,,인수공통감염병관리지침
2022년도 엔테로바이러스 관리지침,2022.03.02,2022,감염병포털,Y,1,https://dportal.kdca.go.kr/pot/bbs/BD_selectBbs.do?q_bbsSn=1001&q_bbsDocNo=20220302615066215&q_clsfNo=0,,엔테로바이러스관리지침
팍스로비드 투여 전 건강상태 자가점검표 (14개국어 번역본),2022.02.28,2022,KDCA게시판,Y,1,https://www.kdca.go.kr/bbs/kdca/55/227976/artclView.do,https://www.kdca.go.kr/bbs/kdca/55/227939/artclView.do,팍스로비드투여전건강상태자가점검표
팍스로비드 환자용 안내문(14개국어 번역본),2022.02.28,2022,KDCA게시판,Y,1,https://www.kdca.go.kr/bbs/kdca/55/227975/artclView.do,https://www.kdca.go.kr/bbs/kdca/55/227969/artclView.do,팍스로비드환자용문
2022년 HIV/AIDS 관리지침,2022.02.24,2022,KDCA게시판+감염병포털,,14,https://www.kdca.go.kr/bbs/kdca/55/227974/artclView.do,https://dportal.kdca.go.kr/pot/bbs/BD_selectBbs.do?q_bbsSn=1001&q_bbsDocNo=20220311456878346&q_clsfNo=0,HIV/AIDS관리지침
코로나19 신속항원검사 시행 지침(지자체용) 1-3판,2022.02.21,2022,KDCA게시판,Y,1,https://www.kdca.go.kr/bbs/kdca/55/227973/artclView.do,,코로나19신속항원검사시행지침13판
(Q&A) 재택치료 궁금증(의료기관 및 약국),2022.02.21,2022,KDCA게시판,Y,1,https://www.kdca.go.kr/bbs/kdca/55/227971/artclView.do,,재택치료궁금증
팍스로비드 Q&A [치료제 사용안내서 4-2판_붙임.3-11],2022.02.17,2022,KDCA게시판,Y,1,https://www.kdca.go.kr/bbs/kdca/55/227970/artclView.do,,팍스로비드Q&A
코로나19 접종증명·음성확인제 지침(제3-5판),2022.02.16,2022,KDCA게시판,Y,2,https://www.kdca.go.kr/bbs/kdca/55/227967/artclView.do,https://www.kdca.go.kr/bbs/kdca/55/227962/artclView.do,코로나19접종증명음성확인제지침
2022년 성매개감염병 관리지침,2022.02.14,2022,KDCA게시판,,12,https://www.kdca.go.kr/bbs/kdca/55/227965/artclView.do,,성매개감염병관리지침
"코로나19 확진자 및 동거인 안내문, 자주하는 질문(FAQ)",2022.02.10,2022,KDCA게시판,Y,1,https://www.kdca.go.kr/bbs/kdca/55/227961/artclView.do,,코로나19확진자동거인문자주하는질문
코로나19 치료제 사용 안내서(제4-2판),2022.02.07,2022,KDCA게시판,Y,1,https://www.kdca.go.kr/bbs/kdca/55/227959/artclView.do,https://www.kdca.go.kr/bbs/kdca/55/227944/artclView.do,코로나19치료제사용서
코로나바이러스감염증-19 신속항원검사 시행 지침(지자체용) 1-2판,2022.02.03,2022,KDCA게시판,Y,1,https://www.kdca.go.kr/bbs/kdca/55/227957/artclView.do,,코로나바이러스감염증19신속항원검사시행지침12판
코로나19 의료기관 감염예방관리(통합본) 배포,2022.02.03,2022,KDCA게시판,Y,1,https://www.kdca.go.kr/bbs/kdca/55/227956/artclView.do,,코로나19의료기관감염예방관리배포
2022년 시도 심뇌혈관질환 예방관리사업 안내,2022.01.27,2022,KDCA게시판,,11,https://www.kdca.go.kr/bbs/kdca/55/227954/artclView.do,,시도심뇌혈관질환예방관리사업
2022년 고혈압 당뇨병 등록관리사업 표준 실무지침,2022.01.27,2022,KDCA게시판,,12,https://www.kdca.go.kr/bbs/kdca/55/227953/artclView.do,,고혈압당뇨병등록관리사업표준실무지침
팍스로비드 투여를 위한 의료진 안내문 [치료제 사용안내서 4-2판_붙임.3-10],2022.01.26,2022,KDCA게시판,Y,1,https://www.kdca.go.kr/bbs/kdca/55/227951/artclView.do,,팍스로비드투여를위한의료진문
"제1급감염병 두창,페스트,탄저,보툴리눔독소증,야토병 대응 지침(22년판)",2022.01.25,2022,KDCA게시판,,4,https://www.kdca.go.kr/bbs/kdca/55/227949/artclView.do,,제1급감염병두창페스트탄저보툴리눔독소증야토병대응지침
제1급감염병 바이러스성출혈열 대응 지침(22년판),2022.01.25,2022,KDCA게시판,,4,https://www.kdca.go.kr/bbs/kdca/55/227948/artclView.do,,제1급감염병바이러스성출혈열대응지침
제1급감염병 동물인플루엔자 인체감염증 대응 지침(22년판),2022.01.25,2022,KDCA게시판,,4,https://www.kdca.go.kr/bbs/kdca/55/227947/artclView.do,,제1급감염병동물인플루엔자인체감염증대응지침
제1급감염병 중증급성호흡기증후군(SARS) 대응 지침(22년판),2022.01.25,2022,KDCA게시판,Y,3,https://www.kdca.go.kr/bbs/kdca/55/227946/artclView.do,,제1급감염병중증급성호흡기증후군대응지침
제1급감염병 중동호흡기증후군(MERS) 대응 지침(22년판),2022.01.25,2022,KDCA게시판,Y,3,https://www.kdca.go.kr/bbs/kdca/55/227945/artclView.do,,제1급감염병중동호흡기증후군대응지침
바이러스성출혈열 대응지침입니다.,2022.01.25,2022,감염병포털,Y,1,https://dportal.kdca.go.kr/pot/bbs/BD_selectBbs.do?q_bbsSn=1001&q_bbsDocNo=20220125886432776&q_clsfNo=0,,바이러스성출혈열대응지침입니다
동물인플루엔자 인체감염증 대응지침 입니다.,2022.01.25,2022,감염병포털,Y,1,https://dportal.kdca.go.kr/pot/bbs/BD_selectBbs.do?q_bbsSn=1001&q_bbsDocNo=20220125784788667&q_clsfNo=0,,동물인플루엔자인체감염증대응지침입니다
"두창, 페스트, 탄저, 보툴리눔독소증, 야토병 대응지침입니다.",2022.01.25,2022,감염병포털,Y,1,https://dportal.kdca.go.kr/pot/bbs/BD_selectBbs.do?q_bbsSn=1001&q_bbsDocNo=20220125628280733&q_clsfNo=0,,두창페스트탄저보툴리눔독소증야토병대응지침입니다
중증급성호흡기증후군(SARS) 대응지침입니다.,2022.01.25,2022,감염병포털,Y,1,https://dportal.kdca.go.kr/pot/bbs/BD_selectBbs.do?q_bbsSn=1001&q_bbsDocNo=20220125546375205&q_clsfNo=0,,중증급성호흡기증후군대응지침입니다
중동호흡기증후군(MERS) 대응지침입니다.,2022.01.25,2022,감염병포털,Y,1,https://dportal.kdca.go.kr/pot/bbs/BD_selectBbs.do?q_bbsSn=1001&q_bbsDocNo=20220125213542588&q_clsfNo=0,,중동호흡기증후군대응지침입니다
법정감염병 진단검사 통합지침 제3-1판,2022.01.19,2022,KDCA게시판,Y,1,https://www.kdca.go.kr/bbs/kdca/55/227941/artclView.do,,법정감염병진단검사통합지침제31판
코로나바이러스감염증-19 대응지침(지자체용) 제10-3판,2022.01.03,2022,KDCA게시판,Y,1,https://www.kdca.go.kr/bbs/kdca/55/227936/artclView.do,,코로나바이러스감염증19대응지침제103판
"백신 보관 및 관리 가이드라인(보건소·의료기관용, '21.12, 질병관리청)",2022.01.03,2022,KDCA게시판,,2,https://www.kdca.go.kr/bbs/kdca/55/227935/artclView.do,,백신보관관리가이드라인
2022년 결핵관리지침,2021.12.31,2022,KDCA게시판,,7,https://www.kdca.go.kr/bbs/kdca/55/227933/artclView.do,,결핵관리지침
2022년도 감염병 관리 사업 안내,2021.12.30,2022,KDCA게시판+감염병포털,,5,https://www.kdca.go.kr/bbs/kdca/55/227931/artclView.do,https://dportal.kdca.go.kr/pot/bbs/BD_selectBbs.do?q_bbsSn=1001&q_bbsDocNo=20220111049307881&q_clsfNo=0,감염병관리사업
2021 영유아 건강검진 검진의사 상담매뉴얼 개정판(2024년),2025.01.15,2021,KDCA게시판,Y,1,https://www.kdca.go.kr/bbs/kdca/55/228265/artclView.do,https://www.kdca.go.kr/bbs/kdca/55/227940/artclView.do,2021영유아건강검진검진의사상담매뉴얼
2021 영유아건강검진 검진의사 상담 매뉴얼 및 보호자용 설명서 수정본,2022.07.19,2021,KDCA게시판,Y,1,https://www.kdca.go.kr/bbs/kdca/55/228048/artclView.do,,2021영유아건강검진검진의사상담매뉴얼보호자용설명서수정본
2021년 요양병원 감염관리 toolkit,2022.01.19,2021,KDCA게시판,,2,https://www.kdca.go.kr/bbs/kdca/55/227942/artclView.do,,요양병원감염관리toolkit
생활 방역 세부수칙 안내서 제5-2판,2021.12.30,2021,KDCA게시판,Y,1,https://www.kdca.go.kr/bbs/kdca/55/227932/artclView.do,,생활방역세부수칙서제52판
주요 감염병 매개모기 방제 지침 (개정판),2021.12.28,2021,KDCA게시판,,3,https://www.kdca.go.kr/bbs/kdca/55/227930/artclView.do,,주요감염병매개모기방제지침
코로나-19 접종증명·음성확인제 지침(제2-2판),2021.12.20,2021,KDCA게시판,,2,https://www.kdca.go.kr/bbs/kdca/55/227929/artclView.do,https://www.kdca.go.kr/bbs/kdca/55/227926/artclView.do,코로나19접종증명음성확인제지침
코로나19 입원·격리자 생활지원비(2-7판) 및 유급휴가비용(2-6판) 지원사업 안내,2021.12.14,2021,KDCA게시판,,3,https://www.kdca.go.kr/bbs/kdca/55/227928/artclView.do,,코로나19입원격리자생활지원비유급휴가비용지원사업
학교기반 비만 예방 프로그램 가이드라인,2021.12.08,2021,KDCA게시판,Y,1,https://www.kdca.go.kr/bbs/kdca/55/227927/artclView.do,,학교기반비만예방프로그램가이드라인
상호주의 원칙에 따른 코로나19 격리입원치료비 지원 국가 안내(2021년 12월),2021.12.03,2021,KDCA게시판,,5,https://www.kdca.go.kr/bbs/kdca/55/227925/artclView.do,https://www.kdca.go.kr/bbs/kdca/55/227879/artclView.do,상호주의원칙에따른코로나19격리입원치료비지원국가
마스크 착용 방역지침 준수 명령 및 과태료 부과 업무 안내서(제4-1판),2021.11.25,2021,KDCA게시판,,2,https://www.kdca.go.kr/bbs/kdca/55/227924/artclView.do,,마스크착용방역지침준수명령과태료부과업무서
코로나바이러스감염증-19 대응 지침(지자체용) 제10-2판,2021.11.25,2021,KDCA게시판,Y,1,https://www.kdca.go.kr/bbs/kdca/55/227923/artclView.do,,코로나바이러스감염증19대응지침제102판
2021-2022절기 인플루엔자 관리지침,2021.11.19,2021,KDCA게시판+감염병포털,Y,1,https://www.kdca.go.kr/bbs/kdca/55/227922/artclView.do,https://dportal.kdca.go.kr/pot/bbs/BD_selectBbs.do?q_bbsSn=1001&q_bbsDocNo=20220110502426489&q_clsfNo=0,20212022절기인플루엔자관리지침
코로나19 예방접종 실시기준 개정 및 관련 FAQ(21.11.17.),2021.11.19,2021,KDCA게시판,,3,https://www.kdca.go.kr/bbs/kdca/55/227921/artclView.do,https://www.kdca.go.kr/bbs/kdca/55/227911/artclView.do,코로나19예방접종실시기준관련FAQ
코로나바이러스감염증-19 재택치료 안내서(제4판) 개정 안내,2021.11.09,2021,KDCA게시판,,3,https://www.kdca.go.kr/bbs/kdca/55/227918/artclView.do,,코로나바이러스감염증19재택치료서
코로나19 대응지침 지자체용(10-1판) 중 진단검사관련 일부개정 안내(의료기관 선별진료소 무료검사 대상 구분),2021.11.08,2021,KDCA게시판,Y,1,https://www.kdca.go.kr/bbs/kdca/55/227917/artclView.do,,코로나19대응지침지자체용중진단검사관련일부
코로나바이러스-19 임시선별검사소 운영 안내 지침(1-3판),2021.11.08,2021,KDCA게시판,Y,1,https://www.kdca.go.kr/bbs/kdca/55/227916/artclView.do,https://www.kdca.go.kr/bbs/kdca/55/227876/artclView.do,코로나바이러스19임시선별검사소운영지침
의료관련감염 집단발생 공동대응 매뉴얼 제2판,2021.11.03,2021,KDCA게시판,Y,1,https://www.kdca.go.kr/bbs/kdca/55/227915/artclView.do,,의료관련감염집단발생공동대응매뉴얼
의료관련감염 집단발생 대응 안내 제2판,2021.11.03,2021,KDCA게시판,,4,https://www.kdca.go.kr/bbs/kdca/55/227914/artclView.do,,의료관련감염집단발생대응
생활 방역 세부수칙 안내서 제5-1판,2021.11.02,2021,KDCA게시판,Y,1,https://www.kdca.go.kr/bbs/kdca/55/227912/artclView.do,,생활방역세부수칙서제51판
국립보건연구원 정책연구용역 관리안내(2021.10.29.),2021.10.29,2021,KDCA게시판,Y,1,https://www.kdca.go.kr/bbs/kdca/55/227920/artclView.do,,국립보건연구원정책연구용역관리
코로나19 예방접종 후 이상반응 관리지침 2판,2021.10.19,2021,KDCA게시판,Y,1,https://www.kdca.go.kr/bbs/kdca/55/227910/artclView.do,,코로나19예방접종후이상반응관리지침2판
국립보건연구원 연구개발과제 관리지침(2021.10.18.),2021.10.18,2021,KDCA게시판,Y,1,https://www.kdca.go.kr/bbs/kdca/55/227919/artclView.do,https://www.kdca.go.kr/bbs/kdca/55/227824/artclView.do,국립보건연구원연구개발과제관리지침
코로나19 예방접종 후 발생한 혈소판감소설 혈전증 의료인용 안내서 2판,2021.10.08,2021,KDCA게시판,Y,1,https://www.kdca.go.kr/bbs/kdca/55/227909/artclView.do,,코로나19예방접종후발생한혈소판감소설혈전증의료인용서2판
코로나19 임신부 예방접종 안내문 및 FAQ,2021.10.06,2021,KDCA게시판,Y,1,https://www.kdca.go.kr/bbs/kdca/55/227908/artclView.do,,코로나19임신부예방접종문FAQ
코로나19 소아청소년 예방접종 안내문 및 FAQ,2021.10.06,2021,KDCA게시판,Y,1,https://www.kdca.go.kr/bbs/kdca/55/227907/artclView.do,,코로나19소아청소년예방접종문FAQ
2021년 예방접종 후 이상반응 관리지침,2021.10.01,2021,KDCA게시판,,3,https://www.kdca.go.kr/bbs/kdca/55/227906/artclView.do,,예방접종후이상반응관리지침
코로나19 백신 처리절차 안내,2021.09.23,2021,KDCA게시판,Y,1,https://www.kdca.go.kr/bbs/kdca/55/227905/artclView.do,,코로나19백신처리절차
코로나19 항체검사 관련 Q&A,2021.09.17,2021,KDCA게시판,Y,1,https://www.kdca.go.kr/bbs/kdca/55/227904/artclView.do,,코로나19항체검사관련Q&A
"2021-2022절기 인플루엔자 국가예방접종 지원사업 관리지침(보건소용,의료기관용) (9.7.지침 수정)",2021.09.10,2021,KDCA게시판,Y,1,https://www.kdca.go.kr/bbs/kdca/55/227903/artclView.do,https://www.kdca.go.kr/bbs/kdca/55/227898/artclView.do,20212022절기인플루엔자국가예방접종지원사업관리지침
코로나19 분자진단검사를 위한 이동형 검사실 운영지침(제1판),2021.09.02,2021,KDCA게시판,Y,1,https://www.kdca.go.kr/bbs/kdca/55/227902/artclView.do,,코로나19분자진단검사를위한이동형검사실운영지침
「코로나바이러스감염증-19 자가치료 안내서」 (3-1판),2021.09.02,2021,KDCA게시판,Y,1,https://www.kdca.go.kr/bbs/kdca/55/227901/artclView.do,https://www.kdca.go.kr/bbs/kdca/55/227883/artclView.do,코로나바이러스감염증19자가치료서
2021년 의료인을 위한 말라리아 예방 및 관리 안내서,2021.07.29,2021,KDCA게시판,,2,https://www.kdca.go.kr/bbs/kdca/55/227900/artclView.do,,의료인을위한말라리아예방관리서
코로나19 예방접종 후 이상반응 관리지침 1-3판,2021.07.23,2021,KDCA게시판,Y,1,https://www.kdca.go.kr/bbs/kdca/55/227899/artclView.do,,코로나19예방접종후이상반응관리지침13판
2021년 성매개감염병 관리지침 개정판(7.19),2021.07.20,2021,KDCA게시판,,12,https://www.kdca.go.kr/bbs/kdca/55/227897/artclView.do,https://www.kdca.go.kr/bbs/kdca/55/227893/artclView.do,성매개감염병관리지침
수도권 및 비수도권 임시선별검사소 운영현황(7.12),2021.07.09,2021,KDCA게시판,Y,1,https://www.kdca.go.kr/bbs/kdca/55/227896/artclView.do,,수도권비수도권임시선별검사소운영현황
코로나19 예방접종 사업지침 - 예방접종센터용(3판),2021.07.08,2021,KDCA게시판,Y,1,https://www.kdca.go.kr/bbs/kdca/55/227895/artclView.do,https://www.kdca.go.kr/bbs/kdca/55/227885/artclView.do,코로나19예방접종사업지침예방접종센터용
"풍수해(「태풍·호우, 대설」) 감염병 대응 매뉴얼(2021년판)",2021.07.07,2021,KDCA게시판,,4,https://www.kdca.go.kr/bbs/kdca/55/227894/artclView.do,,풍수해감염병대응매뉴얼
코로나바이러스감염증-19 예방접종 후 이상반응 관리지침(1-2판) 수정,2021.07.01,2021,KDCA게시판,Y,1,https://www.kdca.go.kr/bbs/kdca/55/227892/artclView.do,,코로나바이러스감염증19예방접종후이상반응관리지침수정
"[역학조사팀] 코로나-19 역학조사서, 입원/격리통지서, 격리통지수령증, 역학조사고지문 번역본(15개 언어)",2021.06.30,2021,KDCA게시판,Y,1,https://www.kdca.go.kr/bbs/kdca/55/227891/artclView.do,,코로나19역학조사서입원/격리통지서격리통지수령증역학조사고지문번역본
2021년도 크로이츠펠트-야콥병 관리지침,2021.06.24,2021,KDCA게시판,,11,https://www.kdca.go.kr/bbs/kdca/55/227890/artclView.do,,크로이츠펠트야콥병관리지침
2021년도 인수공통감염병 관리지침,2021.06.24,2021,KDCA게시판,,9,https://www.kdca.go.kr/bbs/kdca/55/227889/artclView.do,,인수공통감염병관리지침
2021년도 지자체 표본감시 경상보조사업 예산집행 지침,2021.06.21,2021,KDCA게시판,Y,1,https://www.kdca.go.kr/bbs/kdca/55/227888/artclView.do,,지자체표본감시경상보조사업예산집행지침
코로나바이러스감염증-19 예방접종사업지침 병원급 이상 의료기관용(2판),2021.06.18,2021,KDCA게시판,Y,1,https://www.kdca.go.kr/bbs/kdca/55/227887/artclView.do,,코로나바이러스감염증19예방접종사업지침병원급이상의료기관용
2021년 진드기·설치류 매개 감염병 관리지침,2021.06.15,2021,KDCA게시판,,7,https://www.kdca.go.kr/bbs/kdca/55/227886/artclView.do,,진드기설치류매개감염병관리지침
코로나19 예방접종센터/위탁의료기관 「의사소통 도움 그림·글자판/시각 지원판」 사용 매뉴얼,2021.05.31,2021,KDCA게시판,Y,1,https://www.kdca.go.kr/bbs/kdca/55/227884/artclView.do,,코로나19예방접종센터/위탁의료기관의사소통도움그림글자판/시각지원판사용매뉴얼
2021년도 말라리아 관리지침,2021.05.18,2021,KDCA게시판,,24,https://www.kdca.go.kr/bbs/kdca/55/227882/artclView.do,,말라리아관리지침
코로나19 예방접종사업 지침 - 위탁의료기관용(1판),2021.05.13,2021,KDCA게시판,Y,1,https://www.kdca.go.kr/bbs/kdca/55/227881/artclView.do,https://www.kdca.go.kr/bbs/kdca/55/227852/artclView.do,코로나19예방접종사업지침위탁의료기관용
2021년도 의료관련감염병 예방관리사업 지침,2021.05.06,2021,KDCA게시판,,5,https://www.kdca.go.kr/bbs/kdca/55/227880/artclView.do,,의료관련감염병예방관리사업지침
제1급감염병 동물인플루엔자 인체감염증 대응지침,2021.04.26,2021,KDCA게시판,,4,https://www.kdca.go.kr/bbs/kdca/55/227878/artclView.do,https://www.kdca.go.kr/bbs/kdca/55/227832/artclView.do,제1급감염병동물인플루엔자인체감염증대응지침
코로나바이러스감염증-19 사망자 장례비용 지원 안내 제5판,2021.04.21,2021,KDCA게시판,,2,https://www.kdca.go.kr/bbs/kdca/55/227877/artclView.do,https://www.kdca.go.kr/bbs/kdca/55/227842/artclView.do,코로나바이러스감염증19사망자장례비용지원
장애인 대상 감염병 대응 매뉴얼 제2판,2021.04.21,2021,KDCA게시판,Y,1,https://www.kdca.go.kr/bbs/kdca/55/227875/artclView.do,,장애인대상감염병대응매뉴얼
코로나19 예방접종사업 지침 - 지자체용(2판),2021.04.16,2021,KDCA게시판,Y,1,https://www.kdca.go.kr/bbs/kdca/55/227874/artclView.do,,코로나19예방접종사업지침지자체용
2021년 지역사회 통합건강증진사업 안내[아토피·천식 예방관리] 지침,2021.04.14,2021,KDCA게시판,Y,1,https://www.kdca.go.kr/bbs/kdca/55/227873/artclView.do,,지역사회통합건강증진사업지침
코로나19 예방접종 후 혈소판감소증 동반 혈전증 관련 안내서(의료인용)1판,2021.04.13,2021,KDCA게시판,Y,1,https://www.kdca.go.kr/bbs/kdca/55/227872/artclView.do,,코로나19예방접종후혈소판감소증동반혈전증관련서1판
​코로나19 예방접종 후 이상반응 관리지침 제1-1판,2021.04.07,2021,KDCA게시판,Y,1,https://www.kdca.go.kr/bbs/kdca/55/227871/artclView.do,,​코로나19예방접종후이상반응관리지침제11판
2021년 수기명부 지침,2021.04.07,2021,KDCA게시판,Y,1,https://www.kdca.go.kr/bbs/kdca/55/227870/artclView.do,,수기명부지침
2021년 검역업무지침,2021.04.02,2021,KDCA게시판,,9,https://www.kdca.go.kr/bbs/kdca/55/227869/artclView.do,,검역업무지침
「코로나바이러스감염증-19 확진자 발생 의료기관 관리」관련 공지,2021.04.01,2021,KDCA게시판,Y,1,https://www.kdca.go.kr/bbs/kdca/55/227868/artclView.do,,코로나바이러스감염증19확진자발생의료기관관리관련공지
2021년도 C형간염 관리지침,2021.03.31,2021,KDCA게시판,,5,https://www.kdca.go.kr/bbs/kdca/55/227866/artclView.do,,C형간염관리지침
2021년도 수막구균 감염증 관리지침,2021.03.31,2021,KDCA게시판,,3,https://www.kdca.go.kr/bbs/kdca/55/227865/artclView.do,,수막구균감염증관리지침
코로나바이러스감염증-19 격리입원치료비 Q&A (`21.3.30),2021.03.30,2021,KDCA게시판,Y,1,https://www.kdca.go.kr/bbs/kdca/55/227864/artclView.do,,코로나바이러스감염증19격리입원치료비Q&A
코로나19 대응을 위한 방역관리자 업무 안내 (2판),2021.03.29,2021,KDCA게시판,Y,2,https://www.kdca.go.kr/bbs/kdca/55/227863/artclView.do,,코로나19대응을위한방역관리자업무
2021년도 의료관련감염병 관리지침,2021.03.26,2021,KDCA게시판,,10,https://www.kdca.go.kr/bbs/kdca/55/227861/artclView.do,,의료관련감염병관리지침
2021년도 예방접종 대상 감염병 관리지침,2021.03.25,2021,KDCA게시판,,8,https://www.kdca.go.kr/bbs/kdca/55/227860/artclView.do,,예방접종대상감염병관리지침
2021년도 기생충감염병 관리지침,2021.03.16,2021,KDCA게시판,,8,https://www.kdca.go.kr/bbs/kdca/55/227859/artclView.do,,기생충감염병관리지침
2021년 한센병사업 관리지침,2021.03.15,2021,KDCA게시판,,8,https://www.kdca.go.kr/bbs/kdca/55/227858/artclView.do,,한센병사업관리지침
2021년도 호흡기감염병 관리지침,2021.03.12,2021,KDCA게시판,,7,https://www.kdca.go.kr/bbs/kdca/55/227857/artclView.do,,호흡기감염병관리지침
2021년도 수인성‧식품매개감염병 관리 지침 및 엔테로바이러스 수족구 관리 지침,2021.03.12,2021,KDCA게시판,Y,1,https://www.kdca.go.kr/bbs/kdca/55/227856/artclView.do,,수인성식품매개감염병관리지침엔테로바이러스수족구관리지침
2021년 생물테러 대비 및 대응지침,2021.03.08,2021,KDCA게시판,,2,https://www.kdca.go.kr/bbs/kdca/55/227855/artclView.do,,생물테러대비대응지침
상호주의 원칙에 따른 국가별 치료비 지원 국가(`21.3월),2021.03.08,2021,KDCA게시판,,3,https://www.kdca.go.kr/bbs/kdca/55/227854/artclView.do,,상호주의원칙에따른국가별치료비지원국가
코로나19 예방접종 사업지침 - 병원급이상 의료기관(1판),2021.03.03,2021,KDCA게시판,Y,1,https://www.kdca.go.kr/bbs/kdca/55/227850/artclView.do,,코로나19예방접종사업지침병원급이상의료기관
코로나19 예방접종사업지침 지자체용(1판) 공유,2021.03.03,2021,KDCA게시판,Y,1,https://www.kdca.go.kr/bbs/kdca/55/227849/artclView.do,,코로나19예방접종사업지침지자체용공유
코로나19바이러스감염증-19 예방접종안내서(보건의료인용)1판 공유,2021.03.02,2021,KDCA게시판,Y,1,https://www.kdca.go.kr/bbs/kdca/55/227847/artclView.do,,코로나19바이러스감염증19예방접종서1판공유
코로나19 예방접종사업지침- 요양시설용 (제1-1판) 공유,2021.03.02,2021,KDCA게시판,Y,1,https://www.kdca.go.kr/bbs/kdca/55/227846/artclView.do,,코로나19예방접종사업지침요양시설용공유
코로나19 예방접종사업지침- 요양병원용 (제1-1판) 공유,2021.03.02,2021,KDCA게시판,Y,1,https://www.kdca.go.kr/bbs/kdca/55/227845/artclView.do,,코로나19예방접종사업지침요양병원용공유
아나필락시스 대응 매뉴얼 공유,2021.02.27,2021,KDCA게시판,Y,1,https://www.kdca.go.kr/bbs/kdca/55/227844/artclView.do,,아나필락시스대응매뉴얼공유
코로나19 예방접종 후 이상반응 관리지침 제1판 공유,2021.02.27,2021,KDCA게시판,Y,1,https://www.kdca.go.kr/bbs/kdca/55/227843/artclView.do,,코로나19예방접종후이상반응관리지침공유
코로나바이러스감염증-19 예방접종 예진표,2021.02.22,2021,KDCA게시판,Y,1,https://www.kdca.go.kr/bbs/kdca/55/227841/artclView.do,,코로나바이러스감염증19예방접종예진표
2021년 고혈압 당뇨병 등록관리사업 표준 실무지침,2021.02.22,2021,KDCA게시판,,12,https://www.kdca.go.kr/bbs/kdca/55/227840/artclView.do,,고혈압당뇨병등록관리사업표준실무지침
2021년 시도 심뇌혈관질환 예방관리사업 안내,2021.02.22,2021,KDCA게시판,,11,https://www.kdca.go.kr/bbs/kdca/55/227839/artclView.do,,시도심뇌혈관질환예방관리사업
2021년 지역사회 통합건강증진사업 안내(심뇌혈관질환 예방관리),2021.02.22,2021,KDCA게시판,,11,https://www.kdca.go.kr/bbs/kdca/55/227838/artclView.do,,지역사회통합건강증진사업
코로나바이러스감염증-19 감염취약시설 선제검사 안내,2021.02.19,2021,KDCA게시판,Y,1,https://www.kdca.go.kr/bbs/kdca/55/227837/artclView.do,,코로나바이러스감염증19감염취약시설선제검사
코로나바이러스감염증-19 의료기관 감염예방·관리(요양·정신의료기관용),2021.02.18,2021,KDCA게시판,,3,https://www.kdca.go.kr/bbs/kdca/55/227835/artclView.do,,코로나바이러스감염증19의료기관감염예방관리
자가격리자 일반진료 연계 지침,2021.02.10,2021,KDCA게시판,Y,1,https://www.kdca.go.kr/bbs/kdca/55/227834/artclView.do,,자가격리자일반진료연계지침
코로나19 백신 보관수송 관리지침 3차 개정판,2021.02.09,2021,KDCA게시판,Y,1,https://www.kdca.go.kr/bbs/kdca/55/227833/artclView.do,,코로나19백신보관수송관리지침
"제1급감염병 두창, 페스트, 탄저, 보툴리눔독소증, 야토병 대응지침",2021.02.04,2021,KDCA게시판,,4,https://www.kdca.go.kr/bbs/kdca/55/227831/artclView.do,,제1급감염병두창페스트탄저보툴리눔독소증야토병대응지침
제1급감염병 바이러스성출혈열 대응지침,2021.02.04,2021,KDCA게시판,,4,https://www.kdca.go.kr/bbs/kdca/55/227830/artclView.do,,제1급감염병바이러스성출혈열대응지침
제1급감염병 중동호흡기증후군[MERS] 대응지침,2021.02.04,2021,KDCA게시판,,3,https://www.kdca.go.kr/bbs/kdca/55/227829/artclView.do,,제1급감염병중동호흡기증후군대응지침
제1급감염병 중증급성호흡기증후군[SARS] 대응지침,2021.02.04,2021,KDCA게시판,,3,https://www.kdca.go.kr/bbs/kdca/55/227828/artclView.do,,제1급감염병중증급성호흡기증후군대응지침
2021년도 바이러스성 모기매개감염병 관리지침,2021.02.04,2021,KDCA게시판,,11,https://www.kdca.go.kr/bbs/kdca/55/227827/artclView.do,,바이러스성모기매개감염병관리지침
코로나바이러스감염증-19 사망자 장례비 지침,2021.01.25,2021,KDCA게시판,Y,1,https://www.kdca.go.kr/bbs/kdca/55/227825/artclView.do,,코로나바이러스감염증19사망자장례비지침
집단시설 내 코로나19 확진자 선별을 위한 신속항원검사 시행 방안 및 사용 안내서,2021.01.11,2021,KDCA게시판,Y,1,https://www.kdca.go.kr/bbs/kdca/55/227823/artclView.do,,집단시설내코로나19확진자선별을위한신속항원검사시행방안사용서
코로나바이러스감염증-19 대응 생활치료센터 운영 지침,2021.01.11,2021,KDCA게시판,Y,1,https://www.kdca.go.kr/bbs/kdca/55/227822/artclView.do,,코로나바이러스감염증19대응생활치료센터운영지침
2021년도 감염병 관리 사업 안내,2021.01.11,2021,KDCA게시판+감염병포털,,5,https://www.kdca.go.kr/bbs/kdca/55/227821/artclView.do,https://dportal.kdca.go.kr/pot/bbs/BD_selectBbs.do?q_bbsSn=1001&q_bbsDocNo=20210719956366737&q_clsfNo=0,감염병관리사업
코로나19 예방을 위한 시험 방역관리 안내 지침,2021.01.05,2021,KDCA게시판,Y,1,https://www.kdca.go.kr/bbs/kdca/55/227820/artclView.do,,코로나19예방을위한시험방역관리지침
2021 국가결핵관리 지침,2021.01.05,2021,KDCA게시판,Y,1,https://www.kdca.go.kr/bbs/kdca/55/227819/artclView.do,,2021국가결핵관리지침
요양병원 등 선제 검사 관련 지침 운영안내(1-2판),2021.01.01,2021,KDCA게시판,Y,1,https://www.kdca.go.kr/bbs/kdca/55/227818/artclView.do,,요양병원등선제검사관련지침운영
2021년 HIV/AIDS 관리지침,2020.12.30,2021,KDCA게시판+감염병포털,,14,https://www.kdca.go.kr/bbs/kdca/55/227814/artclView.do,https://dportal.kdca.go.kr/pot/bbs/BD_selectBbs.do?q_bbsSn=1001&q_bbsDocNo=20210105190523210&q_clsfNo=0,HIV/AIDS관리지침
2021년 영유아건강검진 검진의사 상담 매뉴얼 및 보호자용 설명서,2020.12.28,2021,KDCA게시판,Y,1,https://www.kdca.go.kr/bbs/kdca/55/227812/artclView.do,,영유아건강검진검진의사상담매뉴얼보호자용설명서
2020-2021 감염병 역학조사 연보,2024.08.23,2020,KDCA게시판,Y,1,https://www.kdca.go.kr/bbs/kdca/55/228234/artclView.do,,20202021감염병역학조사연보
2020 예방접종 후 이상반응 관리지침,2021.03.06,2020,KDCA게시판,Y,1,https://www.kdca.go.kr/bbs/kdca/55/227853/artclView.do,,2020예방접종후이상반응관리지침
코로나19 대응지침 의료기관용 1-2판 (2차 수정),2020.12.31,2020,KDCA게시판,Y,1,https://www.kdca.go.kr/bbs/kdca/55/227817/artclView.do,,코로나19대응지침의료기관용12판
코로나19 소아 자가치료 안내서,2020.12.31,2020,KDCA게시판,Y,1,https://www.kdca.go.kr/bbs/kdca/55/227816/artclView.do,,코로나19소아자가치료서
코로나19 확산방지를 위한 행동지침(9-3차) 및 상황별 대응 시나리오(9차),2020.12.30,2020,KDCA게시판,Y,1,https://www.kdca.go.kr/bbs/kdca/55/227815/artclView.do,,코로나19확산방지를위한행동지침상황별대응시나리오
법정감염병 분류체계 및 신고범위,2020.12.30,2020,감염병포털,Y,3,https://dportal.kdca.go.kr/pot/bbs/BD_selectBbs.do?q_bbsSn=1001&q_bbsDocNo=20201230171846647&q_clsfNo=0,https://dportal.kdca.go.kr/pot/bbs/BD_selectBbs.do?q_bbsSn=1001&q_bbsDocNo=20200922761833797&q_clsfNo=0,법정감염병분류체계신고범위
코로나바이러스감염증-19 선별진료소 운영 안내,2020.12.17,2020,KDCA게시판,Y,1,https://www.kdca.go.kr/bbs/kdca/55/227811/artclView.do,,코로나바이러스감염증19선별진료소운영
코로나바이러스감염증-19 치과 의료기관 감염예방관리,2020.12.17,2020,KDCA게시판,Y,1,https://www.kdca.go.kr/bbs/kdca/55/227810/artclView.do,,코로나바이러스감염증19치과의료기관감염예방관리
코로나바이러스감염증-19 의료기관 감염예방관리(의원급 의료기관용),2020.12.17,2020,KDCA게시판,,3,https://www.kdca.go.kr/bbs/kdca/55/227809/artclView.do,https://www.kdca.go.kr/bbs/kdca/55/227775/artclView.do,코로나바이러스감염증19의료기관감염예방관리
인플루엔자 관리 가이드라인_요양시설용 알림,2020.12.16,2020,KDCA게시판,Y,1,https://www.kdca.go.kr/bbs/kdca/55/227808/artclView.do,,인플루엔자관리가이드라인요양시설용알림
인플루엔자 관리 가이드라인(요양기관용),2020.12.16,2020,감염병포털,Y,2,https://dportal.kdca.go.kr/pot/bbs/BD_selectBbs.do?q_bbsSn=1001&q_bbsDocNo=20201216887608148&q_clsfNo=0,https://dportal.kdca.go.kr/pot/bbs/BD_selectBbs.do?q_bbsSn=1001&q_bbsDocNo=20201125503518370&q_clsfNo=0,인플루엔자관리가이드라인
인플루엔자 관리지침,2020.12.16,2020,감염병포털,Y,3,https://dportal.kdca.go.kr/pot/bbs/BD_selectBbs.do?q_bbsSn=1001&q_bbsDocNo=20201216564660779&q_clsfNo=0,,인플루엔자관리지침
임시선별검사소 설치 현황자료입니다.(1.11.기준),2020.12.14,2020,KDCA게시판,Y,1,https://www.kdca.go.kr/bbs/kdca/55/227807/artclView.do,,임시선별검사소설치현황자료입니다
상호주의 원칙에 따른 코로나19 격리입원치료비 지원 국가 안내(12월),2020.11.27,2020,KDCA게시판,,5,https://www.kdca.go.kr/bbs/kdca/55/227806/artclView.do,https://www.kdca.go.kr/bbs/kdca/55/227797/artclView.do,상호주의원칙에따른코로나19격리입원치료비지원국가
코로나바이러스감염증-19 진단검사비 지원 안내(8판)(보건소외 의료기관용),2020.11.27,2020,KDCA게시판,Y,1,https://www.kdca.go.kr/bbs/kdca/55/227805/artclView.do,https://www.kdca.go.kr/bbs/kdca/55/227804/artclView.do,코로나바이러스감염증19진단검사비지원
"인플루엔자 관리 가이드라인(어린이집, 유치원, 학교 용) 알림",2020.11.25,2020,KDCA게시판,Y,1,https://www.kdca.go.kr/bbs/kdca/55/227803/artclView.do,https://www.kdca.go.kr/bbs/kdca/55/227802/artclView.do,인플루엔자관리가이드라인알림
코로나19 신속항원검사 대응 및 조치 안내,2020.11.23,2020,KDCA게시판,Y,1,https://www.kdca.go.kr/bbs/kdca/55/227801/artclView.do,,코로나19신속항원검사대응조치
2020년도 폴리오 발생대비 및 대응 지침,2020.11.18,2020,KDCA게시판,Y,1,https://www.kdca.go.kr/bbs/kdca/55/227800/artclView.do,,폴리오발생대비대응지침
코로나19-인플루엔자 동시유행 대비 일반 의료기관 진료절차 안내,2020.11.13,2020,KDCA게시판,Y,1,https://www.kdca.go.kr/bbs/kdca/55/227799/artclView.do,,코로나19인플루엔자동시유행대비일반의료기관진료절차
2020-2021절기 인플루엔자 관리지침,2020.11.04,2020,KDCA게시판,Y,1,https://www.kdca.go.kr/bbs/kdca/55/227798/artclView.do,,20202021절기인플루엔자관리지침
크로이츠펠트-야콥병 안내서,2020.10.26,2020,KDCA게시판,,4,https://www.kdca.go.kr/bbs/kdca/55/227796/artclView.do,,크로이츠펠트야콥병서
질병관리청 기관생명윤리위원회 표준운영지침_2020년,2020.10.15,2020,KDCA게시판,Y,1,https://www.kdca.go.kr/bbs/kdca/55/227795/artclView.do,,질병관리청기관생명윤리위원회표준운영지침
확진환자의 이동경로 등 정보공개 지침(1판) 안내,2020.10.08,2020,KDCA게시판,Y,1,https://www.kdca.go.kr/bbs/kdca/55/227794/artclView.do,,확진환자의이동경로등정보공개지침
"2020-2021절기 인플루엔자 국가예방접종 지원사업 지침(보건소용, 의료기관용)",2020.08.21,2020,KDCA게시판,Y,1,https://www.kdca.go.kr/bbs/kdca/55/227792/artclView.do,,20202021절기인플루엔자국가예방접종지원사업지침
코로나바이러스감염증-19 대응 집단시설·다중이용시설 소독 안내(제3-4판),2020.08.20,2020,KDCA게시판,,2,https://www.kdca.go.kr/bbs/kdca/55/227791/artclView.do,,코로나바이러스감염증19대응집단시설다중이용시설소독
2020년 E형간염 관리지침,2020.07.14,2020,KDCA게시판,Y,1,https://www.kdca.go.kr/bbs/kdca/55/227790/artclView.do,,E형간염관리지침
확진자 정보 등 동선공개 안내(3판),2020.07.03,2020,KDCA게시판,Y,1,https://www.kdca.go.kr/bbs/kdca/55/227787/artclView.do,https://www.kdca.go.kr/bbs/kdca/55/227781/artclView.do,확진자정보등동선공개
2020 법정감염병 진단·신고기준,2020.07.02,2020,KDCA게시판+감염병포털,Y,1,https://www.kdca.go.kr/bbs/kdca/55/227786/artclView.do,https://www.kdca.go.kr/bbs/kdca/55/227734/artclView.do,2020법정감염병진단신고기준
2020년도 법정감염병 진단신고기준,2020.06.29,2020,감염병포털,,7,https://dportal.kdca.go.kr/pot/bbs/BD_selectBbs.do?q_bbsSn=1001&q_bbsDocNo=20200629663564877&q_clsfNo=0,,법정감염병진단신고기준
요양병원 의료관련감염 예방관리 (2020년도),2020.06.25,2020,KDCA게시판,Y,1,https://www.kdca.go.kr/bbs/kdca/55/227785/artclView.do,,요양병원의료관련감염예방관리
코로나19 대응을 위한 방역관리자 업무 안내(20년 6월),2020.06.04,2020,KDCA게시판,,2,https://www.kdca.go.kr/bbs/kdca/55/227784/artclView.do,,코로나19대응을위한방역관리자업무
코로나바이러스감염증-19 ( 격리통지서수령증(영문판)),2020.05.21,2020,KDCA게시판,Y,1,https://www.kdca.go.kr/bbs/kdca/55/227783/artclView.do,,코로나바이러스감염증19)
결핵 진료지침(4판),2020.05.07,2020,KDCA게시판,Y,3,https://www.kdca.go.kr/bbs/kdca/55/227782/artclView.do,,결핵진료지침
코로나19 예방을 위한 시험 방역관리 안내,2020.04.20,2020,KDCA게시판,Y,1,https://www.kdca.go.kr/bbs/kdca/55/227780/artclView.do,,코로나19예방을위한시험방역관리
의료관련감염 집단발생 대응 안내,2020.04.20,2020,KDCA게시판,,4,https://www.kdca.go.kr/bbs/kdca/55/227779/artclView.do,,의료관련감염집단발생대응
"코로나바이러스감염증-19 완치자 혈장채혈 지침(20.4.13 제정, 20.12.1 일부개정)",2020.04.13,2020,KDCA게시판,Y,1,https://www.kdca.go.kr/bbs/kdca/55/227778/artclView.do,,코로나바이러스감염증19완치자혈장채혈지침
신생아중환자실에서의 감염예방관리 지침,2020.04.06,2020,KDCA게시판,Y,1,https://www.kdca.go.kr/bbs/kdca/55/227777/artclView.do,,신생아중환자실에서의감염예방관리지침
2020년도 의료관련감염병 예방관리사업 지침,2020.03.23,2020,KDCA게시판,,5,https://www.kdca.go.kr/bbs/kdca/55/227776/artclView.do,,의료관련감염병예방관리사업지침
2020년 고혈압당뇨병등록관리사업 표준 실무지침,2020.03.11,2020,KDCA게시판,,12,https://www.kdca.go.kr/bbs/kdca/55/227774/artclView.do,,고혈압당뇨병등록관리사업표준실무지침
2020년 시도 심뇌혈관질환예방관리사업 안내,2020.03.11,2020,KDCA게시판,,11,https://www.kdca.go.kr/bbs/kdca/55/227773/artclView.do,,시도심뇌혈관질환예방관리사업
2020년 지역사회 통합건강증진사업 안내(심뇌혈관질환예방관리),2020.03.11,2020,KDCA게시판,,11,https://www.kdca.go.kr/bbs/kdca/55/227772/artclView.do,https://www.kdca.go.kr/bbs/kdca/55/227771/artclView.do,지역사회통합건강증진사업
2020년도 C형간염 지침,2020.03.10,2020,감염병포털,Y,1,https://dportal.kdca.go.kr/pot/bbs/BD_selectBbs.do?q_bbsSn=1001&q_bbsDocNo=20200310245616631&q_clsfNo=0,,C형간염지침
[EBOOK]제1급감염병 중증급성호흡기증후군[SARS] 대응지침,2020.03.03,2020,KDCA게시판,,3,https://www.kdca.go.kr/bbs/kdca/55/227770/artclView.do,https://www.kdca.go.kr/bbs/kdca/55/227743/artclView.do,제1급감염병중증급성호흡기증후군대응지침
[EBOOK]제1급감염병 중동호흡기증후군[MERS] 대응지침,2020.03.03,2020,KDCA게시판,,3,https://www.kdca.go.kr/bbs/kdca/55/227769/artclView.do,https://www.kdca.go.kr/bbs/kdca/55/227742/artclView.do,제1급감염병중동호흡기증후군대응지침
[EBOOK]제1급감염병 바이러스성출혈열 대응지침,2020.03.03,2020,KDCA게시판,,4,https://www.kdca.go.kr/bbs/kdca/55/227768/artclView.do,https://www.kdca.go.kr/bbs/kdca/55/227745/artclView.do,제1급감염병바이러스성출혈열대응지침
"[EBOOK]제1급감염병 두창, 페스트, 탄저, 보툴리눔독소증, 야토병 대응지침",2020.03.03,2020,KDCA게시판,,4,https://www.kdca.go.kr/bbs/kdca/55/227767/artclView.do,https://www.kdca.go.kr/bbs/kdca/55/227744/artclView.do,제1급감염병두창페스트탄저보툴리눔독소증야토병대응지침
[EBOOK]제1급감염병 동물인플루엔자 인체감염증 대응지침,2020.03.03,2020,KDCA게시판,,4,https://www.kdca.go.kr/bbs/kdca/55/227766/artclView.do,https://www.kdca.go.kr/bbs/kdca/55/227741/artclView.do,제1급감염병동물인플루엔자인체감염증대응지침
[EBOOK]예방접종 대상 감염병 관리 지침,2020.03.03,2020,KDCA게시판,,8,https://www.kdca.go.kr/bbs/kdca/55/227765/artclView.do,,예방접종대상감염병관리지침
(환경부) 코로나바이러스감염증-19 관련 폐기물 안전관리 특별대책 (제3판),2020.03.03,2020,KDCA게시판,Y,1,https://www.kdca.go.kr/bbs/kdca/55/227764/artclView.do,,코로나바이러스감염증19관련폐기물안전관리특별대책
2020년 의료관련감염병 관리지침,2020.02.26,2020,KDCA게시판,,10,https://www.kdca.go.kr/bbs/kdca/55/227763/artclView.do,,의료관련감염병관리지침
코로나바이러스감염증-19 의료기관 안내사항(2020.2.20.),2020.02.20,2020,KDCA게시판,Y,1,https://www.kdca.go.kr/bbs/kdca/55/227762/artclView.do,,코로나바이러스감염증19의료기관사항
코로나바이러스감염증-19 대응절차(국가지정입원치료병상용)(6판),2020.02.20,2020,KDCA게시판,Y,1,https://www.kdca.go.kr/bbs/kdca/55/227761/artclView.do,,코로나바이러스감염증19대응절차
2020년도 엔테로바이러스 감염증 수족구병 관리지침,2020.02.19,2020,KDCA게시판,,8,https://www.kdca.go.kr/bbs/kdca/55/227760/artclView.do,,엔테로바이러스감염증수족구병관리지침
2020년도 수인성 및 식품매개 감염병 관리지침,2020.02.19,2020,KDCA게시판+감염병포털,,9,https://www.kdca.go.kr/bbs/kdca/55/227759/artclView.do,https://dportal.kdca.go.kr/pot/bbs/BD_selectBbs.do?q_bbsSn=1001&q_bbsDocNo=20200121324417825&q_clsfNo=0,수인성식품매개감염병관리지침
2020년 한센병사업 관리지침,2020.02.18,2020,KDCA게시판,,8,https://www.kdca.go.kr/bbs/kdca/55/227758/artclView.do,,한센병사업관리지침
｢신종 코로나바이러스감염증｣ 관련 집단행사 방역관리 지침,2020.02.12,2020,KDCA게시판,Y,1,https://www.kdca.go.kr/bbs/kdca/55/227757/artclView.do,,｢신종코로나바이러스감염증｣관련집단행사방역관리지침
2020년도 호흡기감염병 관리지침,2020.02.11,2020,KDCA게시판+감염병포털,,7,https://www.kdca.go.kr/bbs/kdca/55/227756/artclView.do,https://dportal.kdca.go.kr/pot/bbs/BD_selectBbs.do?q_bbsSn=1001&q_bbsDocNo=20200213599781867&q_clsfNo=0,호흡기감염병관리지침
2020년도 수막구균 감염증 관리지침,2020.02.11,2020,KDCA게시판+감염병포털,,3,https://www.kdca.go.kr/bbs/kdca/55/227755/artclView.do,https://dportal.kdca.go.kr/pot/bbs/BD_selectBbs.do?q_bbsSn=1001&q_bbsDocNo=20200213816378464&q_clsfNo=0,수막구균감염증관리지침
신종 코로나바이러스감염증 의료기관 안내사항 및 중국 외 국가 의사환자 분류시 참고사항,2020.02.09,2020,KDCA게시판,Y,1,https://www.kdca.go.kr/bbs/kdca/55/227754/artclView.do,,신종코로나바이러스감염증의료기관사항중국외국가의사환자분류시참고사항
신종 코로나바이러스감염증 대응지침_국가지정입원치료병상용(제5판),2020.02.09,2020,KDCA게시판,Y,1,https://www.kdca.go.kr/bbs/kdca/55/227753/artclView.do,,신종코로나바이러스감염증대응지침국가지정입원치료병상용
신종 코로나바이러스 확인을 위한 검체채취 안내서,2020.01.23,2020,KDCA게시판,Y,1,https://www.kdca.go.kr/bbs/kdca/55/227752/artclView.do,,신종코로나바이러스확인을위한검체채취서
수혈자 역추적조사 지침(통합 2차 개정) (2020.01),2020.01.23,2020,KDCA게시판,Y,1,https://www.kdca.go.kr/bbs/kdca/55/227751/artclView.do,,수혈자역추적조사지침
2020 검역업무지침,2020.01.22,2020,KDCA게시판,Y,1,https://www.kdca.go.kr/bbs/kdca/55/227750/artclView.do,,2020검역업무지침
국가지정 입원치료병상 운영과 관리 지침,2020.01.17,2020,KDCA게시판,,5,https://www.kdca.go.kr/bbs/kdca/55/227749/artclView.do,,국가지정입원치료병상운영과관리지침
2020년도 성매개감염병관리지침,2020.01.13,2020,감염병포털,,12,https://dportal.kdca.go.kr/pot/bbs/BD_selectBbs.do?q_bbsSn=1001&q_bbsDocNo=20200113507258630&q_clsfNo=0,,성매개감염병관리지침
2020년도 C형간염 관리지침,2020.01.09,2020,KDCA게시판,,5,https://www.kdca.go.kr/bbs/kdca/55/227748/artclView.do,,C형간염관리지침
2020년 엔테로 바이러스 수족구병 관리지침,2020.01.09,2020,감염병포털,Y,3,https://dportal.kdca.go.kr/pot/bbs/BD_selectBbs.do?q_bbsSn=1001&q_bbsDocNo=20200109480038851&q_clsfNo=0,,엔테로바이러스수족구병관리지침
2020년 기생충감염병관리지침,2020.01.08,2020,KDCA게시판,,8,https://www.kdca.go.kr/bbs/kdca/55/227747/artclView.do,,기생충감염병관리지침
2020년 국가결핵관리지침,2020.01.08,2020,KDCA게시판+감염병포털,Y,7,https://www.kdca.go.kr/bbs/kdca/55/227746/artclView.do,https://dportal.kdca.go.kr/pot/bbs/BD_selectBbs.do?q_bbsSn=1001&q_bbsDocNo=20200108438111177&q_clsfNo=0,국가결핵관리지침
2020년 HIV/AIDS 및 성매개감염병 관리지침,2020.01.06,2020,KDCA게시판,Y,1,https://www.kdca.go.kr/bbs/kdca/55/227740/artclView.do,,HIV/AIDS성매개감염병관리지침
2020년도 바이러스성 모기매개감염병 관리지침,2020.01.03,2020,KDCA게시판,,11,https://www.kdca.go.kr/bbs/kdca/55/227739/artclView.do,,바이러스성모기매개감염병관리지침
2020년도 말라리아 관리지침,2020.01.03,2020,KDCA게시판,,24,https://www.kdca.go.kr/bbs/kdca/55/227738/artclView.do,,말라리아관리지침
2020년도 진드기·설치류 매개 감염병 관리 지침,2020.01.03,2020,KDCA게시판,,7,https://www.kdca.go.kr/bbs/kdca/55/227737/artclView.do,,진드기설치류매개감염병관리지침
2020년도 크로이츠펠트-야콥병 관리 지침,2020.01.03,2020,KDCA게시판,,11,https://www.kdca.go.kr/bbs/kdca/55/227736/artclView.do,,크로이츠펠트야콥병관리지침
2020년도 인수공통감염병 관리 지침,2020.01.03,2020,KDCA게시판,,9,https://www.kdca.go.kr/bbs/kdca/55/227735/artclView.do,,인수공통감염병관리지침
2020년도 감염병 관리사업 지침,2020.01.02,2020,KDCA게시판+감염병포털,,11,https://www.kdca.go.kr/bbs/kdca/55/227733/artclView.do,https://dportal.kdca.go.kr/pot/bbs/BD_selectBbs.do?q_bbsSn=1001&q_bbsDocNo=20200204497755441&q_clsfNo=0,감염병관리사업지침
"2020년도 국가예방접종 지원사업 관리지침(보건소용, 의료기관용)",2020.01.02,2020,KDCA게시판,Y,2,https://www.kdca.go.kr/bbs/kdca/55/227732/artclView.do,,국가예방접종지원사업관리지침
2020 예방접종 대상 감염병 관리 지침,2019.12.27,2020,KDCA게시판+감염병포털,Y,1,https://www.kdca.go.kr/bbs/kdca/55/227730/artclView.do,https://dportal.kdca.go.kr/pot/bbs/BD_selectBbs.do?q_bbsSn=1001&q_bbsDocNo=20200106580946490&q_clsfNo=0,2020예방접종대상감염병관리지침
2020년도 분류체계 개편에 따른 신고서식 공유,2019.12.03,2020,감염병포털,Y,1,https://dportal.kdca.go.kr/pot/bbs/BD_selectBbs.do?q_bbsSn=1001&q_bbsDocNo=20191203564184774&q_clsfNo=0,,분류체계개편에따른신고서식공유
2019년 지역사회기반 중증외상조사 원시자료 이용지침서,2022.05.24,2019,KDCA게시판,Y,2,https://www.kdca.go.kr/bbs/kdca/55/228025/artclView.do,,지역사회기반중증외상조사원시자료이용지침서
「풍수해(태풍·호우·대설)」 감염병 대응 매뉴얼(2019년판),2020.07.08,2019,KDCA게시판,,4,https://www.kdca.go.kr/bbs/kdca/55/227788/artclView.do,,풍수해감염병대응매뉴얼
법정감염병 진단검사 통합지침 제3판,2019.12.31,2019,KDCA게시판,,7,https://www.kdca.go.kr/bbs/kdca/55/227731/artclView.do,https://www.kdca.go.kr/bbs/kdca/55/227709/artclView.do,법정감염병진단검사통합지침
2019년도 인플루엔자 관리 매뉴얼(어린이집 유치원 학교용),2019.12.30,2019,감염병포털,Y,1,https://dportal.kdca.go.kr/pot/bbs/BD_selectBbs.do?q_bbsSn=1001&q_bbsDocNo=20191230917619275&q_clsfNo=0,https://dportal.kdca.go.kr/pot/bbs/BD_selectBbs.do?q_bbsSn=1001&q_bbsDocNo=20191230784420159&q_clsfNo=0,인플루엔자관리매뉴얼
2019년도 질병관리본부 기관생명윤리위원회 심의사례 요약집,2019.12.26,2019,KDCA게시판,Y,1,https://www.kdca.go.kr/bbs/kdca/55/227729/artclView.do,,질병관리본부기관생명윤리위원회심의사례요약집
법정감염병 분류체계 및 신고범위 공유,2019.12.05,2019,감염병포털,Y,1,https://dportal.kdca.go.kr/pot/bbs/BD_selectBbs.do?q_bbsSn=1001&q_bbsDocNo=20191205358002517&q_clsfNo=0,,법정감염병분류체계신고범위공유
2019년도 인플루엔자 관리 가이드라인[어린이집·유치원·학교용],2019.11.14,2019,KDCA게시판,,2,https://www.kdca.go.kr/bbs/kdca/55/227728/artclView.do,https://www.kdca.go.kr/bbs/kdca/55/227727/artclView.do,인플루엔자관리가이드라인
2019년도 수인성 및 식품매개감염병 관리지침,2019.10.18,2019,KDCA게시판+감염병포털,,9,https://www.kdca.go.kr/bbs/kdca/55/227726/artclView.do,https://dportal.kdca.go.kr/pot/bbs/BD_selectBbs.do?q_bbsSn=1001&q_bbsDocNo=20190909455437565&q_clsfNo=0,수인성식품매개감염병관리지침
2019-2020절기 인플루엔자 관리지침,2019.10.18,2019,KDCA게시판+감염병포털,Y,1,https://www.kdca.go.kr/bbs/kdca/55/227725/artclView.do,https://dportal.kdca.go.kr/pot/bbs/BD_selectBbs.do?q_bbsSn=1001&q_bbsDocNo=20191230422465810&q_clsfNo=0,20192020절기인플루엔자관리지침
2019 국가결핵관리지침 발간,2019.09.23,2019,KDCA게시판,Y,1,https://www.kdca.go.kr/bbs/kdca/55/227724/artclView.do,,2019국가결핵관리지침발간
2019년도 국가결핵관리지침,2019.09.23,2019,감염병포털,,7,https://dportal.kdca.go.kr/pot/bbs/BD_selectBbs.do?q_bbsSn=1001&q_bbsDocNo=20190923883089630&q_clsfNo=0,,국가결핵관리지침
2019년도 의료관련감염병(VRSA.CRE) 관리지침,2019.09.16,2019,KDCA게시판+감염병포털,,10,https://www.kdca.go.kr/bbs/kdca/55/227723/artclView.do,https://dportal.kdca.go.kr/pot/bbs/BD_selectBbs.do?q_bbsSn=1001&q_bbsDocNo=20190916343926750&q_clsfNo=0,의료관련감염병관리지침
"[공유] 2019-2020절기 인플루엔자 국가예방접종 지원사업 지침(보건소용, 의료기관용)",2019.09.09,2019,KDCA게시판,Y,1,https://www.kdca.go.kr/bbs/kdca/55/227722/artclView.do,,20192020절기인플루엔자국가예방접종지원사업지침
2019년도 감염병관리사업지침,2019.08.22,2019,KDCA게시판+감염병포털,,11,https://www.kdca.go.kr/bbs/kdca/55/227721/artclView.do,https://dportal.kdca.go.kr/pot/bbs/BD_selectBbs.do?q_bbsSn=1001&q_bbsDocNo=20190823838401119&q_clsfNo=0,감염병관리사업지침
2019년도 급성호흡기감염증 관리지침,2019.08.13,2019,KDCA게시판+감염병포털,Y,2,https://www.kdca.go.kr/bbs/kdca/55/227720/artclView.do,https://dportal.kdca.go.kr/pot/bbs/BD_selectBbs.do?q_bbsSn=1001&q_bbsDocNo=20190813189365736&q_clsfNo=0,급성호흡기감염증관리지침
요양병원 옴 예방 및 관리 안내,2019.08.13,2019,KDCA게시판,Y,1,https://www.kdca.go.kr/bbs/kdca/55/227719/artclView.do,,요양병원옴예방관리
크로이츠펠트-야콥병 환자관리 매뉴얼(요양병원용),2019.08.13,2019,KDCA게시판,Y,1,https://www.kdca.go.kr/bbs/kdca/55/227718/artclView.do,,크로이츠펠트야콥병환자관리매뉴얼
크로이츠펠트-야콥병 장례관리 매뉴얼,2019.08.13,2019,KDCA게시판,Y,1,https://www.kdca.go.kr/bbs/kdca/55/227717/artclView.do,,크로이츠펠트야콥병장례관리매뉴얼
크로이츠펠트-야콥병 부검절차 안내,2019.08.13,2019,KDCA게시판,Y,1,https://www.kdca.go.kr/bbs/kdca/55/227716/artclView.do,,크로이츠펠트야콥병부검절차
2019년도 레지오넬라증 관리지침,2019.07.25,2019,KDCA게시판+감염병포털,,8,https://www.kdca.go.kr/bbs/kdca/55/227715/artclView.do,https://dportal.kdca.go.kr/pot/bbs/BD_selectBbs.do?q_bbsSn=1001&q_bbsDocNo=20190712961070144&q_clsfNo=0,레지오넬라증관리지침
바이러스성출혈열 대응지침 (제1판),2019.07.24,2019,KDCA게시판+감염병포털,Y,1,https://www.kdca.go.kr/bbs/kdca/55/227714/artclView.do,https://dportal.kdca.go.kr/pot/bbs/BD_selectBbs.do?q_bbsSn=1001&q_bbsDocNo=20190724136191069&q_clsfNo=0,바이러스성출혈열대응지침
질병관리본부 「연구개발과제 등의 성과관리지침」,2019.07.23,2019,KDCA게시판,Y,1,https://www.kdca.go.kr/bbs/kdca/55/227713/artclView.do,,질병관리본부연구개발과제등의성과관리지침
혈액원 표준업무안내서(제3차 개정판) (2019.06),2019.07.12,2019,KDCA게시판,Y,1,https://www.kdca.go.kr/bbs/kdca/55/227712/artclView.do,,혈액원표준업무서
2019 홍역 대응 지침(최종),2019.07.04,2019,KDCA게시판,Y,1,https://www.kdca.go.kr/bbs/kdca/55/227711/artclView.do,,2019홍역대응지침
2019 예방접종 대상 감염병 관리 지침(최종),2019.07.04,2019,KDCA게시판+감염병포털,Y,1,https://www.kdca.go.kr/bbs/kdca/55/227710/artclView.do,https://dportal.kdca.go.kr/pot/bbs/BD_selectBbs.do?q_bbsSn=1001&q_bbsDocNo=20190930509560426&q_clsfNo=0,2019예방접종대상감염병관리지침
2019년 한센병사업 관리 지침,2019.06.28,2019,KDCA게시판,,8,https://www.kdca.go.kr/bbs/kdca/55/227708/artclView.do,,한센병사업관리지침
[연구기획과] 학술연구개발용역과제 관련 규정 및 지침(2019.05),2019.06.04,2019,KDCA게시판,Y,2,https://www.kdca.go.kr/bbs/kdca/55/227707/artclView.do,,학술연구개발용역과제관련규정지침
2019년도 진드기 매개감염병 관리지침,2019.05.29,2019,KDCA게시판+감염병포털,Y,4,https://www.kdca.go.kr/bbs/kdca/55/227705/artclView.do,https://dportal.kdca.go.kr/pot/bbs/BD_selectBbs.do?q_bbsSn=1001&q_bbsDocNo=20190523831518875&q_clsfNo=0,진드기매개감염병관리지침
[질병관리본부] 정책연구용역사업 관리안내(2019.05.28),2019.05.28,2019,KDCA게시판,Y,1,https://www.kdca.go.kr/bbs/kdca/55/227706/artclView.do,,정책연구용역사업관리
2019년도 크로이츠펠트-야콥병 관리 지침,2019.05.28,2019,KDCA게시판+감염병포털,,11,https://www.kdca.go.kr/bbs/kdca/55/227704/artclView.do,https://dportal.kdca.go.kr/pot/bbs/BD_selectBbs.do?q_bbsSn=1001&q_bbsDocNo=20190507236361480&q_clsfNo=0,크로이츠펠트야콥병관리지침
2019년도 인수공통감염병 관리지침,2019.05.28,2019,KDCA게시판,,9,https://www.kdca.go.kr/bbs/kdca/55/227703/artclView.do,,인수공통감염병관리지침
2019년도 기생충감염병 관리지침,2019.05.24,2019,KDCA게시판+감염병포털,,8,https://www.kdca.go.kr/bbs/kdca/55/227702/artclView.do,https://dportal.kdca.go.kr/pot/bbs/BD_selectBbs.do?q_bbsSn=1001&q_bbsDocNo=20190523288907898&q_clsfNo=0,기생충감염병관리지침
2019년도 바이러스성 모기매개 관리지침,2019.05.23,2019,감염병포털,Y,1,https://dportal.kdca.go.kr/pot/bbs/BD_selectBbs.do?q_bbsSn=1001&q_bbsDocNo=20190523772566325&q_clsfNo=0,,바이러스성모기매개관리지침
2019년도 바이러스성 모기매개감염병 관리지침,2019.05.22,2019,KDCA게시판,,11,https://www.kdca.go.kr/bbs/kdca/55/227701/artclView.do,,바이러스성모기매개감염병관리지침
2019년 고혈압당뇨병 등록관리사업 표준 실무지침,2019.05.15,2019,KDCA게시판,,12,https://www.kdca.go.kr/bbs/kdca/55/227700/artclView.do,,고혈압당뇨병등록관리사업표준실무지침
급성 위장관계 감염 항생제 사용지침,2019.05.10,2019,KDCA게시판,Y,1,https://www.kdca.go.kr/bbs/kdca/55/227699/artclView.do,,급성위장관계감염항생제사용지침
2019년 법정감염병 분류체계 및 신고범위,2019.05.03,2019,감염병포털,,3,https://dportal.kdca.go.kr/pot/bbs/BD_selectBbs.do?q_bbsSn=1001&q_bbsDocNo=20190503205864456&q_clsfNo=0,,법정감염병분류체계신고범위
2019 법정감염병 진단·신고 기준,2019.05.03,2019,감염병포털,Y,1,https://dportal.kdca.go.kr/pot/bbs/BD_selectBbs.do?q_bbsSn=1001&q_bbsDocNo=20190503069513957&q_clsfNo=0,,2019법정감염병진단신고기준
2019년도 설치류 매개 감염병 관리지침,2019.05.01,2019,KDCA게시판+감염병포털,Y,4,https://www.kdca.go.kr/bbs/kdca/55/227697/artclView.do,https://dportal.kdca.go.kr/pot/bbs/BD_selectBbs.do?q_bbsSn=1001&q_bbsDocNo=20190507659676083&q_clsfNo=0,설치류매개감염병관리지침
2019년도 말라리아 관리지침,2019.05.01,2019,KDCA게시판+감염병포털,,24,https://www.kdca.go.kr/bbs/kdca/55/227696/artclView.do,https://dportal.kdca.go.kr/pot/bbs/BD_selectBbs.do?q_bbsSn=1001&q_bbsDocNo=20190507539472061&q_clsfNo=0,말라리아관리지침
2019년 말라리아 진료가이드,2019.05.01,2019,KDCA게시판,,3,https://www.kdca.go.kr/bbs/kdca/55/227695/artclView.do,,말라리아진료가이드
원인 불명 질병 집단감염 대응지침[제1판],2019.04.23,2019,KDCA게시판,,4,https://www.kdca.go.kr/bbs/kdca/55/227694/artclView.do,,원인불명질병집단감염대응지침
2019년 지역사회 통합건강증진사업 안내[아토피·천식 예방관리],2019.04.11,2019,KDCA게시판,,11,https://www.kdca.go.kr/bbs/kdca/55/227693/artclView.do,https://www.kdca.go.kr/bbs/kdca/55/227692/artclView.do,지역사회통합건강증진사업
2019년 시도 심뇌혈관질환예방관리사업 안내,2019.04.01,2019,KDCA게시판,,11,https://www.kdca.go.kr/bbs/kdca/55/227691/artclView.do,,시도심뇌혈관질환예방관리사업
2019년도 국가예방접종사업 관리지침,2019.03.21,2019,감염병포털,,3,https://dportal.kdca.go.kr/pot/bbs/BD_selectBbs.do?q_bbsSn=1001&q_bbsDocNo=20190321295414041&q_clsfNo=0,,국가예방접종사업관리지침
2019년도 국가예방접종 지원사업 관리지침(보건소용),2019.03.19,2019,KDCA게시판,,2,https://www.kdca.go.kr/bbs/kdca/55/227690/artclView.do,,국가예방접종지원사업관리지침
2019년 의료관련감염병 예방·관리사업 지침,2019.03.18,2019,KDCA게시판+감염병포털,,5,https://www.kdca.go.kr/bbs/kdca/55/227689/artclView.do,https://dportal.kdca.go.kr/pot/bbs/BD_selectBbs.do?q_bbsSn=1001&q_bbsDocNo=20190321505375122&q_clsfNo=0,의료관련감염병예방관리사업지침
기관생명윤리위원회 등록 및 등록변경 신청안내,2019.03.08,2019,KDCA게시판,Y,1,https://www.kdca.go.kr/bbs/kdca/55/227688/artclView.do,,기관생명윤리위원회등록등록변경신청
메르스 대응지침[제5-2판],2019.03.08,2019,KDCA게시판+감염병포털,Y,4,https://www.kdca.go.kr/bbs/kdca/55/227687/artclView.do,https://dportal.kdca.go.kr/pot/bbs/BD_selectBbs.do?q_bbsSn=1001&q_bbsDocNo=20190321444965780&q_clsfNo=0,메르스대응지침
제13차 퇴원손상심층조사 원시자료 이용지침서,2019.01.15,2019,KDCA게시판,Y,1,https://www.kdca.go.kr/bbs/kdca/55/227685/artclView.do,,제13차퇴원손상심층조사원시자료이용지침서
2019년 검역업무지침,2019.01.14,2019,감염병포털,,9,https://dportal.kdca.go.kr/pot/bbs/BD_selectBbs.do?q_bbsSn=1001&q_bbsDocNo=20190114951805117&q_clsfNo=0,,검역업무지침
2019 검역업무 지침,2019.01.11,2019,KDCA게시판,Y,1,https://www.kdca.go.kr/bbs/kdca/55/227684/artclView.do,,2019검역업무지침
헌혈기록카드 문진항목 판정기준(6차 개정판) 및 안전한 헌혈을 위한 문진 플립북,2019.01.03,2019,KDCA게시판,Y,1,https://www.kdca.go.kr/bbs/kdca/55/227683/artclView.do,,헌혈기록카드문진항목판정기준안전한헌혈을위한문진플립북
급성 수혈 관련 증상분류 알고리즘,2019.01.03,2019,KDCA게시판,Y,1,https://www.kdca.go.kr/bbs/kdca/55/227682/artclView.do,,급성수혈관련증상분류알고리즘
수혈 관련 증상 정의,2019.01.03,2019,KDCA게시판,Y,1,https://www.kdca.go.kr/bbs/kdca/55/227681/artclView.do,,수혈관련증상정의
수혈부작용조사 실무안내서,2019.01.03,2019,KDCA게시판,Y,1,https://www.kdca.go.kr/bbs/kdca/55/227680/artclView.do,,수혈부작용조사실무서
2019년 HIV/AIDS 관리지침,2018.12.28,2019,KDCA게시판,,14,https://www.kdca.go.kr/bbs/kdca/55/227679/artclView.do,,HIV/AIDS관리지침
2018년 지역사회기반 중증외상조사 원시자료 이용지침서,2021.03.02,2018,KDCA게시판,,2,https://www.kdca.go.kr/bbs/kdca/55/227848/artclView.do,,지역사회기반중증외상조사원시자료이용지침서
질병관리본부 기관생명윤리위원회 표준운영지침_2018년(V5),2019.05.09,2018,KDCA게시판,Y,1,https://www.kdca.go.kr/bbs/kdca/55/227698/artclView.do,,질병관리본부기관생명윤리위원회표준운영지침
2018년「주요 감염병 매개모기 방제지침」,2019.01.31,2018,KDCA게시판+감염병포털,,3,https://www.kdca.go.kr/bbs/kdca/55/227686/artclView.do,https://dportal.kdca.go.kr/pot/bbs/BD_selectBbs.do?q_bbsSn=1001&q_bbsDocNo=20190201037695521&q_clsfNo=0,주요감염병매개모기방제지침
2018년 감염성물질 안전수송 지침(2018),2019.01.10,2018,감염병포털,Y,3,https://dportal.kdca.go.kr/pot/bbs/BD_selectBbs.do?q_bbsSn=1001&q_bbsDocNo=20190110425336855&q_clsfNo=0,,감염성물질안전수송지침
2018 성인 예방접종 안내서,2018.12.21,2018,KDCA게시판,Y,1,https://www.kdca.go.kr/bbs/kdca/55/227678/artclView.do,,2018성인예방접종서
성인 예방접종 안내서,2018.12.21,2018,감염병포털,Y,1,https://dportal.kdca.go.kr/pot/bbs/BD_selectBbs.do?q_bbsSn=1001&q_bbsDocNo=20181221539342241&q_clsfNo=0,,성인예방접종서
공중보건 위험소통 표준운영절차(SOP) 개정판(디지털 버전),2018.12.18,2018,KDCA게시판+감염병포털,Y,1,https://www.kdca.go.kr/bbs/kdca/55/227677/artclView.do,https://dportal.kdca.go.kr/pot/bbs/BD_selectBbs.do?q_bbsSn=1001&q_bbsDocNo=20181221730745249&q_clsfNo=0,공중보건위험소통표준운영절차
결핵검사지침 2,2018.12.13,2018,KDCA게시판,Y,1,https://www.kdca.go.kr/bbs/kdca/55/227676/artclView.do,,결핵검사지침2
결핵검사지침II,2018.12.13,2018,감염병포털,Y,1,https://dportal.kdca.go.kr/pot/bbs/BD_selectBbs.do?q_bbsSn=1001&q_bbsDocNo=20181213086056824&q_clsfNo=0,,결핵검사지침II
한국혈액감시체계 운영규정(18.12.10 제정),2018.12.12,2018,KDCA게시판,Y,1,https://www.kdca.go.kr/bbs/kdca/55/227675/artclView.do,,한국혈액감시체계운영규정
2018년도 생물테러감염병 대비 및 대응지침,2018.10.01,2018,KDCA게시판+감염병포털,Y,1,https://www.kdca.go.kr/bbs/kdca/55/227672/artclView.do,https://dportal.kdca.go.kr/pot/bbs/BD_selectBbs.do?q_bbsSn=1001&q_bbsDocNo=20181004769760956&q_clsfNo=0,생물테러감염병대비대응지침
2018년도 큐열 관리지침,2018.09.21,2018,KDCA게시판,Y,3,https://www.kdca.go.kr/bbs/kdca/55/227671/artclView.do,,큐열관리지침
2018년도 크로이츠펠트-야콥병(CJD) 안내서,2018.09.21,2018,KDCA게시판+감염병포털,,4,https://www.kdca.go.kr/bbs/kdca/55/227670/artclView.do,https://dportal.kdca.go.kr/pot/bbs/BD_selectBbs.do?q_bbsSn=1001&q_bbsDocNo=20180927741448002&q_clsfNo=0,크로이츠펠트야콥병서
2018년도 브루셀라증 관리지침,2018.09.21,2018,KDCA게시판+감염병포털,Y,3,https://www.kdca.go.kr/bbs/kdca/55/227669/artclView.do,https://dportal.kdca.go.kr/pot/bbs/BD_selectBbs.do?q_bbsSn=1001&q_bbsDocNo=20180927509624482&q_clsfNo=0,브루셀라증관리지침
2018년도 공수병 관리지침,2018.09.21,2018,KDCA게시판+감염병포털,Y,3,https://www.kdca.go.kr/bbs/kdca/55/227668/artclView.do,https://dportal.kdca.go.kr/pot/bbs/BD_selectBbs.do?q_bbsSn=1001&q_bbsDocNo=20180927756905352&q_clsfNo=0,공수병관리지침
"2018년 바이러스성 모기매개감염병 관리지침(황열,뎅기,웨스트,치쿤,지카)",2018.09.18,2018,KDCA게시판,,11,https://www.kdca.go.kr/bbs/kdca/55/227666/artclView.do,,바이러스성모기매개감염병관리지침
2018년도 수막구균성수막염 관리지침,2018.09.12,2018,KDCA게시판,Y,3,https://www.kdca.go.kr/bbs/kdca/55/227665/artclView.do,,수막구균성수막염관리지침
2018년도 레지오넬라증 관리지침,2018.09.12,2018,KDCA게시판,,8,https://www.kdca.go.kr/bbs/kdca/55/227664/artclView.do,,레지오넬라증관리지침
2018년 군중모임 시 감염병관리 가이드라인,2018.09.10,2018,KDCA게시판,Y,1,https://www.kdca.go.kr/bbs/kdca/55/227663/artclView.do,,군중모임시감염병관리가이드라인
2018-2019절기 인플루엔자 관리지침,2018.09.07,2018,KDCA게시판,Y,1,https://www.kdca.go.kr/bbs/kdca/55/227662/artclView.do,,20182019절기인플루엔자관리지침
2018년 표본감시감염병 신고안내,2018.08.23,2018,KDCA게시판,Y,3,https://www.kdca.go.kr/bbs/kdca/55/227661/artclView.do,,표본감시감염병신고
2018년 지역사회 통합건강증진사업 안내(아토피 천식 예방관리),2018.08.17,2018,KDCA게시판,,11,https://www.kdca.go.kr/bbs/kdca/55/227660/artclView.do,https://www.kdca.go.kr/bbs/kdca/55/227635/artclView.do,지역사회통합건강증진사업
2018년 에이즈 관련 민간경상보조사업 관리지침,2018.08.09,2018,KDCA게시판,Y,3,https://www.kdca.go.kr/bbs/kdca/55/227659/artclView.do,,에이즈관련민간경상보조사업관리지침
2018년 진드기 매개감염병 관리지침,2018.07.23,2018,감염병포털,,4,https://dportal.kdca.go.kr/pot/bbs/BD_selectBbs.do?q_bbsSn=1001&q_bbsDocNo=20180723064616252&q_clsfNo=0,,진드기매개감염병관리지침
국립중앙인체자원은행 인체자원 관리지침(개정일 20180627),2018.07.20,2018,KDCA게시판,Y,2,https://www.kdca.go.kr/bbs/kdca/55/227658/artclView.do,,국립중앙인체자원은행인체자원관리지침
국립중앙인체자원은행 운영·관리 규정(개정일 20180206),2018.07.20,2018,KDCA게시판,Y,4,https://www.kdca.go.kr/bbs/kdca/55/227657/artclView.do,,국립중앙인체자원은행운영관리규정
설치류 매개감염병 관리지침(2018),2018.07.17,2018,KDCA게시판+감염병포털,,4,https://www.kdca.go.kr/bbs/kdca/55/227651/artclView.do,https://dportal.kdca.go.kr/pot/bbs/BD_selectBbs.do?q_bbsSn=1001&q_bbsDocNo=20180723129769452&q_clsfNo=0,설치류매개감염병관리지침
진드기 매개감염병 관리지침(2018)_재업로드,2018.07.17,2018,KDCA게시판,Y,1,https://www.kdca.go.kr/bbs/kdca/55/227650/artclView.do,,진드기매개감염병관리지침재업로드
2018년도 수인성 및 식품매개감염병 관리지침,2018.07.17,2018,KDCA게시판+감염병포털,,9,https://www.kdca.go.kr/bbs/kdca/55/227649/artclView.do,https://dportal.kdca.go.kr/pot/bbs/BD_selectBbs.do?q_bbsSn=1001&q_bbsDocNo=20180716654144880&q_clsfNo=0,수인성식품매개감염병관리지침
2018년 성홍열 관리지침,2018.07.16,2018,감염병포털,Y,2,https://dportal.kdca.go.kr/pot/bbs/BD_selectBbs.do?q_bbsSn=1001&q_bbsDocNo=20180716554798814&q_clsfNo=0,,성홍열관리지침
2018년 엔테로 바이러스 수족구병 관리지침,2018.07.16,2018,감염병포털,,3,https://dportal.kdca.go.kr/pot/bbs/BD_selectBbs.do?q_bbsSn=1001&q_bbsDocNo=20180716517349531&q_clsfNo=0,,엔테로바이러스수족구병관리지침
2018년 국가결핵관리지침,2018.07.16,2018,감염병포털,,7,https://dportal.kdca.go.kr/pot/bbs/BD_selectBbs.do?q_bbsSn=1001&q_bbsDocNo=20180716363576220&q_clsfNo=0,,국가결핵관리지침
2018년 법정감염병 진단검사 통합지침,2018.07.16,2018,감염병포털,,7,https://dportal.kdca.go.kr/pot/bbs/BD_selectBbs.do?q_bbsSn=1001&q_bbsDocNo=20180716329596029&q_clsfNo=0,,법정감염병진단검사통합지침
"2018년 학교,유치원 어린이집 감염병 관리 안내서",2018.07.16,2018,감염병포털,Y,1,https://dportal.kdca.go.kr/pot/bbs/BD_selectBbs.do?q_bbsSn=1001&q_bbsDocNo=20180716062808071&q_clsfNo=0,,학교유치원어린이집감염병관리서
2018년도 풍수해 대비 감염병관리 매뉴얼,2018.07.11,2018,KDCA게시판+감염병포털,Y,1,https://www.kdca.go.kr/bbs/kdca/55/227648/artclView.do,https://dportal.kdca.go.kr/pot/bbs/BD_selectBbs.do?q_bbsSn=1001&q_bbsDocNo=20180723468217704&q_clsfNo=0,풍수해대비감염병관리매뉴얼
"2018년도 의료관련감염병(VRSA,CRE)관리지침",2018.07.03,2018,KDCA게시판+감염병포털,,10,https://www.kdca.go.kr/bbs/kdca/55/227647/artclView.do,https://dportal.kdca.go.kr/pot/bbs/BD_selectBbs.do?q_bbsSn=1001&q_bbsDocNo=20180716542576822&q_clsfNo=0,의료관련감염병관리지침
2018년도 말라리아 관리 지침,2018.07.02,2018,KDCA게시판+감염병포털,,24,https://www.kdca.go.kr/bbs/kdca/55/227646/artclView.do,https://dportal.kdca.go.kr/pot/bbs/BD_selectBbs.do?q_bbsSn=1001&q_bbsDocNo=20180716642266187&q_clsfNo=0,말라리아관리지침
메르스 대응지침[제5-1판],2018.06.30,2018,KDCA게시판+감염병포털,,4,https://www.kdca.go.kr/bbs/kdca/55/227645/artclView.do,https://dportal.kdca.go.kr/pot/bbs/BD_selectBbs.do?q_bbsSn=1001&q_bbsDocNo=20180716730763772&q_clsfNo=0,메르스대응지침
"어린이집, 유치원, 학교 감염병 관리 안내서",2018.06.21,2018,KDCA게시판,Y,1,https://www.kdca.go.kr/bbs/kdca/55/227644/artclView.do,,어린이집유치원학교감염병관리서
2018년도 급성호흡기감염증 관리지침,2018.06.11,2018,KDCA게시판+감염병포털,,2,https://www.kdca.go.kr/bbs/kdca/55/227643/artclView.do,https://dportal.kdca.go.kr/pot/bbs/BD_selectBbs.do?q_bbsSn=1001&q_bbsDocNo=20180716345021186&q_clsfNo=0,급성호흡기감염증관리지침
"2018년도 옴, 머릿니 예방 및 관리 안내서",2018.06.11,2018,KDCA게시판+감염병포털,Y,1,https://www.kdca.go.kr/bbs/kdca/55/227642/artclView.do,https://dportal.kdca.go.kr/pot/bbs/BD_selectBbs.do?q_bbsSn=1001&q_bbsDocNo=20180716933173588&q_clsfNo=0,옴머릿니예방관리서
2018년도 감염병 관리 사업 지침,2018.05.30,2018,KDCA게시판+감염병포털,,11,https://www.kdca.go.kr/bbs/kdca/55/227641/artclView.do,https://dportal.kdca.go.kr/pot/bbs/BD_selectBbs.do?q_bbsSn=1001&q_bbsDocNo=20180817631606932&q_clsfNo=0,감염병관리사업지침
2018년도 엔테로바이러스 감염증 · 수족구병 관리지침,2018.05.29,2018,KDCA게시판,,8,https://www.kdca.go.kr/bbs/kdca/55/227640/artclView.do,,엔테로바이러스감염증수족구병관리지침
2018년도 안과 감염병 관리지침,2018.05.16,2018,KDCA게시판+감염병포털,Y,2,https://www.kdca.go.kr/bbs/kdca/55/227639/artclView.do,https://dportal.kdca.go.kr/pot/bbs/BD_selectBbs.do?q_bbsSn=1001&q_bbsDocNo=20180716440068634&q_clsfNo=0,안과감염병관리지침
2018 국가결핵관리지침 발간,2018.05.15,2018,KDCA게시판,Y,1,https://www.kdca.go.kr/bbs/kdca/55/227638/artclView.do,,2018국가결핵관리지침발간
[혈액] 응급/대량수혈 표준업무안내서(2018.4 발행),2018.05.11,2018,KDCA게시판,Y,1,https://www.kdca.go.kr/bbs/kdca/55/227637/artclView.do,,응급/대량수혈표준업무서
2018년 고혈압 당뇨병 등록관리사업 표준 실무지침,2018.04.16,2018,KDCA게시판,,12,https://www.kdca.go.kr/bbs/kdca/55/227636/artclView.do,,고혈압당뇨병등록관리사업표준실무지침
2018년 시도 심뇌혈관질환예방관리사업 안내,2018.04.16,2018,KDCA게시판,,11,https://www.kdca.go.kr/bbs/kdca/55/227634/artclView.do,,시도심뇌혈관질환예방관리사업
2018년 성매개감염병 관리지침(개정안),2018.04.10,2018,KDCA게시판+감염병포털,,12,https://www.kdca.go.kr/bbs/kdca/55/227633/artclView.do,https://dportal.kdca.go.kr/pot/bbs/BD_selectBbs.do?q_bbsSn=1001&q_bbsDocNo=20180716593869266&q_clsfNo=0,성매개감염병관리지침
"페스트 대응지침(2018.3, 제1판 각 분권)",2018.04.09,2018,KDCA게시판+감염병포털,Y,1,https://www.kdca.go.kr/bbs/kdca/55/227632/artclView.do,https://www.kdca.go.kr/bbs/kdca/55/227631/artclView.do,페스트대응지침
퇴원손상심층조사 12차 원시자료 이용지침서,2018.03.26,2018,KDCA게시판,Y,1,https://www.kdca.go.kr/bbs/kdca/55/227630/artclView.do,,퇴원손상심층조사12차원시자료이용지침서
[연구기획과] 정책연구용역사업 운영규정 및 관리안내,2018.03.13,2018,KDCA게시판,Y,3,https://www.kdca.go.kr/bbs/kdca/55/227627/artclView.do,,정책연구용역사업운영규정관리
요로 감염 항생제 사용지침,2018.03.02,2018,KDCA게시판+감염병포털,Y,1,https://www.kdca.go.kr/bbs/kdca/55/227626/artclView.do,https://dportal.kdca.go.kr/pot/bbs/BD_selectBbs.do?q_bbsSn=1001&q_bbsDocNo=20180716192127001&q_clsfNo=0,요로감염항생제사용지침
2018년도 예방접종 대상 감염병 관리 지침,2018.02.21,2018,KDCA게시판+감염병포털,,8,https://www.kdca.go.kr/bbs/kdca/55/227625/artclView.do,https://dportal.kdca.go.kr/pot/bbs/BD_selectBbs.do?q_bbsSn=1001&q_bbsDocNo=20180716523777107&q_clsfNo=0,예방접종대상감염병관리지침
국가관리대상병원체,2018.02.06,2018,KDCA게시판+감염병포털,Y,1,https://www.kdca.go.kr/bbs/kdca/55/227624/artclView.do,https://dportal.kdca.go.kr/pot/bbs/BD_selectBbs.do?q_bbsSn=1001&q_bbsDocNo=20180822666820814&q_clsfNo=0,국가관리대상병원체
한국생물안전안내서,2018.02.05,2018,KDCA게시판,Y,2,https://www.kdca.go.kr/bbs/kdca/55/227623/artclView.do,,한국생물안전서
2018 검역업무지침,2018.01.31,2018,KDCA게시판,Y,1,https://www.kdca.go.kr/bbs/kdca/55/227622/artclView.do,,2018검역업무지침
퇴원손상심층조사 10차 원시자료 이용지침서,2018.01.26,2018,KDCA게시판,Y,1,https://www.kdca.go.kr/bbs/kdca/55/227621/artclView.do,,퇴원손상심층조사10차원시자료이용지침서
퇴원손상심층조사 11차 원시자료 이용지침서,2018.01.26,2018,KDCA게시판,Y,1,https://www.kdca.go.kr/bbs/kdca/55/227620/artclView.do,,퇴원손상심층조사11차원시자료이용지침서
퇴원손상심층조사 9차 원시자료 이용지침서,2018.01.26,2018,KDCA게시판,Y,1,https://www.kdca.go.kr/bbs/kdca/55/227619/artclView.do,,퇴원손상심층조사9차원시자료이용지침서
퇴원손상심층조사 8차 원시자료 이용지침서,2018.01.26,2018,KDCA게시판,Y,1,https://www.kdca.go.kr/bbs/kdca/55/227618/artclView.do,,퇴원손상심층조사8차원시자료이용지침서
2018년도 국가예방접종사업 관리지침(의료기관용),2018.01.22,2018,KDCA게시판,,3,https://www.kdca.go.kr/bbs/kdca/55/227617/artclView.do,https://www.kdca.go.kr/bbs/kdca/55/227616/artclView.do,국가예방접종사업관리지침
희귀질환자 의료비지원사업 보건소 담당자 교육 지침,2018.01.08,2018,KDCA게시판,Y,1,https://www.kdca.go.kr/bbs/kdca/55/227615/artclView.do,,희귀질환자의료비지원사업보건소담당자교육지침
제1회 희귀질환 극복의 날 안내 지침,2018.01.08,2018,KDCA게시판,Y,1,https://www.kdca.go.kr/bbs/kdca/55/227614/artclView.do,,제1회희귀질환극복의날지침
법정감염병 실험실검사 의뢰가능 기관 안내서,2018.01.02,2018,KDCA게시판,Y,1,https://www.kdca.go.kr/bbs/kdca/55/227612/artclView.do,,법정감염병실험실검사의뢰가능기관서
한국 영유아 발달선별검사(K-DST) 개정판 사용지침서,2018.01.02,2018,KDCA게시판,Y,2,https://www.kdca.go.kr/bbs/kdca/55/227611/artclView.do,,한국영유아발달선별검사사용지침서
2018 HIV/AIDS 관리지침,2017.12.19,2018,KDCA게시판,Y,1,https://www.kdca.go.kr/bbs/kdca/55/227608/artclView.do,,2018HIV/AIDS관리지침
2018년 국가건강검진 검진의사 상담매뉴얼,2017.11.17,2018,KDCA게시판,,2,https://www.kdca.go.kr/bbs/kdca/55/227603/artclView.do,,국가건강검진검진의사상담매뉴얼
2017-2018절기 인플루엔자 국가예방접종 지원사업 관리지침_보건소용,2018.11.28,2017,감염병포털,Y,1,https://dportal.kdca.go.kr/pot/bbs/BD_selectBbs.do?q_bbsSn=1001&q_bbsDocNo=20181128554416726&q_clsfNo=0,,20172018절기인플루엔자국가예방접종지원사업관리지침보건소용
2017년 검역업무지침,2018.10.10,2017,감염병포털,,9,https://dportal.kdca.go.kr/pot/bbs/BD_selectBbs.do?q_bbsSn=1001&q_bbsDocNo=20181010233346888&q_clsfNo=0,,검역업무지침
2017 검역업무지침,2018.10.08,2017,KDCA게시판,Y,1,https://www.kdca.go.kr/bbs/kdca/55/227674/artclView.do,,2017검역업무지침
2017년도 감염병 역학조사 연보,2018.09.18,2017,KDCA게시판,,7,https://www.kdca.go.kr/bbs/kdca/55/227667/artclView.do,,감염병역학조사연보
국립중앙인체자원은행 운영·관리 규정(개정일 20170615),2018.07.20,2017,KDCA게시판,,4,https://www.kdca.go.kr/bbs/kdca/55/227656/artclView.do,,국립중앙인체자원은행운영관리규정
2017년 법정감염병 분류체계 및 신고범위,2018.07.16,2017,감염병포털,,3,https://dportal.kdca.go.kr/pot/bbs/BD_selectBbs.do?q_bbsSn=1001&q_bbsDocNo=20180716945297733&q_clsfNo=0,,법정감염병분류체계신고범위
2017년 법정감염병 진단·신고 기준_최종,2018.07.16,2017,감염병포털,Y,1,https://dportal.kdca.go.kr/pot/bbs/BD_selectBbs.do?q_bbsSn=1001&q_bbsDocNo=20180716940275875&q_clsfNo=0,,법정감염병진단신고기준최종
2017년 표본감시감염병 신고안내,2018.07.16,2017,감염병포털,,3,https://dportal.kdca.go.kr/pot/bbs/BD_selectBbs.do?q_bbsSn=1001&q_bbsDocNo=20180716936246392&q_clsfNo=0,,표본감시감염병신고
2017년 엔테로바이러스 수족구병 관리지침,2018.07.16,2017,감염병포털,,3,https://dportal.kdca.go.kr/pot/bbs/BD_selectBbs.do?q_bbsSn=1001&q_bbsDocNo=20180716932705536&q_clsfNo=0,,엔테로바이러스수족구병관리지침
2017년 결핵 진료지침 3판,2018.07.16,2017,감염병포털,Y,1,https://dportal.kdca.go.kr/pot/bbs/BD_selectBbs.do?q_bbsSn=1001&q_bbsDocNo=20180716772595949&q_clsfNo=0,,결핵진료지침3판
2017년 한국생물안전안내서,2018.07.16,2017,감염병포털,,2,https://dportal.kdca.go.kr/pot/bbs/BD_selectBbs.do?q_bbsSn=1001&q_bbsDocNo=20180716745652061&q_clsfNo=0,,한국생물안전서
2017년 한센사업지침-본문,2018.07.16,2017,감염병포털,Y,1,https://dportal.kdca.go.kr/pot/bbs/BD_selectBbs.do?q_bbsSn=1001&q_bbsDocNo=20180716704698159&q_clsfNo=0,,한센사업지침본문
2017년 인플루엔자 관리 가이드라인_어린이집 유치원 학교용,2018.07.16,2017,감염병포털,Y,1,https://dportal.kdca.go.kr/pot/bbs/BD_selectBbs.do?q_bbsSn=1001&q_bbsDocNo=20180716611119896&q_clsfNo=0,,인플루엔자관리가이드라인어린이집유치원학교용
2017년 법정감염병 실험실검사 의뢰기관,2018.07.16,2017,감염병포털,Y,1,https://dportal.kdca.go.kr/pot/bbs/BD_selectBbs.do?q_bbsSn=1001&q_bbsDocNo=20180716608541400&q_clsfNo=0,,법정감염병실험실검사의뢰기관
2017년 성홍열 집단발생보고 결과보고 양식,2018.07.16,2017,감염병포털,Y,1,https://dportal.kdca.go.kr/pot/bbs/BD_selectBbs.do?q_bbsSn=1001&q_bbsDocNo=20180716519199302&q_clsfNo=0,,성홍열집단발생보고결과보고양식
2017년 조류인플루엔자 인체감염 예방 및 관리지침,2018.07.16,2017,감염병포털,Y,5,https://dportal.kdca.go.kr/pot/bbs/BD_selectBbs.do?q_bbsSn=1001&q_bbsDocNo=20180716331147571&q_clsfNo=0,,조류인플루엔자인체감염예방관리지침
2017년 유전자재조합실험지침_일부개정,2018.07.16,2017,감염병포털,Y,1,https://dportal.kdca.go.kr/pot/bbs/BD_selectBbs.do?q_bbsSn=1001&q_bbsDocNo=20180716299788378&q_clsfNo=0,,유전자재조합실험지침일부
2017년 국가결핵관리지침,2018.07.16,2017,감염병포털,,7,https://dportal.kdca.go.kr/pot/bbs/BD_selectBbs.do?q_bbsSn=1001&q_bbsDocNo=20180716141064588&q_clsfNo=0,,국가결핵관리지침
2017년 메르스(MERS) 대응지침,2018.07.16,2017,감염병포털,,4,https://dportal.kdca.go.kr/pot/bbs/BD_selectBbs.do?q_bbsSn=1001&q_bbsDocNo=20180716115098166&q_clsfNo=0,,메르스대응지침
2017년 옴니머릿니예방및관리지침,2018.07.16,2017,감염병포털,Y,1,https://dportal.kdca.go.kr/pot/bbs/BD_selectBbs.do?q_bbsSn=1001&q_bbsDocNo=20180716106422531&q_clsfNo=0,,옴니머릿니예방관리지침
2017년 인플루엔자 관리지침_최종,2018.07.16,2017,감염병포털,Y,1,https://dportal.kdca.go.kr/pot/bbs/BD_selectBbs.do?q_bbsSn=1001&q_bbsDocNo=20180716105452828&q_clsfNo=0,,인플루엔자관리지침최종
2017년 가임기 여성 및 임산부 지카바이러스,2018.07.16,2017,감염병포털,Y,1,https://dportal.kdca.go.kr/pot/bbs/BD_selectBbs.do?q_bbsSn=1001&q_bbsDocNo=20180716004346906&q_clsfNo=0,,가임기여성임산부지카바이러스
[혈액] 2017 한국혈액감시체계 운영안내서(2017.9),2018.03.14,2017,KDCA게시판,Y,1,https://www.kdca.go.kr/bbs/kdca/55/227628/artclView.do,,2017한국혈액감시체계운영서
2017년 희귀질환자 의료비지원사업 안내 지침,2018.01.08,2017,KDCA게시판,Y,1,https://www.kdca.go.kr/bbs/kdca/55/227613/artclView.do,https://www.kdca.go.kr/bbs/kdca/55/227546/artclView.do,희귀질환자의료비지원사업지침
"피부,연조직 감염 항생제 사용지침",2017.12.29,2017,KDCA게시판+감염병포털,Y,1,https://www.kdca.go.kr/bbs/kdca/55/227610/artclView.do,https://dportal.kdca.go.kr/pot/bbs/BD_selectBbs.do?q_bbsSn=1001&q_bbsDocNo=20180716011750442&q_clsfNo=0,피부연조직감염항생제사용지침
지카바이러스 감염증 진단검사지침(제3-1판),2017.12.20,2017,KDCA게시판+감염병포털,Y,2,https://www.kdca.go.kr/bbs/kdca/55/227609/artclView.do,https://www.kdca.go.kr/bbs/kdca/55/227600/artclView.do,지카바이러스감염증진단검사지침
요양시설 인플루엔자 관리 가이드라인,2017.11.30,2017,KDCA게시판+감염병포털,Y,1,https://www.kdca.go.kr/bbs/kdca/55/227606/artclView.do,https://dportal.kdca.go.kr/pot/bbs/BD_selectBbs.do?q_bbsSn=1001&q_bbsDocNo=20180716502524314&q_clsfNo=0,요양시설인플루엔자관리가이드라인
보육시설 및 학교 인플루엔자 관리 가이드라인,2017.11.30,2017,KDCA게시판,Y,1,https://www.kdca.go.kr/bbs/kdca/55/227605/artclView.do,,보육시설학교인플루엔자관리가이드라인
2017 법정감염병 진단 신고기준,2017.11.30,2017,KDCA게시판,Y,1,https://www.kdca.go.kr/bbs/kdca/55/227604/artclView.do,,2017법정감염병진단신고기준
성인 급성 상기도 감염 항생제 사용지침,2017.11.13,2017,KDCA게시판,Y,1,https://www.kdca.go.kr/bbs/kdca/55/227602/artclView.do,,성인급성상기도감염항생제사용지침
성인 지역사회획득 폐렴 항생제 사용지침,2017.11.13,2017,KDCA게시판,Y,1,https://www.kdca.go.kr/bbs/kdca/55/227601/artclView.do,,성인지역사회획득폐렴항생제사용지침
"전수감시 의료관련감염병(VRSA,CRE)_자주묻는질문",2017.10.31,2017,KDCA게시판,Y,1,https://www.kdca.go.kr/bbs/kdca/55/227599/artclView.do,,전수감시의료관련감염병자주묻는질문
개물림 예방 관리 방법,2017.10.27,2017,KDCA게시판,Y,1,https://www.kdca.go.kr/bbs/kdca/55/227598/artclView.do,,개물림예방관리방법
에볼라바이러스병 대응지침(제7판),2017.10.20,2017,KDCA게시판+감염병포털,Y,2,https://www.kdca.go.kr/bbs/kdca/55/227597/artclView.do,https://dportal.kdca.go.kr/pot/bbs/BD_selectBbs.do?q_bbsSn=1001&q_bbsDocNo=20180716460657497&q_clsfNo=0,에볼라바이러스병대응지침
2017년 인플루엔자 관리지침,2017.09.29,2017,KDCA게시판,,3,https://www.kdca.go.kr/bbs/kdca/55/227595/artclView.do,,인플루엔자관리지침
2017년도 수막구균성수막염 관리지침,2017.09.29,2017,KDCA게시판+감염병포털,,3,https://www.kdca.go.kr/bbs/kdca/55/227594/artclView.do,https://dportal.kdca.go.kr/pot/bbs/BD_selectBbs.do?q_bbsSn=1001&q_bbsDocNo=20180822752686043&q_clsfNo=0,수막구균성수막염관리지침
2017년 성홍열 관리지침,2017.09.27,2017,KDCA게시판,,2,https://www.kdca.go.kr/bbs/kdca/55/227593/artclView.do,,성홍열관리지침
2017 표본감시감염병 신고안내,2017.09.14,2017,KDCA게시판,Y,1,https://www.kdca.go.kr/bbs/kdca/55/227592/artclView.do,,2017표본감시감염병신고
2017년도 안과 감염병 관리지침,2017.09.11,2017,KDCA게시판+감염병포털,,2,https://www.kdca.go.kr/bbs/kdca/55/227591/artclView.do,https://dportal.kdca.go.kr/pot/bbs/BD_selectBbs.do?q_bbsSn=1001&q_bbsDocNo=20180822405831213&q_clsfNo=0,안과감염병관리지침
2017-2018절기 인플루엔자 국가예방접종 지원사업 관리지침,2017.08.25,2017,KDCA게시판,Y,1,https://www.kdca.go.kr/bbs/kdca/55/227590/artclView.do,,20172018절기인플루엔자국가예방접종지원사업관리지침
[혈액] 혈액관리업무 점검사항 처리 지침(2017.8 개정),2017.08.21,2017,KDCA게시판,Y,1,https://www.kdca.go.kr/bbs/kdca/55/227589/artclView.do,,혈액관리업무점검사항처리지침
[혈액] 헌혈자 보호 및 안전에 관한 지침(2017.8 개정),2017.08.21,2017,KDCA게시판,Y,1,https://www.kdca.go.kr/bbs/kdca/55/227588/artclView.do,,헌혈자보호안전에관한지침
2017년도「풍수해(태풍·호우)」감염병 대응 메뉴얼,2017.08.08,2017,KDCA게시판+감염병포털,Y,1,https://www.kdca.go.kr/bbs/kdca/55/227587/artclView.do,https://dportal.kdca.go.kr/pot/bbs/BD_selectBbs.do?q_bbsSn=1001&q_bbsDocNo=20180716738294578&q_clsfNo=0,풍수해감염병대응메뉴얼
2017년 감염병관리시설 평가지침,2017.08.03,2017,KDCA게시판,,2,https://www.kdca.go.kr/bbs/kdca/55/227586/artclView.do,,감염병관리시설평가지침
2017년도 바이러스성 모기매개감염병 관리지침,2017.08.02,2017,KDCA게시판+감염병포털,,11,https://www.kdca.go.kr/bbs/kdca/55/227585/artclView.do,https://dportal.kdca.go.kr/pot/bbs/BD_selectBbs.do?q_bbsSn=1001&q_bbsDocNo=20180716211912056&q_clsfNo=0,바이러스성모기매개감염병관리지침
의료관련감염 표준예방지침(2017),2017.07.28,2017,KDCA게시판+감염병포털,Y,1,https://www.kdca.go.kr/bbs/kdca/55/227584/artclView.do,https://dportal.kdca.go.kr/pot/bbs/BD_selectBbs.do?q_bbsSn=1001&q_bbsDocNo=20180716971366674&q_clsfNo=0,의료관련감염표준예방지침
2017년도 수인성 및 식품매개감염병관리지침,2017.07.27,2017,KDCA게시판+감염병포털,,9,https://www.kdca.go.kr/bbs/kdca/55/227583/artclView.do,https://dportal.kdca.go.kr/pot/bbs/BD_selectBbs.do?q_bbsSn=1001&q_bbsDocNo=20180716557528894&q_clsfNo=0,수인성식품매개감염병관리지침
수인성식품매개질환 실험실 진단 실무 지침 2017,2017.07.14,2017,KDCA게시판,Y,1,https://www.kdca.go.kr/bbs/kdca/55/227582/artclView.do,,수인성식품매개질환실험실진단실무지침2017
2017년도 산후조리원 감염병 관리지침,2017.07.14,2017,KDCA게시판+감염병포털,Y,1,https://www.kdca.go.kr/bbs/kdca/55/227581/artclView.do,https://dportal.kdca.go.kr/pot/bbs/BD_selectBbs.do?q_bbsSn=1001&q_bbsDocNo=20180716600040265&q_clsfNo=0,산후조리원감염병관리지침
2017 메르스 대응지침(제5판),2017.07.11,2017,KDCA게시판,Y,1,https://www.kdca.go.kr/bbs/kdca/55/227580/artclView.do,https://www.kdca.go.kr/bbs/kdca/55/227552/artclView.do,2017메르스대응지침
공중보건 위기대응 소통안내서,2017.07.11,2017,KDCA게시판+감염병포털,Y,1,https://www.kdca.go.kr/bbs/kdca/55/227579/artclView.do,https://dportal.kdca.go.kr/pot/bbs/BD_selectBbs.do?q_bbsSn=1001&q_bbsDocNo=20180716441715440&q_clsfNo=0,공중보건위기대응소통서
2017년도 브루셀라증 관리 지침,2017.06.12,2017,KDCA게시판+감염병포털,,3,https://www.kdca.go.kr/bbs/kdca/55/227578/artclView.do,https://dportal.kdca.go.kr/pot/bbs/BD_selectBbs.do?q_bbsSn=1001&q_bbsDocNo=20180716007826007&q_clsfNo=0,브루셀라증관리지침
2017년도 공수병 관리지침,2017.06.12,2017,KDCA게시판+감염병포털,,3,https://www.kdca.go.kr/bbs/kdca/55/227577/artclView.do,https://dportal.kdca.go.kr/pot/bbs/BD_selectBbs.do?q_bbsSn=1001&q_bbsDocNo=20180716250193298&q_clsfNo=0,공수병관리지침
2017년도 크로이츠펠트-야콥병 관리지침,2017.06.12,2017,KDCA게시판,,11,https://www.kdca.go.kr/bbs/kdca/55/227576/artclView.do,,크로이츠펠트야콥병관리지침
2017년도 큐열 관리지침,2017.06.12,2017,KDCA게시판+감염병포털,,3,https://www.kdca.go.kr/bbs/kdca/55/227575/artclView.do,https://dportal.kdca.go.kr/pot/bbs/BD_selectBbs.do?q_bbsSn=1001&q_bbsDocNo=20180716532417122&q_clsfNo=0,큐열관리지침
2017년도 유비저 관리지침,2017.06.12,2017,KDCA게시판+감염병포털,Y,2,https://www.kdca.go.kr/bbs/kdca/55/227574/artclView.do,https://dportal.kdca.go.kr/pot/bbs/BD_selectBbs.do?q_bbsSn=1001&q_bbsDocNo=20180716258335893&q_clsfNo=0,유비저관리지침
"2017년도 의료관련감염병(VRSA, CRE) 관리지침",2017.06.01,2017,KDCA게시판,,10,https://www.kdca.go.kr/bbs/kdca/55/227573/artclView.do,,의료관련감염병관리지침
2017년도 C형간염 관리지침,2017.06.01,2017,KDCA게시판+감염병포털,,5,https://www.kdca.go.kr/bbs/kdca/55/227572/artclView.do,https://dportal.kdca.go.kr/pot/bbs/BD_selectBbs.do?q_bbsSn=1001&q_bbsDocNo=20180716944710754&q_clsfNo=0,C형간염관리지침
2017년 감염병 관리사업 지침,2017.05.30,2017,KDCA게시판+감염병포털,,11,https://www.kdca.go.kr/bbs/kdca/55/227571/artclView.do,https://dportal.kdca.go.kr/pot/bbs/BD_selectBbs.do?q_bbsSn=1001&q_bbsDocNo=20180709791025978&q_clsfNo=0,감염병관리사업지침
결핵 진료지침 (3판),2017.05.25,2017,KDCA게시판,,3,https://www.kdca.go.kr/bbs/kdca/55/227570/artclView.do,,결핵진료지침
"2017년도 엔테로바이러스 감염증, 수족구병 관리지침",2017.05.23,2017,KDCA게시판,,8,https://www.kdca.go.kr/bbs/kdca/55/227569/artclView.do,,엔테로바이러스감염증수족구병관리지침
예방접종대상 감염병의 역학과 관리 지침 (2017년 개정판),2017.05.12,2017,KDCA게시판,Y,1,https://www.kdca.go.kr/bbs/kdca/55/227568/artclView.do,,예방접종대상감염병의역학과관리지침
법정감염병 진단검사 통합지침,2017.05.12,2017,KDCA게시판,,7,https://www.kdca.go.kr/bbs/kdca/55/227567/artclView.do,,법정감염병진단검사통합지침
2017년 말라리아 관리지침,2017.05.10,2017,KDCA게시판+감염병포털,,24,https://www.kdca.go.kr/bbs/kdca/55/227566/artclView.do,https://dportal.kdca.go.kr/pot/bbs/BD_selectBbs.do?q_bbsSn=1001&q_bbsDocNo=20180716237996855&q_clsfNo=0,말라리아관리지침
2017년 설치류 매개감염병 관리지침,2017.05.10,2017,KDCA게시판+감염병포털,,4,https://www.kdca.go.kr/bbs/kdca/55/227565/artclView.do,https://dportal.kdca.go.kr/pot/bbs/BD_selectBbs.do?q_bbsSn=1001&q_bbsDocNo=20180822521297315&q_clsfNo=0,설치류매개감염병관리지침
2017년 진드기 매개감염병 관리지침,2017.05.10,2017,KDCA게시판+감염병포털,,4,https://www.kdca.go.kr/bbs/kdca/55/227564/artclView.do,https://dportal.kdca.go.kr/pot/bbs/BD_selectBbs.do?q_bbsSn=1001&q_bbsDocNo=20180716221543212&q_clsfNo=0,진드기매개감염병관리지침
[연구기획과] 정책연구용역사업 운영규정 및 관리안내,2017.05.04,2017,KDCA게시판,,3,https://www.kdca.go.kr/bbs/kdca/55/227563/artclView.do,,정책연구용역사업운영규정관리
2017 한센사업지침,2017.04.19,2017,KDCA게시판,Y,1,https://www.kdca.go.kr/bbs/kdca/55/227562/artclView.do,,2017한센사업지침
2017 국가결핵관리지침 발간,2017.04.17,2017,KDCA게시판,Y,1,https://www.kdca.go.kr/bbs/kdca/55/227561/artclView.do,,2017국가결핵관리지침발간
예방접종대상 감염병 사업관리 지침,2017.04.10,2017,KDCA게시판+감염병포털,Y,2,https://www.kdca.go.kr/bbs/kdca/55/227560/artclView.do,https://dportal.kdca.go.kr/pot/bbs/BD_selectBbs.do?q_bbsSn=1001&q_bbsDocNo=20180716951387663&q_clsfNo=0,예방접종대상감염병사업관리지침
'진단용 방사선 안전관리 규정' 개정 고시,2017.04.10,2017,KDCA게시판,Y,1,https://www.kdca.go.kr/bbs/kdca/55/227559/artclView.do,,'진단용방사선안전관리규정'고시
2017 조류인플루엔자 인체감염 예방 및 관리지침,2017.04.10,2017,KDCA게시판,Y,1,https://www.kdca.go.kr/bbs/kdca/55/227558/artclView.do,,2017조류인플루엔자인체감염예방관리지침
2017년 소아 청소년 하기도 감염의 항생제 사용지침,2017.04.06,2017,KDCA게시판,Y,1,https://www.kdca.go.kr/bbs/kdca/55/227557/artclView.do,,소아청소년하기도감염의항생제사용지침
지역별 거점병원 운영과 관리 지침(2017),2017.04.03,2017,KDCA게시판,Y,1,https://www.kdca.go.kr/bbs/kdca/55/227556/artclView.do,,지역별거점병원운영과관리지침
2017년 시도 심뇌혈관질환예방관리사업 안내,2017.03.30,2017,KDCA게시판,,11,https://www.kdca.go.kr/bbs/kdca/55/227555/artclView.do,,시도심뇌혈관질환예방관리사업
2017년 지역사회 통합건강증진사업 안내[심뇌혈관질환예방관리],2017.03.30,2017,KDCA게시판,,11,https://www.kdca.go.kr/bbs/kdca/55/227554/artclView.do,,지역사회통합건강증진사업
2017년 고혈압.당뇨병 등록관리사업 표준 실무지침,2017.03.30,2017,KDCA게시판,,12,https://www.kdca.go.kr/bbs/kdca/55/227553/artclView.do,,고혈압당뇨병등록관리사업표준실무지침
유전자재조합실험지침(2017),2017.03.15,2017,KDCA게시판,Y,5,https://www.kdca.go.kr/bbs/kdca/55/227548/artclView.do,,유전자재조합실험지침
가임기 여성 및 임신부 지카바이러스 감염 진료 가이드라인 2-1판,2017.03.10,2017,KDCA게시판,Y,1,https://www.kdca.go.kr/bbs/kdca/55/227547/artclView.do,,가임기여성임신부지카바이러스감염진료가이드라인21판
공중보건 위기소통 표준운영절차(SOP)_영문,2017.02.23,2017,KDCA게시판,Y,1,https://www.kdca.go.kr/bbs/kdca/55/227545/artclView.do,,공중보건위기소통표준운영절차영문
공중보건 위기소통 지침_영문,2017.02.23,2017,KDCA게시판,Y,1,https://www.kdca.go.kr/bbs/kdca/55/227544/artclView.do,,공중보건위기소통지침영문
라싸열 대응지침(제1판),2017.02.22,2017,KDCA게시판,Y,2,https://www.kdca.go.kr/bbs/kdca/55/227543/artclView.do,,라싸열대응지침
국가지정입원치료병상 운영과 관리 지침,2017.02.14,2017,KDCA게시판,,5,https://www.kdca.go.kr/bbs/kdca/55/227542/artclView.do,,국가지정입원치료병상운영과관리지침
"병원체생물안전정보집(제2,3,4위험군)",2017.02.14,2017,KDCA게시판+감염병포털,Y,1,https://www.kdca.go.kr/bbs/kdca/55/227541/artclView.do,https://dportal.kdca.go.kr/pot/bbs/BD_selectBbs.do?q_bbsSn=1001&q_bbsDocNo=20180716034329659&q_clsfNo=0,병원체생물안전정보집
공중보건 위기소통 지침_국문,2017.02.06,2017,KDCA게시판,Y,1,https://www.kdca.go.kr/bbs/kdca/55/227540/artclView.do,,공중보건위기소통지침국문
공중보건 위기소통 표준운영절차(SOP)_국문,2017.02.06,2017,KDCA게시판,Y,1,https://www.kdca.go.kr/bbs/kdca/55/227539/artclView.do,,공중보건위기소통표준운영절차국문
2017년 어린이 국가예방접종 지원사업 관리지침(의료기관용),2017.01.06,2017,KDCA게시판,Y,1,https://www.kdca.go.kr/bbs/kdca/55/227536/artclView.do,,어린이국가예방접종지원사업관리지침
2017 HIV/AIDS 관리지침,2016.12.14,2017,KDCA게시판,Y,1,https://www.kdca.go.kr/bbs/kdca/55/227532/artclView.do,,2017HIV/AIDS관리지침
국립중앙인체자원은행 인체자원 관리지침(개정일 20161230),2018.07.20,2016,KDCA게시판,,2,https://www.kdca.go.kr/bbs/kdca/55/227655/artclView.do,,국립중앙인체자원은행인체자원관리지침
국립중앙인체자원은행 운영·관리 규정(개정일 20161031),2018.07.20,2016,KDCA게시판,,4,https://www.kdca.go.kr/bbs/kdca/55/227654/artclView.do,https://www.kdca.go.kr/bbs/kdca/55/227503/artclView.do,국립중앙인체자원은행운영관리규정
국립중앙인체자원은행 인체자원 분양지침(개정일 20160428),2018.07.20,2016,KDCA게시판+감염병포털,Y,1,https://www.kdca.go.kr/bbs/kdca/55/227653/artclView.do,https://www.kdca.go.kr/bbs/kdca/55/227479/artclView.do,국립중앙인체자원은행인체자원분양지침
2016년 수족구병지침,2018.07.16,2016,감염병포털,Y,1,https://dportal.kdca.go.kr/pot/bbs/BD_selectBbs.do?q_bbsSn=1001&q_bbsDocNo=20180716963872432&q_clsfNo=0,,수족구병지침
2016년 중증열성혈소판증후군  진료지침,2018.07.16,2016,감염병포털,Y,1,https://dportal.kdca.go.kr/pot/bbs/BD_selectBbs.do?q_bbsSn=1001&q_bbsDocNo=20180716950662647&q_clsfNo=0,,중증열성혈소판증후군진료지침
2016년 의료기관 결핵관리 안내,2018.07.16,2016,감염병포털,,2,https://dportal.kdca.go.kr/pot/bbs/BD_selectBbs.do?q_bbsSn=1001&q_bbsDocNo=20180716789948275&q_clsfNo=0,,의료기관결핵관리
2016년 흰줄숲모기 유충방제 관리지침,2018.07.16,2016,감염병포털,Y,1,https://dportal.kdca.go.kr/pot/bbs/BD_selectBbs.do?q_bbsSn=1001&q_bbsDocNo=20180716624742521&q_clsfNo=0,,흰줄숲모기유충방제관리지침
2016년 국가결핵관리지침,2018.07.16,2016,감염병포털,,7,https://dportal.kdca.go.kr/pot/bbs/BD_selectBbs.do?q_bbsSn=1001&q_bbsDocNo=20180716614387203&q_clsfNo=0,,국가결핵관리지침
2016년 소아상기도감염항생제지침,2018.07.16,2016,감염병포털,Y,1,https://dportal.kdca.go.kr/pot/bbs/BD_selectBbs.do?q_bbsSn=1001&q_bbsDocNo=20180716595474284&q_clsfNo=0,,소아상기도감염항생제지침
2016년 의료관련감염병관리지침,2018.07.16,2016,감염병포털,,10,https://dportal.kdca.go.kr/pot/bbs/BD_selectBbs.do?q_bbsSn=1001&q_bbsDocNo=20180716556741161&q_clsfNo=0,,의료관련감염병관리지침
2016년 진드기매개 감염병 관리지침,2018.07.16,2016,감염병포털,,4,https://dportal.kdca.go.kr/pot/bbs/BD_selectBbs.do?q_bbsSn=1001&q_bbsDocNo=20180716554874241&q_clsfNo=0,,진드기매개감염병관리지침
2016년 법정감염병 진단·신고 기준,2018.07.16,2016,감염병포털,,7,https://dportal.kdca.go.kr/pot/bbs/BD_selectBbs.do?q_bbsSn=1001&q_bbsDocNo=20180716487536637&q_clsfNo=0,,법정감염병진단신고기준
2016년 브루셀라증 관리지침,2018.07.16,2016,감염병포털,,3,https://dportal.kdca.go.kr/pot/bbs/BD_selectBbs.do?q_bbsSn=1001&q_bbsDocNo=20180716447833417&q_clsfNo=0,,브루셀라증관리지침
2016년 라싸열 대응지침,2018.07.16,2016,감염병포털,,2,https://dportal.kdca.go.kr/pot/bbs/BD_selectBbs.do?q_bbsSn=1001&q_bbsDocNo=20180716428684310&q_clsfNo=0,,라싸열대응지침
2016년 유비저관리지침_최종,2018.07.16,2016,감염병포털,Y,1,https://dportal.kdca.go.kr/pot/bbs/BD_selectBbs.do?q_bbsSn=1001&q_bbsDocNo=20180716393798622&q_clsfNo=0,,유비저관리지침최종
2016년 병원체검사결과 신고,2018.07.16,2016,감염병포털,Y,1,https://dportal.kdca.go.kr/pot/bbs/BD_selectBbs.do?q_bbsSn=1001&q_bbsDocNo=20180716329584602&q_clsfNo=0,,병원체검사결과신고
2016년 메르스(MERS) 대응 지침,2018.07.16,2016,감염병포털,,4,https://dportal.kdca.go.kr/pot/bbs/BD_selectBbs.do?q_bbsSn=1001&q_bbsDocNo=20180716315640614&q_clsfNo=0,,메르스대응지침
2016년 설치류매개감염병관리지침,2018.07.16,2016,감염병포털,,4,https://dportal.kdca.go.kr/pot/bbs/BD_selectBbs.do?q_bbsSn=1001&q_bbsDocNo=20180716240374578&q_clsfNo=0,,설치류매개감염병관리지침
2016년 표본감시감염병 신고안내 지침,2018.07.16,2016,감염병포털,Y,1,https://dportal.kdca.go.kr/pot/bbs/BD_selectBbs.do?q_bbsSn=1001&q_bbsDocNo=20180716212295058&q_clsfNo=0,,표본감시감염병신고지침
2016년 수인성및식품매개질환관리지침,2018.07.16,2016,감염병포털,Y,1,https://dportal.kdca.go.kr/pot/bbs/BD_selectBbs.do?q_bbsSn=1001&q_bbsDocNo=20180716176418281&q_clsfNo=0,,수인성식품매개질환관리지침
2016년 공중보건 위기소통 지침,2018.07.16,2016,감염병포털,Y,1,https://dportal.kdca.go.kr/pot/bbs/BD_selectBbs.do?q_bbsSn=1001&q_bbsDocNo=20180716170702677&q_clsfNo=0,,공중보건위기소통지침
2016년 큐열 관리지침,2018.07.16,2016,감염병포털,,3,https://dportal.kdca.go.kr/pot/bbs/BD_selectBbs.do?q_bbsSn=1001&q_bbsDocNo=20180716055972107&q_clsfNo=0,,큐열관리지침
2016년 공수병 관리지침,2018.07.16,2016,감염병포털,,3,https://dportal.kdca.go.kr/pot/bbs/BD_selectBbs.do?q_bbsSn=1001&q_bbsDocNo=20180716018016313&q_clsfNo=0,,공수병관리지침
2016년도 감염병 역학조사 연보,2017.10.12,2016,KDCA게시판,,7,https://www.kdca.go.kr/bbs/kdca/55/227596/artclView.do,,감염병역학조사연보
동물이용 생물안전 3등급 연구시설 설치·운영 해설서(2016),2017.03.21,2016,KDCA게시판+감염병포털,Y,1,https://www.kdca.go.kr/bbs/kdca/55/227550/artclView.do,https://dportal.kdca.go.kr/pot/bbs/BD_selectBbs.do?q_bbsSn=1001&q_bbsDocNo=20180716076871272&q_clsfNo=0,동물이용생물안전3등급연구시설설치운영해설서
생물안전 1·2등급 연구시설 안전관리지침(2016),2017.03.20,2016,KDCA게시판+감염병포털,Y,2,https://www.kdca.go.kr/bbs/kdca/55/227549/artclView.do,https://dportal.kdca.go.kr/pot/bbs/BD_selectBbs.do?q_bbsSn=1001&q_bbsDocNo=20180716814826988&q_clsfNo=0,생물안전12등급연구시설안전관리지침
2016년 성매개감염진료지침,2017.01.13,2016,KDCA게시판+감염병포털,Y,2,https://www.kdca.go.kr/bbs/kdca/55/227538/artclView.do,https://dportal.kdca.go.kr/pot/bbs/BD_selectBbs.do?q_bbsSn=1001&q_bbsDocNo=20180716218569276&q_clsfNo=0,성매개감염진료지침
고위험병원체 취급 및 보존 안전관리 가이드(2016),2017.01.09,2016,KDCA게시판+감염병포털,,3,https://www.kdca.go.kr/bbs/kdca/55/227537/artclView.do,https://dportal.kdca.go.kr/pot/bbs/BD_selectBbs.do?q_bbsSn=1001&q_bbsDocNo=20180716335040533&q_clsfNo=0,고위험병원체취급보존안전관리가이드
모기 취급 실험실 생물안전 가이드,2016.12.28,2016,KDCA게시판+감염병포털,Y,1,https://www.kdca.go.kr/bbs/kdca/55/227535/artclView.do,https://dportal.kdca.go.kr/pot/bbs/BD_selectBbs.do?q_bbsSn=1001&q_bbsDocNo=20180716755005954&q_clsfNo=0,모기취급실험실생물안전가이드
[혈액] 수혈전파감염의 역학과관리(2016.12 발간),2016.12.19,2016,KDCA게시판,Y,1,https://www.kdca.go.kr/bbs/kdca/55/227534/artclView.do,,수혈전파감염의역학과관리
고위험병원체 안전관리 지침 공고(2016-408호),2016.12.14,2016,KDCA게시판,Y,1,https://www.kdca.go.kr/bbs/kdca/55/227533/artclView.do,,고위험병원체안전관리지침공고
2016 건강여성 첫걸음 클리닉 사업 관리 지침(의료기관용),2016.12.12,2016,KDCA게시판,Y,1,https://www.kdca.go.kr/bbs/kdca/55/227531/artclView.do,,2016건강여성첫걸음클리닉사업관리지침
질병관리본부 연구개발과제 성과관리지침,2016.11.28,2016,KDCA게시판,Y,1,https://www.kdca.go.kr/bbs/kdca/55/227530/artclView.do,,질병관리본부연구개발과제성과관리지침
국고보조금 지원 병원장비 관련 지침,2016.11.21,2016,KDCA게시판,Y,1,https://www.kdca.go.kr/bbs/kdca/55/227529/artclView.do,,국고보조금지원병원장비관련지침
2016 메르스 대응지침(4-1판),2016.11.15,2016,KDCA게시판,Y,1,https://www.kdca.go.kr/bbs/kdca/55/227527/artclView.do,https://www.kdca.go.kr/bbs/kdca/55/227513/artclView.do,2016메르스대응지침
지카바이러스감염증 진단검사지침(제2판),2016.11.10,2016,KDCA게시판,,2,https://www.kdca.go.kr/bbs/kdca/55/227526/artclView.do,,지카바이러스감염증진단검사지침
2016 소아상기도감염항생제지침,2016.11.09,2016,KDCA게시판,Y,1,https://www.kdca.go.kr/bbs/kdca/55/227525/artclView.do,,2016소아상기도감염항생제지침
2016 의료관련감염병관리지침,2016.11.09,2016,KDCA게시판,Y,1,https://www.kdca.go.kr/bbs/kdca/55/227524/artclView.do,,2016의료관련감염병관리지침
법정감염병 진단검사 통합지침,2016.11.08,2016,KDCA게시판,,7,https://www.kdca.go.kr/bbs/kdca/55/227523/artclView.do,,법정감염병진단검사통합지침
2016년 C형간염 관리지침_배포용,2016.10.20,2016,KDCA게시판+감염병포털,,5,https://www.kdca.go.kr/bbs/kdca/55/227522/artclView.do,https://dportal.kdca.go.kr/pot/bbs/BD_selectBbs.do?q_bbsSn=1001&q_bbsDocNo=20180716097735733&q_clsfNo=0,C형간염관리지침
2016년도 레지오넬라증 관리지침_배포용,2016.10.20,2016,KDCA게시판+감염병포털,,8,https://www.kdca.go.kr/bbs/kdca/55/227521/artclView.do,https://dportal.kdca.go.kr/pot/bbs/BD_selectBbs.do?q_bbsSn=1001&q_bbsDocNo=20180716338319585&q_clsfNo=0,레지오넬라증관리지침
지카바이러스 감염증 관리지침 2-1판,2016.10.19,2016,KDCA게시판,Y,1,https://www.kdca.go.kr/bbs/kdca/55/227520/artclView.do,,지카바이러스감염증관리지침21판
지카바이러스 감염증 관리지침 (2-1판),2016.10.19,2016,KDCA게시판,Y,1,https://www.kdca.go.kr/bbs/kdca/55/227519/artclView.do,https://www.kdca.go.kr/bbs/kdca/55/227486/artclView.do,지카바이러스감염증관리지침
"옴, 머릿니 예방 및 관리 지침",2016.10.19,2016,KDCA게시판,Y,1,https://www.kdca.go.kr/bbs/kdca/55/227518/artclView.do,,옴머릿니예방관리지침
2016-2017절기 인플루엔자 관리지침,2016.10.12,2016,KDCA게시판,Y,1,https://www.kdca.go.kr/bbs/kdca/55/227517/artclView.do,,20162017절기인플루엔자관리지침
[혈액] 제4판 수혈가이드라인(2016 전면개정),2016.09.02,2016,KDCA게시판,Y,1,https://www.kdca.go.kr/bbs/kdca/55/227516/artclView.do,,수혈가이드라인
2016년 크로이츠펠트-야콥병(CJD) 관리지침,2016.08.22,2016,KDCA게시판+감염병포털,,11,https://www.kdca.go.kr/bbs/kdca/55/227515/artclView.do,https://dportal.kdca.go.kr/pot/bbs/BD_selectBbs.do?q_bbsSn=1001&q_bbsDocNo=20180716957625656&q_clsfNo=0,크로이츠펠트야콥병관리지침
배아생성의료기관 표준운영지침(20160802),2016.08.22,2016,KDCA게시판,Y,1,https://www.kdca.go.kr/bbs/kdca/55/227514/artclView.do,,배아생성의료기관표준운영지침
2016 중증열성혈소판감소증후군(SFTS) 의료진용 진료지침 권고안,2016.07.20,2016,KDCA게시판,Y,1,https://www.kdca.go.kr/bbs/kdca/55/227512/artclView.do,,2016중증열성혈소판감소증후군의료진용진료지침권고안
시·도 심뇌혈관질환 예방관리사업 안내(2016),2016.07.07,2016,KDCA게시판,,11,https://www.kdca.go.kr/bbs/kdca/55/227511/artclView.do,,시도심뇌혈관질환예방관리사업
고혈압·당뇨병 등록·관리사업 표준 실무지침(2016),2016.07.07,2016,KDCA게시판,,12,https://www.kdca.go.kr/bbs/kdca/55/227510/artclView.do,,고혈압당뇨병등록관리사업표준실무지침
지역사회 통합건강증진사업 안내[심뇌혈관질환 예방관리](2016),2016.07.07,2016,KDCA게시판,,11,https://www.kdca.go.kr/bbs/kdca/55/227509/artclView.do,https://www.kdca.go.kr/bbs/kdca/55/227507/artclView.do,지역사회통합건강증진사업
아토피·천식 안심학교 운영안내서(2016),2016.07.01,2016,KDCA게시판,,7,https://www.kdca.go.kr/bbs/kdca/55/227508/artclView.do,,아토피천식안심학교운영서
인체유래물은행 표준운영지침,2016.06.30,2016,KDCA게시판,Y,3,https://www.kdca.go.kr/bbs/kdca/55/227506/artclView.do,,인체유래물은행표준운영지침
국립중앙인체자원은행 인체자원 폐기지침,2016.06.30,2016,KDCA게시판,Y,1,https://www.kdca.go.kr/bbs/kdca/55/227505/artclView.do,,국립중앙인체자원은행인체자원폐기지침
국립중앙인체자원은행 인체자원 기탁·위탁지침,2016.06.30,2016,KDCA게시판,Y,1,https://www.kdca.go.kr/bbs/kdca/55/227504/artclView.do,,국립중앙인체자원은행인체자원기탁위탁지침
국립중앙인체자원은행 시설 및 저장장비 표준운영지침,2016.06.30,2016,KDCA게시판,Y,1,https://www.kdca.go.kr/bbs/kdca/55/227502/artclView.do,,국립중앙인체자원은행시설저장장비표준운영지침
국립중앙인체자원은행 인체자원 정도관리지침,2016.06.30,2016,KDCA게시판,Y,1,https://www.kdca.go.kr/bbs/kdca/55/227501/artclView.do,,국립중앙인체자원은행인체자원정도관리지침
생명윤리법관련기관운영지침(13년12월),2016.06.30,2016,KDCA게시판,Y,1,https://www.kdca.go.kr/bbs/kdca/55/227498/artclView.do,,생명윤리법관련기관운영지침
2016 장기·인체조직 등록기관 업무가이드,2016.06.29,2016,KDCA게시판,Y,1,https://www.kdca.go.kr/bbs/kdca/55/227497/artclView.do,,2016장기인체조직등록기관업무가이드
2016년도 인수공통감염병 관리지침,2016.06.23,2016,KDCA게시판,,9,https://www.kdca.go.kr/bbs/kdca/55/227496/artclView.do,,인수공통감염병관리지침
2016 진드기 및 설치류 매개 감염병 관리지침,2016.06.23,2016,KDCA게시판,Y,1,https://www.kdca.go.kr/bbs/kdca/55/227495/artclView.do,,2016진드기설치류매개감염병관리지침
에볼라바이러스병 대응지침(제6판),2016.06.21,2016,KDCA게시판,,2,https://www.kdca.go.kr/bbs/kdca/55/227494/artclView.do,,에볼라바이러스병대응지침
2016년도 감염병관리사업 지침,2016.06.21,2016,KDCA게시판+감염병포털,,11,https://www.kdca.go.kr/bbs/kdca/55/227493/artclView.do,https://dportal.kdca.go.kr/pot/bbs/BD_selectBbs.do?q_bbsSn=1001&q_bbsDocNo=20180709799339955&q_clsfNo=0,감염병관리사업지침
2016년도 바이러스성 모기매개 감염병 관리지침,2016.06.16,2016,KDCA게시판+감염병포털,,11,https://www.kdca.go.kr/bbs/kdca/55/227492/artclView.do,https://dportal.kdca.go.kr/pot/bbs/BD_selectBbs.do?q_bbsSn=1001&q_bbsDocNo=20180716262225124&q_clsfNo=0,바이러스성모기매개감염병관리지침
실험실 생물안전 지침(2016),2016.06.15,2016,KDCA게시판+감염병포털,Y,1,https://www.kdca.go.kr/bbs/kdca/55/227491/artclView.do,https://dportal.kdca.go.kr/pot/bbs/BD_selectBbs.do?q_bbsSn=1001&q_bbsDocNo=20180716095662586&q_clsfNo=0,실험실생물안전지침
2016 수인성 및 식품매개질환관리지침,2016.06.14,2016,KDCA게시판,Y,1,https://www.kdca.go.kr/bbs/kdca/55/227490/artclView.do,,2016수인성식품매개질환관리지침
2016년 유비저 관리지침,2016.06.10,2016,KDCA게시판,,2,https://www.kdca.go.kr/bbs/kdca/55/227489/artclView.do,,유비저관리지침
2016년도 수족구병 관리지침,2016.06.10,2016,KDCA게시판,Y,1,https://www.kdca.go.kr/bbs/kdca/55/227488/artclView.do,,수족구병관리지침
2016년 노인 폐렴구균 예방접종사업 관리 지침,2016.06.08,2016,KDCA게시판,Y,1,https://www.kdca.go.kr/bbs/kdca/55/227487/artclView.do,,노인폐렴구균예방접종사업관리지침
2016년도 말라리아 관리지침,2016.05.24,2016,KDCA게시판+감염병포털,,24,https://www.kdca.go.kr/bbs/kdca/55/227485/artclView.do,https://dportal.kdca.go.kr/pot/bbs/BD_selectBbs.do?q_bbsSn=1001&q_bbsDocNo=20180716730170282&q_clsfNo=0,말라리아관리지침
지카바이러스감염증 진단검사지침 제1-2판,2016.05.11,2016,KDCA게시판,Y,1,https://www.kdca.go.kr/bbs/kdca/55/227484/artclView.do,,지카바이러스감염증진단검사지침제12판
2016 조류인플루엔자 인체감염 예방 및 관리지침,2016.05.09,2016,KDCA게시판,Y,1,https://www.kdca.go.kr/bbs/kdca/55/227483/artclView.do,,2016조류인플루엔자인체감염예방관리지침
MERS 대응 지침(4판),2016.05.09,2016,KDCA게시판,Y,1,https://www.kdca.go.kr/bbs/kdca/55/227482/artclView.do,,MERS대응지침
지카바이러스 감염증 관리지침 2판,2016.05.09,2016,KDCA게시판,Y,1,https://www.kdca.go.kr/bbs/kdca/55/227481/artclView.do,,지카바이러스감염증관리지침2판
지카바이러스 관리지침 제1-2판,2016.05.04,2016,KDCA게시판,Y,1,https://www.kdca.go.kr/bbs/kdca/55/227480/artclView.do,,지카바이러스관리지침제12판
2016년 조류인플루엔자 인체감염 예방 및 관리지침,2016.04.27,2016,KDCA게시판+감염병포털,,5,https://www.kdca.go.kr/bbs/kdca/55/227478/artclView.do,https://dportal.kdca.go.kr/pot/bbs/BD_selectBbs.do?q_bbsSn=1001&q_bbsDocNo=20180716378346524&q_clsfNo=0,조류인플루엔자인체감염예방관리지침
가임기 여성 및 임신부 지카바이러스 감염 진료 가이드라인 1-1판,2016.03.29,2016,KDCA게시판,Y,1,https://www.kdca.go.kr/bbs/kdca/55/227477/artclView.do,,가임기여성임신부지카바이러스감염진료가이드라인11판
감염병의 분류 및 종류(2016.1.29 기준),2016.03.29,2016,KDCA게시판,Y,1,https://www.kdca.go.kr/bbs/kdca/55/227476/artclView.do,,감염병의분류종류
지카바이러스 진단검사지침,2016.03.21,2016,KDCA게시판,Y,1,https://www.kdca.go.kr/bbs/kdca/55/227475/artclView.do,,지카바이러스진단검사지침
흰줄숲모기 방제 관리 지침 배포,2016.03.10,2016,KDCA게시판,Y,1,https://www.kdca.go.kr/bbs/kdca/55/227474/artclView.do,,흰줄숲모기방제관리지침배포
2016 국가결핵관리지침 발간 알림,2016.03.04,2016,KDCA게시판,Y,1,https://www.kdca.go.kr/bbs/kdca/55/227473/artclView.do,,2016국가결핵관리지침발간알림
흰줄숲모기 유충 방제 관리 지침 배포,2016.02.29,2016,KDCA게시판,Y,1,https://www.kdca.go.kr/bbs/kdca/55/227472/artclView.do,,흰줄숲모기유충방제관리지침배포
'2016년 의료기관 결핵관리 안내' 공유,2016.02.12,2016,KDCA게시판,Y,1,https://www.kdca.go.kr/bbs/kdca/55/227471/artclView.do,,'의료기관결핵관리'공유
2016년 메르스(MERS) 대응지침 제3-6판,2016.01.29,2016,KDCA게시판,Y,1,https://www.kdca.go.kr/bbs/kdca/55/227470/artclView.do,,메르스대응지침제36판
[혈액] 특정수혈부작용 조사지침 9차개정본(2016년 개정),2016.01.20,2016,KDCA게시판,Y,1,https://www.kdca.go.kr/bbs/kdca/55/227469/artclView.do,,특정수혈부작용조사지침본
[혈액] 메르스 완치자 혈장채혈지침(2016.1 제정),2016.01.19,2016,KDCA게시판,Y,1,https://www.kdca.go.kr/bbs/kdca/55/227468/artclView.do,,메르스완치자혈장채혈지침
[혈액] 수혈에 의한 세균감염 예방 및 발생 의심 시 의료기관 대응절차 가이드라인(2016.1 제정),2016.01.19,2016,KDCA게시판,Y,1,https://www.kdca.go.kr/bbs/kdca/55/227467/artclView.do,,수혈에의한세균감염예방발생의심시의료기관대응절차가이드라인
2016년 성매개감염병 관리지침(개정안),2016.01.06,2016,KDCA게시판,,12,https://www.kdca.go.kr/bbs/kdca/55/227465/artclView.do,,성매개감염병관리지침
백일해 통합관리지침,2016.01.06,2016,KDCA게시판,Y,2,https://www.kdca.go.kr/bbs/kdca/55/227464/artclView.do,,백일해통합관리지침
"2016년도 B형간염 주산기감염 예방사업 안내(보건소용, 의료기관용)",2016.01.05,2016,KDCA게시판,Y,1,https://www.kdca.go.kr/bbs/kdca/55/227463/artclView.do,,B형간염주산기감염예방사업
2016 병원체검사결과 신고안내,2016.01.04,2016,KDCA게시판,Y,1,https://www.kdca.go.kr/bbs/kdca/55/227462/artclView.do,,2016병원체검사결과신고
2016 검역업무지침,2015.12.28,2016,KDCA게시판,Y,1,https://www.kdca.go.kr/bbs/kdca/55/227461/artclView.do,,2016검역업무지침
2016년 한센 사업 지침,2015.12.28,2016,KDCA게시판+감염병포털,Y,6,https://www.kdca.go.kr/bbs/kdca/55/227460/artclView.do,https://dportal.kdca.go.kr/pot/bbs/BD_selectBbs.do?q_bbsSn=1001&q_bbsDocNo=20180716035682099&q_clsfNo=0,한센사업지침
2016년 표본감시감염병 신고안내,2015.12.28,2016,KDCA게시판,,3,https://www.kdca.go.kr/bbs/kdca/55/227459/artclView.do,,표본감시감염병신고
2016년 에이즈(HIV/AIDS) 관리지침,2015.12.28,2016,KDCA게시판,Y,3,https://www.kdca.go.kr/bbs/kdca/55/227458/artclView.do,,에이즈관리지침
2016 법정감염병 진단 신고기준,2015.12.21,2016,KDCA게시판,Y,1,https://www.kdca.go.kr/bbs/kdca/55/227457/artclView.do,,2016법정감염병진단신고기준
2016년 에이즈 관련 민간경상보조사업 관리지침,2015.12.21,2016,KDCA게시판,,3,https://www.kdca.go.kr/bbs/kdca/55/227456/artclView.do,,에이즈관련민간경상보조사업관리지침
2015년 메르스 백서 본책_요약본,2018.07.30,2015,감염병포털,Y,1,https://dportal.kdca.go.kr/pot/bbs/BD_selectBbs.do?q_bbsSn=1001&q_bbsDocNo=20180730882928605&q_clsfNo=0,,메르스백서본책요약본
2015년 생물안전 C2등급 안전관리 지침,2018.07.16,2015,감염병포털,Y,1,https://dportal.kdca.go.kr/pot/bbs/BD_selectBbs.do?q_bbsSn=1001&q_bbsDocNo=20180716598451924&q_clsfNo=0,,생물안전C2등급안전관리지침
2015년 인체유래물은행 표준운영지침,2018.07.16,2015,감염병포털,,3,https://dportal.kdca.go.kr/pot/bbs/BD_selectBbs.do?q_bbsSn=1001&q_bbsDocNo=20180716543069453&q_clsfNo=0,,인체유래물은행표준운영지침
2015년 해외여행을 위한 말라리아 예방지침 개정(안),2018.07.16,2015,감염병포털,Y,2,https://dportal.kdca.go.kr/pot/bbs/BD_selectBbs.do?q_bbsSn=1001&q_bbsDocNo=20180716244644092&q_clsfNo=0,,해외여행을위한말라리아예방지침
2015년 공수병 예방관리 지침,2018.07.16,2015,감염병포털,Y,1,https://dportal.kdca.go.kr/pot/bbs/BD_selectBbs.do?q_bbsSn=1001&q_bbsDocNo=20180716238815426&q_clsfNo=0,,공수병예방관리지침
[혈액] 혈액관리업무 점검사항 보고지침(2015.4.13 개정),2018.03.19,2015,KDCA게시판,Y,1,https://www.kdca.go.kr/bbs/kdca/55/227629/artclView.do,,혈액관리업무점검사항보고지침
2015년 감염병역학조사연보,2016.11.18,2015,KDCA게시판,,7,https://www.kdca.go.kr/bbs/kdca/55/227528/artclView.do,,감염병역학조사연보
"생물안전 1,2등급 연구시설 안전 관리 지침(2015)",2016.01.19,2015,KDCA게시판,,2,https://www.kdca.go.kr/bbs/kdca/55/227466/artclView.do,,생물안전12등급연구시설안전관리지침
수인성식품매개질환 실험실 진단 실무 지침 2015,2015.12.15,2015,KDCA게시판,Y,1,https://www.kdca.go.kr/bbs/kdca/55/227455/artclView.do,,수인성식품매개질환실험실진단실무지침2015
"[지침] 감염성물질 안전수송 지침(개정2판,2015)",2015.10.29,2015,KDCA게시판,,3,https://www.kdca.go.kr/bbs/kdca/55/227454/artclView.do,,감염성물질안전수송지침
지역사회 비누로 손씻기 홍보사업 가이드,2015.10.21,2015,KDCA게시판,Y,1,https://www.kdca.go.kr/bbs/kdca/55/227453/artclView.do,,지역사회비누로손씻기홍보사업가이드
2015년 시도 심뇌혈관질환 예방관리사업 안내,2015.10.19,2015,KDCA게시판,,11,https://www.kdca.go.kr/bbs/kdca/55/227452/artclView.do,,시도심뇌혈관질환예방관리사업
2015년 고혈압·당뇨병 등록·관리사업 표준 실무지침,2015.10.19,2015,KDCA게시판,,12,https://www.kdca.go.kr/bbs/kdca/55/227451/artclView.do,,고혈압당뇨병등록관리사업표준실무지침
백일해 통합관리지침(제 2판),2015.09.09,2015,KDCA게시판+감염병포털,,2,https://www.kdca.go.kr/bbs/kdca/55/227450/artclView.do,https://dportal.kdca.go.kr/pot/bbs/BD_selectBbs.do?q_bbsSn=1001&q_bbsDocNo=20180822324267988&q_clsfNo=0,백일해통합관리지침
[지침] 고위험병원체 안전관리 지침 (2015-93호),2015.09.07,2015,KDCA게시판+감염병포털,Y,2,https://www.kdca.go.kr/bbs/kdca/55/227449/artclView.do,https://dportal.kdca.go.kr/pot/bbs/BD_selectBbs.do?q_bbsSn=1001&q_bbsDocNo=20180716222248701&q_clsfNo=0,고위험병원체안전관리지침
2015년 수인성식품매개질환 역학조사 지침,2015.07.20,2015,KDCA게시판,Y,6,https://www.kdca.go.kr/bbs/kdca/55/227448/artclView.do,,수인성식품매개질환역학조사지침
'14-'15절기 인플루엔자 관리지침,2015.07.10,2015,KDCA게시판,Y,1,https://www.kdca.go.kr/bbs/kdca/55/227447/artclView.do,,'14'15절기인플루엔자관리지침
2015 한센사업지침,2015.07.02,2015,KDCA게시판,Y,1,https://www.kdca.go.kr/bbs/kdca/55/227445/artclView.do,,2015한센사업지침
2015년 지역사회 통합건강증진사업 안내서[심뇌혈관질환 예방관리],2015.06.26,2015,KDCA게시판,Y,1,https://www.kdca.go.kr/bbs/kdca/55/227444/artclView.do,,지역사회통합건강증진사업서
HIV/AIDS진료지침(개정),2015.05.29,2015,KDCA게시판,Y,1,https://www.kdca.go.kr/bbs/kdca/55/227443/artclView.do,,HIV/AIDS진료지침
2015년도 국내 말라리아 관리지침,2015.05.26,2015,KDCA게시판+감염병포털,Y,1,https://www.kdca.go.kr/bbs/kdca/55/227442/artclView.do,https://dportal.kdca.go.kr/pot/bbs/BD_selectBbs.do?q_bbsSn=1001&q_bbsDocNo=20180716098209810&q_clsfNo=0,국내말라리아관리지침
2015년도 진드기 및 설치류 매개 감염병 관리지침,2015.05.19,2015,KDCA게시판+감염병포털,,7,https://www.kdca.go.kr/bbs/kdca/55/227441/artclView.do,https://dportal.kdca.go.kr/pot/bbs/BD_selectBbs.do?q_bbsSn=1001&q_bbsDocNo=20180716818661056&q_clsfNo=0,진드기설치류매개감염병관리지침
2015년 에이즈(HIV/AIDS) 관리지침,2015.04.23,2015,KDCA게시판,,3,https://www.kdca.go.kr/bbs/kdca/55/227440/artclView.do,,에이즈관리지침
2015 검역업무지침,2015.04.15,2015,KDCA게시판,Y,1,https://www.kdca.go.kr/bbs/kdca/55/227439/artclView.do,,2015검역업무지침
공수병 역학과 관리,2015.03.27,2015,KDCA게시판,Y,1,https://www.kdca.go.kr/bbs/kdca/55/227438/artclView.do,,공수병역학과관리
장기등 기증자 등 지원한도액,2015.02.23,2015,KDCA게시판,Y,1,https://www.kdca.go.kr/bbs/kdca/55/227436/artclView.do,,장기등기증자등지원한도액
2015 노인 폐렴구균 예방접종사업 관리지침,2015.02.03,2015,KDCA게시판,Y,1,https://www.kdca.go.kr/bbs/kdca/55/227435/artclView.do,,2015노인폐렴구균예방접종사업관리지침
2015 해외여행을 위한 말라리아 예방지침 개정본,2015.01.30,2015,KDCA게시판,Y,1,https://www.kdca.go.kr/bbs/kdca/55/227434/artclView.do,,2015해외여행을위한말라리아예방지침본
질병관리본부 기관생명윤리위원회 표준운영지침서,2015.01.28,2015,KDCA게시판,Y,1,https://www.kdca.go.kr/bbs/kdca/55/227433/artclView.do,,질병관리본부기관생명윤리위원회표준운영지침서
2015년 감염병관리사업지침,2015.01.21,2015,KDCA게시판+감염병포털,,11,https://www.kdca.go.kr/bbs/kdca/55/227432/artclView.do,https://dportal.kdca.go.kr/pot/bbs/BD_selectBbs.do?q_bbsSn=1001&q_bbsDocNo=20180709958244428&q_clsfNo=0,감염병관리사업지침
"법정감염병 표본감시 신고지침(급성호흡기감염증, 장관감염증, 엔테로바이러스감염증)",2015.01.16,2015,KDCA게시판+감염병포털,Y,1,https://www.kdca.go.kr/bbs/kdca/55/227431/artclView.do,https://dportal.kdca.go.kr/pot/bbs/BD_selectBbs.do?q_bbsSn=1001&q_bbsDocNo=20180716214619867&q_clsfNo=0,법정감염병표본감시신고지침
2015년 영유아 건강검진 검진의사 매뉴얼,2015.01.14,2015,KDCA게시판,Y,1,https://www.kdca.go.kr/bbs/kdca/55/227430/artclView.do,,영유아건강검진검진의사매뉴얼
2015년 결핵관리지침 및 Q&A,2014.12.18,2015,KDCA게시판,Y,1,https://www.kdca.go.kr/bbs/kdca/55/227428/artclView.do,,결핵관리지침Q&A
2014년 검역업무지침,2018.10.10,2014,감염병포털,,9,https://dportal.kdca.go.kr/pot/bbs/BD_selectBbs.do?q_bbsSn=1001&q_bbsDocNo=20181010843640538&q_clsfNo=0,,검역업무지침
2014 검역업무 지침,2018.10.08,2014,KDCA게시판,Y,1,https://www.kdca.go.kr/bbs/kdca/55/227673/artclView.do,,2014검역업무지침
"2014년 생물안전3,4연구시설검증기술서",2018.08.22,2014,감염병포털,Y,1,https://dportal.kdca.go.kr/pot/bbs/BD_selectBbs.do?q_bbsSn=1001&q_bbsDocNo=20180822765506522&q_clsfNo=0,,생물안전34연구시설검증기술서
국립중앙인체자원은행 운영·관리 규정(개정일 20141230),2018.07.20,2014,KDCA게시판+감염병포털,,4,https://www.kdca.go.kr/bbs/kdca/55/227652/artclView.do,https://dportal.kdca.go.kr/pot/bbs/BD_selectBbs.do?q_bbsSn=1001&q_bbsDocNo=20180716749013940&q_clsfNo=0,국립중앙인체자원은행운영관리규정
2014년 한센사업지침,2018.07.16,2014,감염병포털,,6,https://dportal.kdca.go.kr/pot/bbs/BD_selectBbs.do?q_bbsSn=1001&q_bbsDocNo=20180716997922253&q_clsfNo=0,,한센사업지침
2014년 법정감염병 진단·신고 기준,2018.07.16,2014,감염병포털,,7,https://dportal.kdca.go.kr/pot/bbs/BD_selectBbs.do?q_bbsSn=1001&q_bbsDocNo=20180716765507796&q_clsfNo=0,,법정감염병진단신고기준
2014년 감염병의 진단기준고시(개정),2018.07.16,2014,감염병포털,Y,2,https://dportal.kdca.go.kr/pot/bbs/BD_selectBbs.do?q_bbsSn=1001&q_bbsDocNo=20180716614387682&q_clsfNo=0,,감염병의진단기준고시
2014년 안과감염병 표본감시지침,2018.07.16,2014,감염병포털,Y,1,https://dportal.kdca.go.kr/pot/bbs/BD_selectBbs.do?q_bbsSn=1001&q_bbsDocNo=20180716573775481&q_clsfNo=0,,안과감염병표본감시지침
2014년 엔테로바이러스감염증 표본감시 안내 지침,2018.07.16,2014,감염병포털,Y,2,https://dportal.kdca.go.kr/pot/bbs/BD_selectBbs.do?q_bbsSn=1001&q_bbsDocNo=20180716538520293&q_clsfNo=0,,엔테로바이러스감염증표본감시지침
2014년 결핵진료지침,2018.07.16,2014,감염병포털,,3,https://dportal.kdca.go.kr/pot/bbs/BD_selectBbs.do?q_bbsSn=1001&q_bbsDocNo=20180716368106593&q_clsfNo=0,,결핵진료지침
2014년 급성호흡기감염증 표본감시 안내 지침,2018.07.16,2014,감염병포털,Y,1,https://dportal.kdca.go.kr/pot/bbs/BD_selectBbs.do?q_bbsSn=1001&q_bbsDocNo=20180716327304255&q_clsfNo=0,,급성호흡기감염증표본감시지침
2014년 장관감염증_표본감시_안내 지침,2018.07.16,2014,감염병포털,Y,2,https://dportal.kdca.go.kr/pot/bbs/BD_selectBbs.do?q_bbsSn=1001&q_bbsDocNo=20180716313338013&q_clsfNo=0,,장관감염증표본감시지침
2014년 해외여행을 위한 말라리아 예방지침,2018.07.16,2014,감염병포털,,2,https://dportal.kdca.go.kr/pot/bbs/BD_selectBbs.do?q_bbsSn=1001&q_bbsDocNo=20180716231104546&q_clsfNo=0,,해외여행을위한말라리아예방지침
2014년 인플루엔자 및 수족구병 표본감시 안내 지침,2018.07.16,2014,감염병포털,Y,1,https://dportal.kdca.go.kr/pot/bbs/BD_selectBbs.do?q_bbsSn=1001&q_bbsDocNo=20180716222728036&q_clsfNo=0,,인플루엔자수족구병표본감시지침
생물안전 3·4등급 연구시설 검증 기술서(2014),2017.03.21,2014,KDCA게시판,Y,1,https://www.kdca.go.kr/bbs/kdca/55/227551/artclView.do,,생물안전34등급연구시설검증기술서
[지침]유전자재조합실험지침(보건복지부고시 제2014-201호),2015.07.03,2014,KDCA게시판+감염병포털,,5,https://www.kdca.go.kr/bbs/kdca/55/227446/artclView.do,https://dportal.kdca.go.kr/pot/bbs/BD_selectBbs.do?q_bbsSn=1001&q_bbsDocNo=20180716793031074&q_clsfNo=0,유전자재조합실험지침
2014 예방접종대상 감염병 사업관리 지침,2015.03.25,2014,KDCA게시판,Y,1,https://www.kdca.go.kr/bbs/kdca/55/227437/artclView.do,,2014예방접종대상감염병사업관리지침
생물안전 3등급 연구시설 안전관리 지침(2014),2014.12.31,2014,KDCA게시판+감염병포털,Y,1,https://www.kdca.go.kr/bbs/kdca/55/227429/artclView.do,https://dportal.kdca.go.kr/pot/bbs/BD_selectBbs.do?q_bbsSn=1001&q_bbsDocNo=20180716724219687&q_clsfNo=0,생물안전3등급연구시설안전관리지침
「진단용 방사선 안전관리 규정」고시 일부개정 안내,2014.11.24,2014,KDCA게시판,Y,1,https://www.kdca.go.kr/bbs/kdca/55/227427/artclView.do,,진단용방사선안전관리규정고시일부
한국 영유아 발달선별검사 사용 지침서,2014.10.15,2014,KDCA게시판,,2,https://www.kdca.go.kr/bbs/kdca/55/227426/artclView.do,,한국영유아발달선별검사사용지침서
2014 결핵진료지침(개정판),2014.09.17,2014,KDCA게시판,Y,1,https://www.kdca.go.kr/bbs/kdca/55/227425/artclView.do,,2014결핵진료지침
감염병의진단기준고시 개정알림,2014.09.16,2014,KDCA게시판,Y,1,https://www.kdca.go.kr/bbs/kdca/55/227424/artclView.do,,감염병의진단기준고시알림
고위험병원체안전관리지침,2014.08.29,2014,KDCA게시판+감염병포털,,2,https://www.kdca.go.kr/bbs/kdca/55/227423/artclView.do,https://dportal.kdca.go.kr/pot/bbs/BD_selectBbs.do?q_bbsSn=1001&q_bbsDocNo=20180716969559749&q_clsfNo=0,고위험병원체안전관리지침
2014년 에볼라병 대응지침(배포판),2014.08.18,2014,KDCA게시판,Y,1,https://www.kdca.go.kr/bbs/kdca/55/227422/artclView.do,,에볼라병대응지침
2014년 주요 감염병 매개 모기 방제 관리지침,2014.08.14,2014,KDCA게시판,Y,3,https://www.kdca.go.kr/bbs/kdca/55/227421/artclView.do,,주요감염병매개모기방제관리지침
2014년 에이즈관련 민간경상보조사업 관리지침,2014.08.12,2014,KDCA게시판,,3,https://www.kdca.go.kr/bbs/kdca/55/227420/artclView.do,,에이즈관련민간경상보조사업관리지침
HIV 수직감염 예방약제 보관 및 사용관련 지침,2014.08.12,2014,KDCA게시판,Y,2,https://www.kdca.go.kr/bbs/kdca/55/227419/artclView.do,,HIV수직감염예방약제보관사용관련지침
2014년 감염병관리사업지침,2014.06.20,2014,KDCA게시판+감염병포털,,11,https://www.kdca.go.kr/bbs/kdca/55/227418/artclView.do,https://dportal.kdca.go.kr/pot/bbs/BD_selectBbs.do?q_bbsSn=1001&q_bbsDocNo=20180709781841287&q_clsfNo=0,감염병관리사업지침
아토피·천식 안심학교 운영안내서(2014),2014.06.16,2014,KDCA게시판,,7,https://www.kdca.go.kr/bbs/kdca/55/227417/artclView.do,,아토피천식안심학교운영서
홍역관리지침,2014.06.03,2014,KDCA게시판,Y,1,https://www.kdca.go.kr/bbs/kdca/55/227416/artclView.do,,홍역관리지침
레지오넬라증 지침,2014.06.03,2014,KDCA게시판,Y,1,https://www.kdca.go.kr/bbs/kdca/55/227415/artclView.do,,레지오넬라증지침
"학교, 의료기관, 보건소용 홍역 관리지침(2014년 5월 개정판)",2014.06.03,2014,KDCA게시판,Y,1,https://www.kdca.go.kr/bbs/kdca/55/227414/artclView.do,,학교의료기관보건소용홍역관리지침
진드기 및 설치류 지침,2014.05.08,2014,KDCA게시판+감염병포털,Y,1,https://www.kdca.go.kr/bbs/kdca/55/227412/artclView.do,https://dportal.kdca.go.kr/pot/bbs/BD_selectBbs.do?q_bbsSn=1001&q_bbsDocNo=20180716156865088&q_clsfNo=0,진드기설치류지침
2014한센사업지침,2014.04.30,2014,KDCA게시판,Y,1,https://www.kdca.go.kr/bbs/kdca/55/227411/artclView.do,,2014한센사업지침
감염성물질 안전수송지침,2014.04.22,2014,KDCA게시판+감염병포털,,3,https://www.kdca.go.kr/bbs/kdca/55/227410/artclView.do,https://dportal.kdca.go.kr/pot/bbs/BD_selectBbs.do?q_bbsSn=1001&q_bbsDocNo=20180716622343574&q_clsfNo=0,감염성물질안전수송지침
2014 지역사회 통합건강증진사업 안내[아토피·천식 예방관리],2014.04.16,2014,KDCA게시판,Y,1,https://www.kdca.go.kr/bbs/kdca/55/227409/artclView.do,,2014지역사회통합건강증진사업
장기등 기증자 등 지원에 관한 규정,2014.04.03,2014,KDCA게시판,Y,1,https://www.kdca.go.kr/bbs/kdca/55/227408/artclView.do,,장기등기증자등지원에관한규정
인체조직기증자 지원에 관한 규정,2014.04.01,2014,KDCA게시판,Y,1,https://www.kdca.go.kr/bbs/kdca/55/227407/artclView.do,,인체조직기증자지원에관한규정
뇌사자관리 손실보상금 지급 규정,2014.03.31,2014,KDCA게시판,Y,1,https://www.kdca.go.kr/bbs/kdca/55/227406/artclView.do,,뇌사자관리손실보상금지급규정
장기이식 업무안내입니다.,2014.03.26,2014,KDCA게시판,Y,1,https://www.kdca.go.kr/bbs/kdca/55/227404/artclView.do,,장기이식업무입니다
수인성 식품매개질환 실험실 실무지침(2014),2014.03.19,2014,KDCA게시판,Y,1,https://www.kdca.go.kr/bbs/kdca/55/227402/artclView.do,,수인성식품매개질환실험실실무지침
2014년 수인성식품매개질환 역학조사 지침,2014.02.26,2014,KDCA게시판,,6,https://www.kdca.go.kr/bbs/kdca/55/227401/artclView.do,,수인성식품매개질환역학조사지침
[연구기획과] 학술연구개발용역과제 관련 규정 및 지침,2014.02.17,2014,KDCA게시판,,2,https://www.kdca.go.kr/bbs/kdca/55/227400/artclView.do,,학술연구개발용역과제관련규정지침
[연구기획과] 정책연구용역사업 운영규정 및 관리안내,2014.02.04,2014,KDCA게시판,,3,https://www.kdca.go.kr/bbs/kdca/55/227399/artclView.do,,정책연구용역사업운영규정관리
2014 해외 여행을 위한 말라리아 예방지침,2014.01.17,2014,KDCA게시판,Y,1,https://www.kdca.go.kr/bbs/kdca/55/227398/artclView.do,,2014해외여행을위한말라리아예방지침
2014 법정감염병 진단신고 기준,2014.01.03,2014,KDCA게시판,Y,1,https://www.kdca.go.kr/bbs/kdca/55/227396/artclView.do,,2014법정감염병진단신고기준
안과감염병 표본감시 안내,2014.01.03,2014,KDCA게시판,Y,1,https://www.kdca.go.kr/bbs/kdca/55/227395/artclView.do,,안과감염병표본감시
인플루엔자 및 수족구병 표본감시 안내,2014.01.03,2014,KDCA게시판,Y,1,https://www.kdca.go.kr/bbs/kdca/55/227394/artclView.do,,인플루엔자수족구병표본감시
엔테로바이러스감염증 표본감시 안내,2014.01.02,2014,KDCA게시판,Y,1,https://www.kdca.go.kr/bbs/kdca/55/227393/artclView.do,,엔테로바이러스감염증표본감시
장관감염증 표본감시 안내,2014.01.02,2014,KDCA게시판,Y,1,https://www.kdca.go.kr/bbs/kdca/55/227392/artclView.do,,장관감염증표본감시
급성호흡기감염증 표본감시 안내,2014.01.02,2014,KDCA게시판,Y,1,https://www.kdca.go.kr/bbs/kdca/55/227391/artclView.do,,급성호흡기감염증표본감시
인체유래물은행 표준운영지침(2013.12),2016.06.30,2013,KDCA게시판,,3,https://www.kdca.go.kr/bbs/kdca/55/227500/artclView.do,,인체유래물은행표준운영지침
배아생성의료기관 표준운영안내(2013.12),2016.06.30,2013,KDCA게시판,Y,1,https://www.kdca.go.kr/bbs/kdca/55/227499/artclView.do,,배아생성의료기관표준운영
[지침]기관생물안전위원회 구성운영지침(2013),2014.05.30,2013,KDCA게시판,Y,1,https://www.kdca.go.kr/bbs/kdca/55/227413/artclView.do,,기관생물안전위원회구성운영지침
2013년도 장기이식관리 업무안내입니다.,2014.03.26,2013,KDCA게시판,Y,1,https://www.kdca.go.kr/bbs/kdca/55/227405/artclView.do,,장기이식관리업무입니다
감염병의 진단기준 고시(2013-140호),2014.03.19,2013,KDCA게시판,,2,https://www.kdca.go.kr/bbs/kdca/55/227403/artclView.do,,감염병의진단기준고시
2013년 성매개감염병 관리지침,2013.10.15,2013,KDCA게시판+감염병포털,,12,https://www.kdca.go.kr/bbs/kdca/55/227390/artclView.do,https://dportal.kdca.go.kr/pot/bbs/BD_selectBbs.do?q_bbsSn=1001&q_bbsDocNo=20180711945006398&q_clsfNo=0,성매개감염병관리지침
HIV 수직감염 예방약제 보관 및 사용관련 지침,2013.09.12,2013,KDCA게시판,,2,https://www.kdca.go.kr/bbs/kdca/55/227389/artclView.do,,HIV수직감염예방약제보관사용관련지침
2013년 결핵검사지침,2013.08.09,2013,KDCA게시판,Y,1,https://www.kdca.go.kr/bbs/kdca/55/227388/artclView.do,,결핵검사지침
2013년 검역업무지침,2013.08.01,2013,KDCA게시판,,9,https://www.kdca.go.kr/bbs/kdca/55/227387/artclView.do,,검역업무지침
2013 HIV/AIDS 관리지침,2013.07.16,2013,KDCA게시판,Y,1,https://www.kdca.go.kr/bbs/kdca/55/227386/artclView.do,,2013HIV/AIDS관리지침
중증열성혈소판감소증후군(SFTS) 진단신고기준 개정(7.1시행),2013.07.09,2013,KDCA게시판+감염병포털,Y,1,https://www.kdca.go.kr/bbs/kdca/55/227385/artclView.do,https://dportal.kdca.go.kr/pot/bbs/BD_selectBbs.do?q_bbsSn=1001&q_bbsDocNo=20180711951619773&q_clsfNo=0,중증열성혈소판감소증후군진단신고기준
2013 말라리아 관리 지침,2013.06.27,2013,KDCA게시판,Y,1,https://www.kdca.go.kr/bbs/kdca/55/227384/artclView.do,,2013말라리아관리지침
예방접종 대상 감염병의 역학과 관리 2013년 수정판,2013.06.19,2013,KDCA게시판,Y,1,https://www.kdca.go.kr/bbs/kdca/55/227383/artclView.do,,예방접종대상감염병의역학과관리수정판
질병관리본부 예규집(201306),2013.06.12,2013,KDCA게시판,Y,1,https://www.kdca.go.kr/bbs/kdca/55/227382/artclView.do,,질병관리본부예규집
조류인플루엔자 A(H7N9) 인체감염증 예방 및 관리지침,2013.05.07,2013,KDCA게시판+감염병포털,Y,1,https://www.kdca.go.kr/bbs/kdca/55/227381/artclView.do,https://dportal.kdca.go.kr/pot/bbs/BD_selectBbs.do?q_bbsSn=1001&q_bbsDocNo=20180711670085928&q_clsfNo=0,조류인플루엔자A인체감염증예방관리지침
2013년 학교 결핵관리지침,2013.04.22,2013,KDCA게시판,Y,1,https://www.kdca.go.kr/bbs/kdca/55/227380/artclView.do,,학교결핵관리지침
2013년 감염병관리사업지침,2013.04.10,2013,KDCA게시판+감염병포털,,11,https://www.kdca.go.kr/bbs/kdca/55/227379/artclView.do,https://dportal.kdca.go.kr/pot/bbs/BD_selectBbs.do?q_bbsSn=1001&q_bbsDocNo=20180709072743186&q_clsfNo=0,감염병관리사업지침
[연구기획] 학술연구용역과제 관리지침 일부 정정 통보,2013.03.14,2013,KDCA게시판,Y,1,https://www.kdca.go.kr/bbs/kdca/55/227378/artclView.do,,학술연구용역과제관리지침일부정정통보
2013년 국가결핵관리지침,2013.03.13,2013,KDCA게시판,,7,https://www.kdca.go.kr/bbs/kdca/55/227377/artclView.do,,국가결핵관리지침
2013년 수인성식품매개질환 역학조사 지침,2013.03.06,2013,KDCA게시판,,6,https://www.kdca.go.kr/bbs/kdca/55/227376/artclView.do,,수인성식품매개질환역학조사지침
법정감염병 진단신고기준(Handbook),2013.01.29,2013,KDCA게시판,,7,https://www.kdca.go.kr/bbs/kdca/55/227374/artclView.do,,법정감염병진단신고기준
의료기관 혈액관리업무 즉시보고 및 정기보고 시행지침,2013.01.07,2013,KDCA게시판,Y,1,https://www.kdca.go.kr/bbs/kdca/55/227373/artclView.do,,의료기관혈액관리업무즉시보고정기보고시행지침
유전자재조합실험 지침,2013.01.07,2013,KDCA게시판,,5,https://www.kdca.go.kr/bbs/kdca/55/227372/artclView.do,,유전자재조합실험지침
2012년 인플루엔자 표본감시 안내,2018.08.22,2012,감염병포털,Y,1,https://dportal.kdca.go.kr/pot/bbs/BD_selectBbs.do?q_bbsSn=1001&q_bbsDocNo=20180822414831511&q_clsfNo=0,,인플루엔자표본감시
2012년 CJD 관리지침,2018.07.11,2012,감염병포털,Y,2,https://dportal.kdca.go.kr/pot/bbs/BD_selectBbs.do?q_bbsSn=1001&q_bbsDocNo=20180711917281039&q_clsfNo=0,,CJD관리지침
2012년 레지오넬라 지침,2018.07.10,2012,감염병포털,Y,1,https://dportal.kdca.go.kr/pot/bbs/BD_selectBbs.do?q_bbsSn=1001&q_bbsDocNo=20180710893052948&q_clsfNo=0,,레지오넬라지침
2012년 법정감염병 진단·신고 기준,2018.07.10,2012,감염병포털,,7,https://dportal.kdca.go.kr/pot/bbs/BD_selectBbs.do?q_bbsSn=1001&q_bbsDocNo=20180710645276381&q_clsfNo=0,,법정감염병진단신고기준
2012년 브루셀라증 예방관리지침,2018.07.10,2012,감염병포털,Y,3,https://dportal.kdca.go.kr/pot/bbs/BD_selectBbs.do?q_bbsSn=1001&q_bbsDocNo=20180710551560225&q_clsfNo=0,,브루셀라증예방관리지침
2012년 유전자재조합실험지침,2018.07.10,2012,감염병포털,,5,https://dportal.kdca.go.kr/pot/bbs/BD_selectBbs.do?q_bbsSn=1001&q_bbsDocNo=20180710349712510&q_clsfNo=0,,유전자재조합실험지침
2012년 주요 감염병 매개 모기 방제 관리지침,2014.01.06,2012,KDCA게시판,,3,https://www.kdca.go.kr/bbs/kdca/55/227397/artclView.do,,주요감염병매개모기방제관리지침
2012-2013 인플루엔자 표본감시 안내,2013.02.01,2012,KDCA게시판,Y,1,https://www.kdca.go.kr/bbs/kdca/55/227375/artclView.do,,20122013인플루엔자표본감시
국가승인이 필요한 유전자변형생물체 개발 및 실험제도 안내(2012),2013.01.07,2012,KDCA게시판+감염병포털,Y,1,https://www.kdca.go.kr/bbs/kdca/55/227371/artclView.do,https://dportal.kdca.go.kr/pot/bbs/BD_selectBbs.do?q_bbsSn=1001&q_bbsDocNo=20180710099741829&q_clsfNo=0,국가승인이필요한유전자변형생물체개발실험제도
알기 쉬운 고위험병원체 안전관리(2012),2013.01.07,2012,KDCA게시판,Y,1,https://www.kdca.go.kr/bbs/kdca/55/227370/artclView.do,,알기쉬운고위험병원체안전관리
성인 예방접종 가이드,2012.12.03,2012,KDCA게시판,Y,1,https://www.kdca.go.kr/bbs/kdca/55/227362/artclView.do,,성인예방접종가이드
의료관련감염병 표본감시 안내지침,2012.11.29,2012,KDCA게시판+감염병포털,Y,1,https://www.kdca.go.kr/bbs/kdca/55/227361/artclView.do,https://dportal.kdca.go.kr/pot/bbs/BD_selectBbs.do?q_bbsSn=1001&q_bbsDocNo=20180710127068352&q_clsfNo=0,의료관련감염병표본감시지침
「2012 법정감염병 진단·신고 기준」지침,2012.11.16,2012,KDCA게시판,Y,1,https://www.kdca.go.kr/bbs/kdca/55/227360/artclView.do,,2012법정감염병진단신고기준지침
2012 브루셀라증 예방관리 지침,2012.10.25,2012,KDCA게시판,Y,1,https://www.kdca.go.kr/bbs/kdca/55/227359/artclView.do,,2012브루셀라증예방관리지침
다제내성균 관리지침,2012.10.24,2012,KDCA게시판+감염병포털,Y,1,https://www.kdca.go.kr/bbs/kdca/55/227358/artclView.do,https://dportal.kdca.go.kr/pot/bbs/BD_selectBbs.do?q_bbsSn=1001&q_bbsDocNo=20180710923235405&q_clsfNo=0,다제내성균관리지침
라임병 관리 지침,2012.10.10,2012,KDCA게시판+감염병포털,Y,1,https://www.kdca.go.kr/bbs/kdca/55/227357/artclView.do,https://dportal.kdca.go.kr/pot/bbs/BD_selectBbs.do?q_bbsSn=1001&q_bbsDocNo=20180710511145542&q_clsfNo=0,라임병관리지침
2012년도 결핵 관련 지침(타 부처 관련),2012.09.28,2012,KDCA게시판,Y,1,https://www.kdca.go.kr/bbs/kdca/55/227356/artclView.do,,결핵관련지침
2012년도 민간공공협력결핵관리사업 지침,2012.09.28,2012,KDCA게시판,Y,1,https://www.kdca.go.kr/bbs/kdca/55/227355/artclView.do,,민간공공협력결핵관리사업지침
2012년 결핵 역학조사관리지침,2012.09.28,2012,KDCA게시판,Y,1,https://www.kdca.go.kr/bbs/kdca/55/227354/artclView.do,,결핵역학조사관리지침
2012년도 국가결핵관리지침,2012.09.28,2012,KDCA게시판,,7,https://www.kdca.go.kr/bbs/kdca/55/227353/artclView.do,,국가결핵관리지침
2012년 CJD(크로이츠펠트) 및 vCJD(변종크로이츠펠트) 관리지침,2012.09.18,2012,KDCA게시판,Y,2,https://www.kdca.go.kr/bbs/kdca/55/227352/artclView.do,,CJDvCJD관리지침
2012년 수인성·식품매개질환 역학조사 지침,2012.05.18,2012,KDCA게시판,,6,https://www.kdca.go.kr/bbs/kdca/55/227351/artclView.do,,수인성식품매개질환역학조사지침
2012년 국가감염병매개체방제관리지침 및 방제 가이드,2012.04.27,2012,KDCA게시판,Y,1,https://www.kdca.go.kr/bbs/kdca/55/227350/artclView.do,,국가감염병매개체방제관리지침방제가이드
2012년 레지오넬라증 관리 지침,2012.04.09,2012,KDCA게시판,,8,https://www.kdca.go.kr/bbs/kdca/55/227349/artclView.do,,레지오넬라증관리지침
2012년 가을철 발열성질환 관리 지침,2012.04.03,2012,KDCA게시판,Y,2,https://www.kdca.go.kr/bbs/kdca/55/227348/artclView.do,,가을철발열성질환관리지침
2012년 말라리아 관리 지침,2012.04.03,2012,KDCA게시판+감염병포털,,24,https://www.kdca.go.kr/bbs/kdca/55/227347/artclView.do,https://dportal.kdca.go.kr/pot/bbs/BD_selectBbs.do?q_bbsSn=1001&q_bbsDocNo=20180710531314940&q_clsfNo=0,말라리아관리지침
제5차 퇴원손상심층조사 자료이용 지침서,2012.03.28,2012,KDCA게시판,Y,1,https://www.kdca.go.kr/bbs/kdca/55/227346/artclView.do,,제5차퇴원손상심층조사자료이용지침서
2012년 성매개감염병 관리지침,2012.03.26,2012,KDCA게시판+감염병포털,,12,https://www.kdca.go.kr/bbs/kdca/55/227345/artclView.do,https://dportal.kdca.go.kr/pot/bbs/BD_selectBbs.do?q_bbsSn=1001&q_bbsDocNo=20180822262582329&q_clsfNo=0,성매개감염병관리지침
2012 HIV/AIDS 관리지침,2012.03.26,2012,KDCA게시판,Y,1,https://www.kdca.go.kr/bbs/kdca/55/227344/artclView.do,,2012HIV/AIDS관리지침
2012 검역업무지침,2012.03.19,2012,KDCA게시판,Y,1,https://www.kdca.go.kr/bbs/kdca/55/227343/artclView.do,,2012검역업무지침
카바페넴내성 장내세균속 감염관리지침,2012.03.15,2012,KDCA게시판+감염병포털,Y,1,https://www.kdca.go.kr/bbs/kdca/55/227342/artclView.do,https://dportal.kdca.go.kr/pot/bbs/BD_selectBbs.do?q_bbsSn=1001&q_bbsDocNo=20180710353095722&q_clsfNo=0,카바페넴내성장내세균속감염관리지침
2012년 감염병 관리 사업 지침,2012.03.15,2012,KDCA게시판,,11,https://www.kdca.go.kr/bbs/kdca/55/227341/artclView.do,,감염병관리사업지침
2011년 성매개감염 진료지침,2018.08.22,2011,감염병포털,,2,https://dportal.kdca.go.kr/pot/bbs/BD_selectBbs.do?q_bbsSn=1001&q_bbsDocNo=20180822561232125&q_clsfNo=0,,성매개감염진료지침
"2011년 감염병 감시,보고 지침",2018.08.22,2011,감염병포털,Y,1,https://dportal.kdca.go.kr/pot/bbs/BD_selectBbs.do?q_bbsSn=1001&q_bbsDocNo=20180822135026460&q_clsfNo=0,,감염병감시보고지침
2011년 기생충감염증 표본감시 안내지침,2018.07.10,2011,감염병포털,Y,1,https://dportal.kdca.go.kr/pot/bbs/BD_selectBbs.do?q_bbsSn=1001&q_bbsDocNo=20180710882599846&q_clsfNo=0,,기생충감염증표본감시지침
2011년 수족구병,2018.07.10,2011,감염병포털,Y,1,https://dportal.kdca.go.kr/pot/bbs/BD_selectBbs.do?q_bbsSn=1001&q_bbsDocNo=20180710875181666&q_clsfNo=0,,수족구병
2011년 법정감염병 진단.신고기준,2018.07.10,2011,감염병포털,,7,https://dportal.kdca.go.kr/pot/bbs/BD_selectBbs.do?q_bbsSn=1001&q_bbsDocNo=20180710874818717&q_clsfNo=0,,법정감염병진단신고기준
2011년 가을철 발열성질환 관리지침,2018.07.10,2011,감염병포털,,2,https://dportal.kdca.go.kr/pot/bbs/BD_selectBbs.do?q_bbsSn=1001&q_bbsDocNo=20180710842315473&q_clsfNo=0,,가을철발열성질환관리지침
2011년 인플루엔자 표본감시지침,2018.07.10,2011,감염병포털,Y,3,https://dportal.kdca.go.kr/pot/bbs/BD_selectBbs.do?q_bbsSn=1001&q_bbsDocNo=20180710840614344&q_clsfNo=0,,인플루엔자표본감시지침
2011년 의료관련감염표본감시침,2018.07.10,2011,감염병포털,Y,1,https://dportal.kdca.go.kr/pot/bbs/BD_selectBbs.do?q_bbsSn=1001&q_bbsDocNo=20180710384393603&q_clsfNo=0,,의료관련감염표본감시침
2011년 엔테로바이러스감염증 표본감시 안내지침,2018.07.10,2011,감염병포털,,2,https://dportal.kdca.go.kr/pot/bbs/BD_selectBbs.do?q_bbsSn=1001&q_bbsDocNo=20180710326930654&q_clsfNo=0,,엔테로바이러스감염증표본감시지침
2011년 장관감염증 표본감시지침,2018.07.10,2011,감염병포털,,2,https://dportal.kdca.go.kr/pot/bbs/BD_selectBbs.do?q_bbsSn=1001&q_bbsDocNo=20180710275194671&q_clsfNo=0,,장관감염증표본감시지침
2011년 조류인플루엔자 인체감염 예방 및 관리지침,2018.07.10,2011,감염병포털,,5,https://dportal.kdca.go.kr/pot/bbs/BD_selectBbs.do?q_bbsSn=1001&q_bbsDocNo=20180710048942122&q_clsfNo=0,,조류인플루엔자인체감염예방관리지침
고위험병원체 취급 및 보존 안전관리 가이드(2011),2013.01.07,2011,KDCA게시판+감염병포털,,3,https://www.kdca.go.kr/bbs/kdca/55/227365/artclView.do,https://dportal.kdca.go.kr/pot/bbs/BD_selectBbs.do?q_bbsSn=1001&q_bbsDocNo=20180710934020583&q_clsfNo=0,고위험병원체취급보존안전관리가이드
2011-2012절기 인플루엔자 표본감시 안내,2012.01.04,2011,KDCA게시판,Y,1,https://www.kdca.go.kr/bbs/kdca/55/227340/artclView.do,,20112012절기인플루엔자표본감시
2011 조류인플루엔자 인체감염 예방 및 관리지침,2011.12.26,2011,KDCA게시판,Y,1,https://www.kdca.go.kr/bbs/kdca/55/227339/artclView.do,,2011조류인플루엔자인체감염예방관리지침
2011 예방접종 대상 감염병의 역학과 관리,2011.12.20,2011,KDCA게시판,Y,1,https://www.kdca.go.kr/bbs/kdca/55/227338/artclView.do,,2011예방접종대상감염병의역학과관리
2011 의료관련감염 표본감시 안내 지침,2011.08.22,2011,KDCA게시판,Y,1,https://www.kdca.go.kr/bbs/kdca/55/227337/artclView.do,,2011의료관련감염표본감시지침
성매개감염 진료지침_전문,2011.08.08,2011,KDCA게시판,Y,1,https://www.kdca.go.kr/bbs/kdca/55/227336/artclView.do,,성매개감염진료지침전문
2011년 주요 감염병 매개 모기 방제 관리지침,2011.06.23,2011,KDCA게시판,,3,https://www.kdca.go.kr/bbs/kdca/55/227335/artclView.do,,주요감염병매개모기방제관리지침
2011년 HIV/AIDS 관리지침,2011.06.14,2011,KDCA게시판,,14,https://www.kdca.go.kr/bbs/kdca/55/227334/artclView.do,,HIV/AIDS관리지침
제1차~제3차 퇴원손상심층조사 자료이용 지침,2011.06.08,2011,KDCA게시판,Y,1,https://www.kdca.go.kr/bbs/kdca/55/227333/artclView.do,https://www.kdca.go.kr/bbs/kdca/55/227332/artclView.do,제1차~제3차퇴원손상심층조사자료이용지침
2011 가을철 발열성 질환 관리 지침,2011.06.02,2011,KDCA게시판,Y,1,https://www.kdca.go.kr/bbs/kdca/55/227330/artclView.do,,2011가을철발열성질환관리지침
2011 감염병 감시 및 보고지침,2011.05.31,2011,KDCA게시판,Y,1,https://www.kdca.go.kr/bbs/kdca/55/227329/artclView.do,,2011감염병감시보고지침
2011년 말라리아 관리지침,2011.05.25,2011,KDCA게시판,,24,https://www.kdca.go.kr/bbs/kdca/55/227328/artclView.do,,말라리아관리지침
제4차 퇴원손상심층조사 자료이용 지침,2011.05.20,2011,KDCA게시판,Y,1,https://www.kdca.go.kr/bbs/kdca/55/227327/artclView.do,,제4차퇴원손상심층조사자료이용지침
2011년 예방접종 대상 감염병 사업관리 지침,2011.05.03,2011,KDCA게시판,,2,https://www.kdca.go.kr/bbs/kdca/55/227326/artclView.do,,예방접종대상감염병사업관리지침
성매개감염 진료지침 요약본_2011(ver1),2011.04.29,2011,KDCA게시판,Y,1,https://www.kdca.go.kr/bbs/kdca/55/227325/artclView.do,,성매개감염진료지침요약본2011
2011년 수인성·식품매개질환 역학조사 지침,2011.04.26,2011,KDCA게시판,,6,https://www.kdca.go.kr/bbs/kdca/55/227324/artclView.do,,수인성식품매개질환역학조사지침
2011년 결핵환자 의료비 지원사업 지침,2011.04.07,2011,KDCA게시판,Y,1,https://www.kdca.go.kr/bbs/kdca/55/227323/artclView.do,,결핵환자의료비지원사업지침
2011년 감염병관리 사업지침,2011.03.24,2011,KDCA게시판+감염병포털,,11,https://www.kdca.go.kr/bbs/kdca/55/227322/artclView.do,https://dportal.kdca.go.kr/pot/bbs/BD_selectBbs.do?q_bbsSn=1001&q_bbsDocNo=20180709930491515&q_clsfNo=0,감염병관리사업지침
2011 검역 업무 지침입니다.,2011.03.22,2011,KDCA게시판,Y,1,https://www.kdca.go.kr/bbs/kdca/55/227321/artclView.do,,2011검역업무지침입니다
2011년 성매개감염병 관리지침,2011.03.16,2011,KDCA게시판,,12,https://www.kdca.go.kr/bbs/kdca/55/227320/artclView.do,,성매개감염병관리지침
2011년 학술 및 전산용역사업 편람,2011.02.08,2011,KDCA게시판,Y,5,https://www.kdca.go.kr/bbs/kdca/55/227319/artclView.do,,학술전산용역사업편람
질병관리본부 연구윤리심의위원회 표준운영지침서,2011.02.08,2011,KDCA게시판,Y,1,https://www.kdca.go.kr/bbs/kdca/55/227318/artclView.do,,질병관리본부연구윤리심의위원회표준운영지침서
배아연구계획 승인신청 안내서,2011.02.07,2011,KDCA게시판,Y,1,https://www.kdca.go.kr/bbs/kdca/55/227317/artclView.do,,배아연구계획승인신청서
2011 엔테로바이러스감염증 표본감시 안내지침,2011.01.27,2011,KDCA게시판,Y,1,https://www.kdca.go.kr/bbs/kdca/55/227316/artclView.do,,2011엔테로바이러스감염증표본감시지침
2011 장관감염증 표본감시 안내지침,2011.01.27,2011,KDCA게시판,Y,1,https://www.kdca.go.kr/bbs/kdca/55/227315/artclView.do,,2011장관감염증표본감시지침
2011 해외유입기생충감염증 표본감시 안내지침,2011.01.27,2011,KDCA게시판,Y,1,https://www.kdca.go.kr/bbs/kdca/55/227314/artclView.do,,2011해외유입기생충감염증표본감시지침
2011 의료관련감염증 표본감시 안내지침,2011.01.27,2011,KDCA게시판,Y,1,https://www.kdca.go.kr/bbs/kdca/55/227313/artclView.do,,2011의료관련감염증표본감시지침
2011 성매개감염병 표본감시 안내지침,2011.01.27,2011,KDCA게시판,Y,1,https://www.kdca.go.kr/bbs/kdca/55/227312/artclView.do,,2011성매개감염병표본감시지침
2011 수족구병 표본감시 안내지침,2011.01.27,2011,KDCA게시판,Y,1,https://www.kdca.go.kr/bbs/kdca/55/227311/artclView.do,,2011수족구병표본감시지침
2011 C형간염 표본감시 안내지침,2011.01.27,2011,KDCA게시판,Y,1,https://www.kdca.go.kr/bbs/kdca/55/227310/artclView.do,,2011C형간염표본감시지침
2011 기생충감염증 표본감시 안내지침,2011.01.27,2011,KDCA게시판,Y,1,https://www.kdca.go.kr/bbs/kdca/55/227309/artclView.do,,2011기생충감염증표본감시지침
2011 법정감염병 진단.신고기준,2011.01.13,2011,KDCA게시판,Y,1,https://www.kdca.go.kr/bbs/kdca/55/227308/artclView.do,,2011법정감염병진단신고기준
2010년 조류인플루엔자_인체감염예방 및_관리 지침,2018.07.10,2010,감염병포털,,5,https://dportal.kdca.go.kr/pot/bbs/BD_selectBbs.do?q_bbsSn=1001&q_bbsDocNo=20180710545519746&q_clsfNo=0,,조류인플루엔자인체감염예방관리지침
2010년 인플루엔자 표본감시 안내지침,2018.07.10,2010,감염병포털,,3,https://dportal.kdca.go.kr/pot/bbs/BD_selectBbs.do?q_bbsSn=1001&q_bbsDocNo=20180710093131609&q_clsfNo=0,,인플루엔자표본감시지침
생물안전 3등급 연구시설 검증기술서(2010),2013.01.07,2010,KDCA게시판,Y,1,https://www.kdca.go.kr/bbs/kdca/55/227368/artclView.do,,생물안전3등급연구시설검증기술서
2010년 주요전염병 매개모기 방제관리지침,2011.01.11,2010,KDCA게시판+감염병포털,Y,1,https://www.kdca.go.kr/bbs/kdca/55/227307/artclView.do,https://www.kdca.go.kr/bbs/kdca/55/227295/artclView.do,주요전염병매개모기방제관리지침
2010 조류인플루엔자 인체감염 예방 및 관리지침,2011.01.03,2010,KDCA게시판,Y,1,https://www.kdca.go.kr/bbs/kdca/55/227306/artclView.do,,2010조류인플루엔자인체감염예방관리지침
'10년 생애전환기 건강진단 문진표 및 결과통보서(서식),2010.12.27,2010,KDCA게시판,Y,1,https://www.kdca.go.kr/bbs/kdca/55/227305/artclView.do,,'10년생애전환기건강진단문진표결과통보서
2010년 HIV/AIDS 관리지침,2010.12.21,2010,KDCA게시판+감염병포털,,14,https://www.kdca.go.kr/bbs/kdca/55/227304/artclView.do,https://dportal.kdca.go.kr/pot/bbs/BD_selectBbs.do?q_bbsSn=1001&q_bbsDocNo=20210930438874347&q_clsfNo=0,HIV/AIDS관리지침
2010년 성병관리지침,2010.12.21,2010,KDCA게시판+감염병포털,Y,9,https://www.kdca.go.kr/bbs/kdca/55/227303/artclView.do,https://dportal.kdca.go.kr/pot/bbs/BD_selectBbs.do?q_bbsSn=1001&q_bbsDocNo=20180710663009265&q_clsfNo=0,성병관리지침
아토피·천식 안심학교 운영안내서,2010.10.05,2010,KDCA게시판,,7,https://www.kdca.go.kr/bbs/kdca/55/227302/artclView.do,,아토피천식안심학교운영서
2010 인플루엔자 표본감시 지침 및 신고방법안내,2010.07.28,2010,KDCA게시판,Y,1,https://www.kdca.go.kr/bbs/kdca/55/227300/artclView.do,,2010인플루엔자표본감시지침신고방법
수족구병 표본감시 안내,2010.06.14,2010,KDCA게시판,Y,1,https://www.kdca.go.kr/bbs/kdca/55/227298/artclView.do,,수족구병표본감시
2010년 에이즈관련 민간단체사업 관리지침,2010.06.14,2010,KDCA게시판,Y,1,https://www.kdca.go.kr/bbs/kdca/55/227297/artclView.do,,에이즈관련민간단체사업관리지침
2010년 전염병관리사업 지침,2010.05.28,2010,KDCA게시판+감염병포털,Y,7,https://www.kdca.go.kr/bbs/kdca/55/227296/artclView.do,https://dportal.kdca.go.kr/pot/bbs/BD_selectBbs.do?q_bbsSn=1001&q_bbsDocNo=20180710473453925&q_clsfNo=0,전염병관리사업지침
2010년 말라리아 관리지침,2010.04.26,2010,KDCA게시판+감염병포털,,24,https://www.kdca.go.kr/bbs/kdca/55/227294/artclView.do,https://dportal.kdca.go.kr/pot/bbs/BD_selectBbs.do?q_bbsSn=1001&q_bbsDocNo=20180710268495396&q_clsfNo=0,말라리아관리지침
바이러스성간염 표본감시 지침,2010.02.19,2010,KDCA게시판,Y,2,https://www.kdca.go.kr/bbs/kdca/55/227293/artclView.do,,바이러스성간염표본감시지침
2010년 검역업무지침,2010.02.18,2010,KDCA게시판,,9,https://www.kdca.go.kr/bbs/kdca/55/227292/artclView.do,,검역업무지침
2010년 질병관리본부 학술 및 전산용역사업 편람,2010.01.19,2010,KDCA게시판,Y,2,https://www.kdca.go.kr/bbs/kdca/55/227290/artclView.do,,질병관리본부학술전산용역사업편람
2009년 전염병관리사업지침,2018.07.10,2009,감염병포털,,7,https://dportal.kdca.go.kr/pot/bbs/BD_selectBbs.do?q_bbsSn=1001&q_bbsDocNo=20180710812373596&q_clsfNo=0,,전염병관리사업지침
2009년 바이러스성간염 표본감시 지침,2018.07.10,2009,감염병포털,,2,https://dportal.kdca.go.kr/pot/bbs/BD_selectBbs.do?q_bbsSn=1001&q_bbsDocNo=20180710495627121&q_clsfNo=0,,바이러스성간염표본감시지침
2009년 CJD 및 vCJD 관리지침,2018.07.10,2009,감염병포털,,2,https://dportal.kdca.go.kr/pot/bbs/BD_selectBbs.do?q_bbsSn=1001&q_bbsDocNo=20180710257781682&q_clsfNo=0,,CJDvCJD관리지침
2009년 인플루엔자 표본감시 안내지침,2018.07.10,2009,감염병포털,,3,https://dportal.kdca.go.kr/pot/bbs/BD_selectBbs.do?q_bbsSn=1001&q_bbsDocNo=20180710050222649&q_clsfNo=0,,인플루엔자표본감시지침
2009 인플루엔자 표본감시 지침 및 신고방법안내,2010.06.15,2009,KDCA게시판,Y,1,https://www.kdca.go.kr/bbs/kdca/55/227299/artclView.do,,2009인플루엔자표본감시지침신고방법
2009년 크로이츠펠트-야콥병 관리지침,2010.02.16,2009,KDCA게시판,,11,https://www.kdca.go.kr/bbs/kdca/55/227291/artclView.do,,크로이츠펠트야콥병관리지침
수인성식품매개질환 요약집,2009.12.29,2009,KDCA게시판,Y,1,https://www.kdca.go.kr/bbs/kdca/55/227289/artclView.do,,수인성식품매개질환요약집
2009년 법정전염병진단및신고기준,2009.11.30,2009,KDCA게시판+감염병포털,Y,2,https://www.kdca.go.kr/bbs/kdca/55/227288/artclView.do,https://dportal.kdca.go.kr/pot/bbs/BD_selectBbs.do?q_bbsSn=1001&q_bbsDocNo=20180710682264665&q_clsfNo=0,법정전염병진단신고기준
성병 표본감시 안내(의료기관용),2009.07.10,2009,KDCA게시판+감염병포털,Y,1,https://www.kdca.go.kr/bbs/kdca/55/227287/artclView.do,https://dportal.kdca.go.kr/pot/bbs/BD_selectBbs.do?q_bbsSn=1001&q_bbsDocNo=20180710913353180&q_clsfNo=0,성병표본감시
2009년 수인성식품매개질환 역학조사 지침 2차 개정판,2009.06.30,2009,KDCA게시판,,6,https://www.kdca.go.kr/bbs/kdca/55/227286/artclView.do,https://www.kdca.go.kr/bbs/kdca/55/227280/artclView.do,수인성식품매개질환역학조사지침
주요 전염병 매개 모기 관리 지침,2009.06.26,2009,KDCA게시판,Y,1,https://www.kdca.go.kr/bbs/kdca/55/227285/artclView.do,,주요전염병매개모기관리지침
해외여행자를 위한 말라리아 예방지침,2009.04.23,2009,KDCA게시판,Y,2,https://www.kdca.go.kr/bbs/kdca/55/227284/artclView.do,,해외여행자를위한말라리아예방지침
2009 보건소 아토피·천식 예방관리 지침,2009.04.17,2009,KDCA게시판,Y,1,https://www.kdca.go.kr/bbs/kdca/55/227283/artclView.do,,2009보건소아토피천식예방관리지침
2009년 VRSA/VISA 역학조사 지침,2009.04.14,2009,KDCA게시판,Y,1,https://www.kdca.go.kr/bbs/kdca/55/227282/artclView.do,,VRSA/VISA역학조사지침
"살충, 살균, 구서를 위한 방역소독 지침",2009.03.31,2009,KDCA게시판,Y,2,https://www.kdca.go.kr/bbs/kdca/55/227281/artclView.do,,살충살균구서를위한방역소독지침
2009년 말라리아 관리지침,2009.03.11,2009,KDCA게시판+감염병포털,,24,https://www.kdca.go.kr/bbs/kdca/55/227279/artclView.do,https://dportal.kdca.go.kr/pot/bbs/BD_selectBbs.do?q_bbsSn=1001&q_bbsDocNo=20180710868416586&q_clsfNo=0,말라리아관리지침
2009 HIV／AIDS 관리지침,2009.03.10,2009,KDCA게시판,Y,1,https://www.kdca.go.kr/bbs/kdca/55/227278/artclView.do,,2009HIV／AIDS관리지침
2009년 레지오넬라 관리지침,2009.03.09,2009,KDCA게시판+감염병포털,Y,1,https://www.kdca.go.kr/bbs/kdca/55/227277/artclView.do,https://dportal.kdca.go.kr/pot/bbs/BD_selectBbs.do?q_bbsSn=1001&q_bbsDocNo=20180710199084512&q_clsfNo=0,레지오넬라관리지침
2009 검역업무지침,2009.03.04,2009,KDCA게시판,Y,1,https://www.kdca.go.kr/bbs/kdca/55/227273/artclView.do,,2009검역업무지침
질병관리본부 학술및전산용역사업편람(2009.1.19),2009.03.02,2009,KDCA게시판,,2,https://www.kdca.go.kr/bbs/kdca/55/227272/artclView.do,,질병관리본부학술전산용역사업편람
2009 전염병관리 사업지침,2009.03.02,2009,KDCA게시판,Y,1,https://www.kdca.go.kr/bbs/kdca/55/227271/artclView.do,,2009전염병관리사업지침
유전자은행 표준운영지침,2009.01.28,2009,KDCA게시판,Y,1,https://www.kdca.go.kr/bbs/kdca/55/227270/artclView.do,,유전자은행표준운영지침
2009년 성병관리지침,2009.01.22,2009,KDCA게시판,,9,https://www.kdca.go.kr/bbs/kdca/55/227269/artclView.do,,성병관리지침
2009년 질병관리본부 학술 및 전산용역편람,2009.01.19,2009,KDCA게시판,Y,1,https://www.kdca.go.kr/bbs/kdca/55/227268/artclView.do,,질병관리본부학술전산용역편람
기관생명윤리심의위원회 구성 운영 표준지침서,2009.01.16,2009,KDCA게시판,Y,2,https://www.kdca.go.kr/bbs/kdca/55/227267/artclView.do,,기관생명윤리심의위원회구성운영표준지침서
2008년 말라리아 관리지침,2019.03.13,2008,감염병포털,,24,https://dportal.kdca.go.kr/pot/bbs/BD_selectBbs.do?q_bbsSn=1001&q_bbsDocNo=20190313430990805&q_clsfNo=0,,말라리아관리지침
2008년 CJD표본감시관리지침,2018.07.10,2008,감염병포털,Y,2,https://dportal.kdca.go.kr/pot/bbs/BD_selectBbs.do?q_bbsSn=1001&q_bbsDocNo=20180710793292402&q_clsfNo=0,,CJD표본감시관리지침
2008년 전염병관리사업지침,2018.07.10,2008,감염병포털,,7,https://dportal.kdca.go.kr/pot/bbs/BD_selectBbs.do?q_bbsSn=1001&q_bbsDocNo=20180710427337314&q_clsfNo=0,,전염병관리사업지침
2008년 기관생물안전위원회 구성운영 매뉴얼,2018.07.10,2008,감염병포털,Y,1,https://dportal.kdca.go.kr/pot/bbs/BD_selectBbs.do?q_bbsSn=1001&q_bbsDocNo=20180710203926780&q_clsfNo=0,,기관생물안전위원회구성운영매뉴얼
2008년 전염병 감시 및 보고지침,2018.07.10,2008,감염병포털,Y,1,https://dportal.kdca.go.kr/pot/bbs/BD_selectBbs.do?q_bbsSn=1001&q_bbsDocNo=20180710125062737&q_clsfNo=0,,전염병감시보고지침
급성심장정지조사 2008-2019년 원시자료 이용지침서,2017.12.06,2008,KDCA게시판,Y,1,https://www.kdca.go.kr/bbs/kdca/55/227607/artclView.do,,급성심장정지조사2008원시자료이용지침서
기관생물안전위원회 구성 운영 가이드(2008),2013.01.07,2008,KDCA게시판,Y,1,https://www.kdca.go.kr/bbs/kdca/55/227369/artclView.do,,기관생물안전위원회구성운영가이드
시험 연구단계 유전자변형생물체 수입 및 개발 실험 승인 심사 설명집(2008),2013.01.07,2008,KDCA게시판+감염병포털,Y,1,https://www.kdca.go.kr/bbs/kdca/55/227367/artclView.do,https://dportal.kdca.go.kr/pot/bbs/BD_selectBbs.do?q_bbsSn=1001&q_bbsDocNo=20180710211920142&q_clsfNo=0,시험연구단계유전자변형생물체수입개발실험승인심사설명집
유전자변형생물체 인체위해성 평가 심사 가이드(2008),2013.01.07,2008,KDCA게시판+감염병포털,Y,1,https://www.kdca.go.kr/bbs/kdca/55/227366/artclView.do,https://dportal.kdca.go.kr/pot/bbs/BD_selectBbs.do?q_bbsSn=1001&q_bbsDocNo=20180710362367837&q_clsfNo=0,유전자변형생물체인체위해성평가심사가이드
"고위험병원체 위해정보(MSDS, 2008)",2013.01.07,2008,KDCA게시판,Y,1,https://www.kdca.go.kr/bbs/kdca/55/227364/artclView.do,,고위험병원체위해정보
고위험병원체 수송매뉴얼(2008),2013.01.07,2008,KDCA게시판+감염병포털,Y,1,https://www.kdca.go.kr/bbs/kdca/55/227363/artclView.do,https://www.kdca.go.kr/bbs/kdca/55/227265/artclView.do,고위험병원체수송매뉴얼
2008 수인성식품매개질환 역학조사 지침,2009.03.09,2008,KDCA게시판,Y,1,https://www.kdca.go.kr/bbs/kdca/55/227276/artclView.do,,2008수인성식품매개질환역학조사지침
2008 전염병 감시 및 보고 지침,2009.03.04,2008,KDCA게시판,Y,1,https://www.kdca.go.kr/bbs/kdca/55/227275/artclView.do,,2008전염병감시보고지침
2008년도 검역업무지침,2008.11.12,2008,KDCA게시판,,9,https://www.kdca.go.kr/bbs/kdca/55/227266/artclView.do,,검역업무지침
2008년도 결핵관리지침,2008.08.28,2008,KDCA게시판+감염병포털,,7,https://www.kdca.go.kr/bbs/kdca/55/227264/artclView.do,https://dportal.kdca.go.kr/pot/bbs/BD_selectBbs.do?q_bbsSn=1001&q_bbsDocNo=20180710741794971&q_clsfNo=0,결핵관리지침
보건소 아토피·천식 예방관리사업 지침,2008.08.21,2008,KDCA게시판,Y,1,https://www.kdca.go.kr/bbs/kdca/55/227263/artclView.do,,보건소아토피천식예방관리사업지침
2008년도 HIV/AIDS관리지침,2008.08.19,2008,KDCA게시판,,14,https://www.kdca.go.kr/bbs/kdca/55/227262/artclView.do,,HIV/AIDS관리지침
2008년도 성병관리지침,2008.08.19,2008,KDCA게시판+감염병포털,,9,https://www.kdca.go.kr/bbs/kdca/55/227261/artclView.do,https://dportal.kdca.go.kr/pot/bbs/BD_selectBbs.do?q_bbsSn=1001&q_bbsDocNo=20180710309249833&q_clsfNo=0,성병관리지침
2008년도 한센사업지침,2008.07.16,2008,KDCA게시판,,6,https://www.kdca.go.kr/bbs/kdca/55/227260/artclView.do,,한센사업지침
기관생명윤리심의위원회 구성운영 표준지침서,2008.05.15,2008,KDCA게시판,,2,https://www.kdca.go.kr/bbs/kdca/55/227258/artclView.do,,기관생명윤리심의위원회구성운영표준지침서
2008전염병관리사업지침,2008.04.23,2008,KDCA게시판,Y,1,https://www.kdca.go.kr/bbs/kdca/55/227257/artclView.do,,2008전염병관리사업지침
AI인체감염예방관리 지침,2008.04.08,2008,KDCA게시판,Y,1,https://www.kdca.go.kr/bbs/kdca/55/227256/artclView.do,,AI인체감염예방관리지침
고위험병원체 실험실 진단지침 (책자),2008.04.01,2008,KDCA게시판,Y,1,https://www.kdca.go.kr/bbs/kdca/55/227255/artclView.do,,고위험병원체실험실진단지침
2008년 크로이츠펠트-야콥병 표본감시 관리지침,2008.03.17,2008,KDCA게시판,Y,3,https://www.kdca.go.kr/bbs/kdca/55/227254/artclView.do,,크로이츠펠트야콥병표본감시관리지침
질병관리본부 학술연구용역사업 연구비카드제 운영지침,2008.03.06,2008,KDCA게시판,Y,1,https://www.kdca.go.kr/bbs/kdca/55/227253/artclView.do,,질병관리본부학술연구용역사업연구비카드제운영지침
질병관리본부 학술연구용역사업 위탁정산 운영지침,2008.03.06,2008,KDCA게시판,Y,1,https://www.kdca.go.kr/bbs/kdca/55/227252/artclView.do,,질병관리본부학술연구용역사업위탁정산운영지침
질병관리본부 연구과제관리시스템 운영지침,2008.03.06,2008,KDCA게시판,Y,1,https://www.kdca.go.kr/bbs/kdca/55/227251/artclView.do,,질병관리본부연구과제관리시스템운영지침
질병관리본부 연구사업 보안관리지침,2008.03.06,2008,KDCA게시판,Y,1,https://www.kdca.go.kr/bbs/kdca/55/227250/artclView.do,,질병관리본부연구사업보안관리지침
"질병관리본부 IRB(기관생명윤리심의위원회)구성,운영 표준지침서",2008.03.06,2008,KDCA게시판,Y,1,https://www.kdca.go.kr/bbs/kdca/55/227249/artclView.do,,질병관리본부IRB구성운영표준지침서
고위험병원체진단지침(조류인플루엔자),2008.03.01,2008,KDCA게시판,Y,1,https://www.kdca.go.kr/bbs/kdca/55/227248/artclView.do,,고위험병원체진단지침
수인성 감시 지침,2008.03.01,2008,KDCA게시판,Y,1,https://www.kdca.go.kr/bbs/kdca/55/227247/artclView.do,,수인성감시지침
플라비바이러스 실험실 진단 매뉴얼(2008),2008.02.24,2008,KDCA게시판,Y,1,https://www.kdca.go.kr/bbs/kdca/55/227246/artclView.do,,플라비바이러스실험실진단매뉴얼
공수병 실험실 진단법,2008.02.24,2008,KDCA게시판,Y,1,https://www.kdca.go.kr/bbs/kdca/55/227245/artclView.do,,공수병실험실진단법
인수공통전염병 실험실 진단법 2nd,2008.02.24,2008,KDCA게시판,Y,1,https://www.kdca.go.kr/bbs/kdca/55/227244/artclView.do,,인수공통전염병실험실진단법2nd
고위험병원체 검사 이동 및 폐기 등에관한 안전관리규정,2008.02.24,2008,KDCA게시판,Y,1,https://www.kdca.go.kr/bbs/kdca/55/227242/artclView.do,,고위험병원체검사이동폐기등에관한안전관리규정
인체위해성 평가자료의 제출범위(제4조제2항제2호관련),2008.02.24,2008,KDCA게시판,Y,1,https://www.kdca.go.kr/bbs/kdca/55/227240/artclView.do,,인체위해성평가자료의제출범위
LMO 인체위해3및4등급연구시설허가.안전관리,2008.02.24,2008,KDCA게시판,Y,1,https://www.kdca.go.kr/bbs/kdca/55/227235/artclView.do,,LMO인체위해34등급연구시설허가안전관리
고위험병원체 목록 (32종),2008.02.24,2008,KDCA게시판,Y,1,https://www.kdca.go.kr/bbs/kdca/55/227234/artclView.do,,고위험병원체목록
HIV/AIDS 확진자 과거 헌혈력 조사지침,2008.02.24,2008,KDCA게시판,Y,1,https://www.kdca.go.kr/bbs/kdca/55/227232/artclView.do,,HIV/AIDS확진자과거헌혈력조사지침
헌혈 혈액 검체보관 및 이송지침,2008.02.24,2008,KDCA게시판,Y,1,https://www.kdca.go.kr/bbs/kdca/55/227231/artclView.do,,헌혈혈액검체보관이송지침
특정 수혈부작용조사 지침,2008.02.24,2008,KDCA게시판,Y,1,https://www.kdca.go.kr/bbs/kdca/55/227230/artclView.do,,특정수혈부작용조사지침
영유아 건강검진기관 교육운영지침,2008.02.23,2008,KDCA게시판,Y,1,https://www.kdca.go.kr/bbs/kdca/55/227228/artclView.do,,영유아건강검진기관교육운영지침
심뇌혈관질환 고위험군 등록관리 비용상환FAQ,2008.02.23,2008,KDCA게시판,Y,1,https://www.kdca.go.kr/bbs/kdca/55/227227/artclView.do,,심뇌혈관질환고위험군등록관리비용상환FAQ
생애전환기 건강진단사업 지침 1부,2008.02.23,2008,KDCA게시판,Y,1,https://www.kdca.go.kr/bbs/kdca/55/227226/artclView.do,,생애전환기건강진단사업지침1부
심뇌혈관질환 고위험군 등록관리시범사업운영지침(의료기관용),2008.02.23,2008,KDCA게시판,Y,1,https://www.kdca.go.kr/bbs/kdca/55/227225/artclView.do,https://www.kdca.go.kr/bbs/kdca/55/227224/artclView.do,심뇌혈관질환고위험군등록관리시범사업운영지침
"브루셀라증 예방,관리 지침",2008.02.21,2008,KDCA게시판,,3,https://www.kdca.go.kr/bbs/kdca/55/227221/artclView.do,,브루셀라증예방관리지침
2007년 말라리아 관리지침,2019.03.13,2007,감염병포털,,24,https://dportal.kdca.go.kr/pot/bbs/BD_selectBbs.do?q_bbsSn=1001&q_bbsDocNo=20190313079247523&q_clsfNo=0,,말라리아관리지침
2007년 결핵관리지침,2018.07.10,2007,감염병포털,,7,https://dportal.kdca.go.kr/pot/bbs/BD_selectBbs.do?q_bbsSn=1001&q_bbsDocNo=20180710812827259&q_clsfNo=0,,결핵관리지침
"2007년 살충, 살균, 구서를 위한 방역소독 지침",2018.07.10,2007,감염병포털,,2,https://dportal.kdca.go.kr/pot/bbs/BD_selectBbs.do?q_bbsSn=1001&q_bbsDocNo=20180710795660450&q_clsfNo=0,,살충살균구서를위한방역소독지침
2007년 성병관리지침,2018.07.10,2007,감염병포털,,9,https://dportal.kdca.go.kr/pot/bbs/BD_selectBbs.do?q_bbsSn=1001&q_bbsDocNo=20180710584113038&q_clsfNo=0,,성병관리지침
2007년 가을철발열성관리지침,2018.07.10,2007,감염병포털,Y,1,https://dportal.kdca.go.kr/pot/bbs/BD_selectBbs.do?q_bbsSn=1001&q_bbsDocNo=20180710197072649&q_clsfNo=0,,가을철발열성관리지침
2007년 해외여행자를 위한 말라리아 예방지침,2018.07.10,2007,감염병포털,,2,https://dportal.kdca.go.kr/pot/bbs/BD_selectBbs.do?q_bbsSn=1001&q_bbsDocNo=20180710192091117&q_clsfNo=0,,해외여행자를위한말라리아예방지침
2007년 법정전염병진단신고기준,2018.07.10,2007,감염병포털,,2,https://dportal.kdca.go.kr/pot/bbs/BD_selectBbs.do?q_bbsSn=1001&q_bbsDocNo=20180710073528500&q_clsfNo=0,,법정전염병진단신고기준
발열성질환 관리지침(2007),2010.08.24,2007,KDCA게시판,Y,1,https://www.kdca.go.kr/bbs/kdca/55/227301/artclView.do,,발열성질환관리지침
2007 법정전염병 진단신고기준,2009.03.04,2007,KDCA게시판,Y,1,https://www.kdca.go.kr/bbs/kdca/55/227274/artclView.do,,2007법정전염병진단신고기준
2007년 학술 및 전산용역사업 편람(위탁정산수수료 및 인건비 변동사항 반영),2008.07.01,2007,KDCA게시판,,5,https://www.kdca.go.kr/bbs/kdca/55/227259/artclView.do,https://www.kdca.go.kr/bbs/kdca/55/227209/artclView.do,학술전산용역사업편람
연구시설신고.허가제도및유전자변형생물체....가이드라인(2007.12),2008.02.24,2007,KDCA게시판,Y,1,https://www.kdca.go.kr/bbs/kdca/55/227243/artclView.do,,연구시설신고허가제도유전자변형생물체가이드라인
유전자재조합실험지침[보건복지부고시 제2007.39],2008.02.24,2007,KDCA게시판,,5,https://www.kdca.go.kr/bbs/kdca/55/227241/artclView.do,https://www.kdca.go.kr/bbs/kdca/55/227239/artclView.do,유전자재조합실험지침
시험.연구용유전자변형생물체 수입승인제도 가이드라인(2007.12),2008.02.24,2007,KDCA게시판,Y,1,https://www.kdca.go.kr/bbs/kdca/55/227237/artclView.do,,시험연구용유전자변형생물체수입승인제도가이드라인
기관생물안전위원회 구성운영 워크숍(2007.12),2008.02.24,2007,KDCA게시판,Y,1,https://www.kdca.go.kr/bbs/kdca/55/227236/artclView.do,,기관생물안전위원회구성운영워크숍
고위험병원체보존및안전관리메뉴얼(2007),2008.02.24,2007,KDCA게시판,Y,1,https://www.kdca.go.kr/bbs/kdca/55/227233/artclView.do,,고위험병원체보존안전관리메뉴얼
2007년도 영유아 건강검진 사업 지침,2008.02.23,2007,KDCA게시판,Y,1,https://www.kdca.go.kr/bbs/kdca/55/227222/artclView.do,,영유아건강검진사업지침
혈액안전감시업무 기본교육 강의자료,2007.12.10,2007,KDCA게시판,Y,1,https://www.kdca.go.kr/bbs/kdca/55/227220/artclView.do,,혈액안전감시업무기본교육강의자료
2007년 소아 및 청소년 표준 성장도표(해설) 입니다.,2007.11.01,2007,KDCA게시판,Y,1,https://www.kdca.go.kr/bbs/kdca/55/227219/artclView.do,,소아청소년표준성장도표입니다
2007년도 역학조사 담당자 심화교육,2007.10.08,2007,KDCA게시판,Y,1,https://www.kdca.go.kr/bbs/kdca/55/227218/artclView.do,,역학조사담당자심화교육
2007 전염병감시 및 보고 지침,2007.09.06,2007,KDCA게시판,Y,1,https://www.kdca.go.kr/bbs/kdca/55/227216/artclView.do,,2007전염병감시보고지침
"브루셀라증 예방,관리 지침",2007.09.05,2007,KDCA게시판,,3,https://www.kdca.go.kr/bbs/kdca/55/227215/artclView.do,,브루셀라증예방관리지침
2007년도 전국 역학조사담당자교육 발표자료,2007.07.10,2007,KDCA게시판,Y,1,https://www.kdca.go.kr/bbs/kdca/55/227214/artclView.do,,전국역학조사담당자교육발표자료
전염병사업관리지침,2007.06.21,2007,KDCA게시판,Y,1,https://www.kdca.go.kr/bbs/kdca/55/227213/artclView.do,,전염병사업관리지침
2007 전염병관리사업 지침,2007.06.21,2007,KDCA게시판,Y,1,https://www.kdca.go.kr/bbs/kdca/55/227212/artclView.do,,2007전염병관리사업지침
국민건강영양조사 배너광고 자료입니다.,2007.06.15,2007,KDCA게시판,Y,1,https://www.kdca.go.kr/bbs/kdca/55/227211/artclView.do,,국민건강영양조사배너광고자료입니다
2007년도 공수병지침,2007.05.01,2007,KDCA게시판+감염병포털,Y,1,https://www.kdca.go.kr/bbs/kdca/55/227210/artclView.do,https://dportal.kdca.go.kr/pot/bbs/BD_selectBbs.do?q_bbsSn=1001&q_bbsDocNo=20180710901975087&q_clsfNo=0,공수병지침
2007 성병관리지침,2007.03.26,2007,KDCA게시판,Y,1,https://www.kdca.go.kr/bbs/kdca/55/227208/artclView.do,,2007성병관리지침
한센사업지침,2007.03.20,2007,KDCA게시판+감염병포털,,6,https://www.kdca.go.kr/bbs/kdca/55/227207/artclView.do,https://dportal.kdca.go.kr/pot/bbs/BD_selectBbs.do?q_bbsSn=1001&q_bbsDocNo=20180710640157563&q_clsfNo=0,한센사업지침
2007 HIV/AIDS 관리지침,2007.03.20,2007,KDCA게시판,Y,1,https://www.kdca.go.kr/bbs/kdca/55/227206/artclView.do,,2007HIV/AIDS관리지침
2007 결핵관리지침,2007.03.19,2007,KDCA게시판,Y,1,https://www.kdca.go.kr/bbs/kdca/55/227205/artclView.do,,2007결핵관리지침
수인성식품매개역학조사지침,2007.01.31,2007,KDCA게시판+감염병포털,Y,1,https://www.kdca.go.kr/bbs/kdca/55/227204/artclView.do,https://www.kdca.go.kr/bbs/kdca/55/227203/artclView.do,수인성식품매개역학조사지침
2006년 말라리아 관리지침,2019.03.13,2006,감염병포털,,24,https://dportal.kdca.go.kr/pot/bbs/BD_selectBbs.do?q_bbsSn=1001&q_bbsDocNo=20190313711643557&q_clsfNo=0,,말라리아관리지침
2006년 CJD관리지침,2018.07.10,2006,감염병포털,,2,https://dportal.kdca.go.kr/pot/bbs/BD_selectBbs.do?q_bbsSn=1001&q_bbsDocNo=20180710818751299&q_clsfNo=0,,CJD관리지침
2006년 조류루엔자 인체감염예방및 관리지침,2018.07.10,2006,감염병포털,Y,1,https://dportal.kdca.go.kr/pot/bbs/BD_selectBbs.do?q_bbsSn=1001&q_bbsDocNo=20180710545930843&q_clsfNo=0,,조류루엔자인체감염예방관리지침
2006년 브루셀라증 실태조사 사업수행 지침,2018.07.10,2006,감염병포털,Y,1,https://dportal.kdca.go.kr/pot/bbs/BD_selectBbs.do?q_bbsSn=1001&q_bbsDocNo=20180710178140041&q_clsfNo=0,,브루셀라증실태조사사업수행지침
유전자변형생물체의인체위해성 심사규정[보건복지부 제2006-81호],2008.02.24,2006,KDCA게시판,Y,1,https://www.kdca.go.kr/bbs/kdca/55/227238/artclView.do,,유전자변형생물체의인체위해성심사규정
실험실생물안전지침-2006최종판,2008.02.24,2006,KDCA게시판,Y,1,https://www.kdca.go.kr/bbs/kdca/55/227229/artclView.do,,실험실생물안전지침2006최종판
"Annual report of the Korea Influenza Surveillance Scheme, 2006-07 season",2007.09.11,2006,KDCA게시판,Y,1,https://www.kdca.go.kr/bbs/kdca/55/227217/artclView.do,,AnnualreportoftheKoreaInfluenzaSurveillanceScheme200607season
전염병병원체 검사 보존 및 관리 규정 전부개정고시(개정공포),2006.12.12,2006,KDCA게시판,Y,1,https://www.kdca.go.kr/bbs/kdca/55/227202/artclView.do,,전염병병원체검사보존관리규정전부고시
비교위험도 및 신뢰구간 계산법 (엑셀활용),2006.12.06,2006,KDCA게시판,Y,1,https://www.kdca.go.kr/bbs/kdca/55/227201/artclView.do,,비교위험도신뢰구간계산법
2006조류인플루엔자 인체감염 예방 및 관리지침,2006.11.25,2006,KDCA게시판,Y,1,https://www.kdca.go.kr/bbs/kdca/55/227200/artclView.do,https://www.kdca.go.kr/bbs/kdca/55/227199/artclView.do,2006조류인플루엔자인체감염예방관리지침
전염병의진단기준일부개정고시(개정공포),2006.11.21,2006,KDCA게시판,Y,1,https://www.kdca.go.kr/bbs/kdca/55/227198/artclView.do,https://www.kdca.go.kr/bbs/kdca/55/227194/artclView.do,전염병의진단기준일부고시
2006 수두관리지침,2006.09.21,2006,KDCA게시판,Y,1,https://www.kdca.go.kr/bbs/kdca/55/227197/artclView.do,,2006수두관리지침
(1)브루셀라증 실태조사 수행지침 (2)교육자료 (3)참여동의서,2006.07.07,2006,KDCA게시판,Y,1,https://www.kdca.go.kr/bbs/kdca/55/227196/artclView.do,,브루셀라증실태조사수행지침교육자료참여동의서
예방접종의실시기준및방법일부개정고시,2006.06.27,2006,KDCA게시판,Y,1,https://www.kdca.go.kr/bbs/kdca/55/227195/artclView.do,,예방접종의실시기준방법일부고시
지정전염병등의종류일부개정고시,2006.06.27,2006,KDCA게시판,Y,1,https://www.kdca.go.kr/bbs/kdca/55/227193/artclView.do,,지정전염병등의종류일부고시
2006년 한센 사업 지침,2006.06.16,2006,KDCA게시판+감염병포털,,6,https://www.kdca.go.kr/bbs/kdca/55/227192/artclView.do,https://dportal.kdca.go.kr/pot/bbs/BD_selectBbs.do?q_bbsSn=1001&q_bbsDocNo=20180710559726393&q_clsfNo=0,한센사업지침
2006년 한센관리지침,2006.06.13,2006,KDCA게시판,Y,1,https://www.kdca.go.kr/bbs/kdca/55/227191/artclView.do,,한센관리지침
2006년도 HIV/AIDS관리지침,2006.05.29,2006,KDCA게시판,,14,https://www.kdca.go.kr/bbs/kdca/55/227190/artclView.do,https://www.kdca.go.kr/bbs/kdca/55/227187/artclView.do,HIV/AIDS관리지침
2006년도 성병관리지침,2006.05.29,2006,KDCA게시판+감염병포털,,9,https://www.kdca.go.kr/bbs/kdca/55/227189/artclView.do,https://www.kdca.go.kr/bbs/kdca/55/227186/artclView.do,성병관리지침
2006년 크로이츠펠트-야콥병 표본감시 관리지침,2006.05.29,2006,KDCA게시판,,3,https://www.kdca.go.kr/bbs/kdca/55/227188/artclView.do,,크로이츠펠트야콥병표본감시관리지침
2006년도 전염병관리사업지침,2006.05.23,2006,KDCA게시판,,7,https://www.kdca.go.kr/bbs/kdca/55/227185/artclView.do,,전염병관리사업지침
2006년 홍역감시관리지침,2006.03.23,2006,KDCA게시판+감염병포털,Y,1,https://www.kdca.go.kr/bbs/kdca/55/227184/artclView.do,https://dportal.kdca.go.kr/pot/bbs/BD_selectBbs.do?q_bbsSn=1001&q_bbsDocNo=20180710771704408&q_clsfNo=0,홍역감시관리지침
2006년도 결핵관리지침,2006.03.20,2006,KDCA게시판+감염병포털,,7,https://www.kdca.go.kr/bbs/kdca/55/227183/artclView.do,https://www.kdca.go.kr/bbs/kdca/55/227182/artclView.do,결핵관리지침
2006년도 학술 및 전산용역사업 편람,2006.02.23,2006,KDCA게시판,,5,https://www.kdca.go.kr/bbs/kdca/55/227181/artclView.do,,학술전산용역사업편람
2005년 말라리아 관리지침,2019.03.13,2005,감염병포털,,24,https://dportal.kdca.go.kr/pot/bbs/BD_selectBbs.do?q_bbsSn=1001&q_bbsDocNo=20190313622767807&q_clsfNo=0,,말라리아관리지침
2005년 CJD 표본감시 관리지침,2018.07.10,2005,감염병포털,,2,https://dportal.kdca.go.kr/pot/bbs/BD_selectBbs.do?q_bbsSn=1001&q_bbsDocNo=20180710257513475&q_clsfNo=0,,CJD표본감시관리지침
조류인플루엔자 인체감염 예방 및 관리지침,2005.10.18,2005,KDCA게시판+감염병포털,,5,https://www.kdca.go.kr/bbs/kdca/55/227180/artclView.do,https://dportal.kdca.go.kr/pot/bbs/BD_selectBbs.do?q_bbsSn=1001&q_bbsDocNo=20180710373423554&q_clsfNo=0,조류인플루엔자인체감염예방관리지침
2005년 HIV/AIDS 관리지침,2005.10.17,2005,KDCA게시판,,14,https://www.kdca.go.kr/bbs/kdca/55/227179/artclView.do,,HIV/AIDS관리지침
2005년 비브리오패혈증 관리지침,2005.09.22,2005,KDCA게시판+감염병포털,Y,1,https://www.kdca.go.kr/bbs/kdca/55/227178/artclView.do,https://dportal.kdca.go.kr/pot/bbs/BD_selectBbs.do?q_bbsSn=1001&q_bbsDocNo=20180710932165251&q_clsfNo=0,비브리오패혈증관리지침
내부연구사업선정 및 평가지침,2005.05.17,2005,KDCA게시판,Y,1,https://www.kdca.go.kr/bbs/kdca/55/227177/artclView.do,,내부연구사업선정평가지침
디자인 통합 관리지침서,2005.05.17,2005,KDCA게시판,Y,1,https://www.kdca.go.kr/bbs/kdca/55/227176/artclView.do,,디자인통합관리지침서
공무원 행동강령,2005.05.07,2005,KDCA게시판,Y,1,https://www.kdca.go.kr/bbs/kdca/55/227175/artclView.do,,공무원행동강령
학술 및 전산용역사업편람(2005년도)),2005.05.07,2005,KDCA게시판,Y,1,https://www.kdca.go.kr/bbs/kdca/55/227174/artclView.do,,학술전산용역사업편람)
국외출장연수정보 웹사이트 안내,2005.05.07,2005,KDCA게시판,Y,1,https://www.kdca.go.kr/bbs/kdca/55/227170/artclView.do,,국외출장연수정보웹사이트
과기부카드제지침개정입니다.,2005.05.07,2005,KDCA게시판,Y,1,https://www.kdca.go.kr/bbs/kdca/55/227169/artclView.do,,과기부카드제지침입니다
[훈령]보건복지정보화추진규정중개정,2005.05.07,2005,KDCA게시판,Y,1,https://www.kdca.go.kr/bbs/kdca/55/227168/artclView.do,,보건복지정보화추진규정중
법정전염 병 실험실 진단지침,2005.05.07,2005,KDCA게시판,Y,1,https://www.kdca.go.kr/bbs/kdca/55/227167/artclView.do,,법정전염병실험실진단지침
기술훈련생위탁수련에관한규정,2005.05.07,2005,KDCA게시판,Y,1,https://www.kdca.go.kr/bbs/kdca/55/227166/artclView.do,,기술훈련생위탁수련에관한규정
2005년 한센사업지침,2005.04.28,2005,KDCA게시판,,6,https://www.kdca.go.kr/bbs/kdca/55/227165/artclView.do,,한센사업지침
2005년 성병관리지침,2005.04.15,2005,KDCA게시판+감염병포털,,9,https://www.kdca.go.kr/bbs/kdca/55/227164/artclView.do,https://dportal.kdca.go.kr/pot/bbs/BD_selectBbs.do?q_bbsSn=1001&q_bbsDocNo=20180710293487621&q_clsfNo=0,성병관리지침
2005년 전염병관리사업지침,2005.04.15,2005,KDCA게시판,,7,https://www.kdca.go.kr/bbs/kdca/55/227163/artclView.do,,전염병관리사업지침
2005년 전염병보고 및 정보관리지침,2005.04.12,2005,KDCA게시판,Y,1,https://www.kdca.go.kr/bbs/kdca/55/227162/artclView.do,,전염병보고정보관리지침
2005년 결핵관리지침,2005.04.04,2005,KDCA게시판+감염병포털,,7,https://www.kdca.go.kr/bbs/kdca/55/227161/artclView.do,https://dportal.kdca.go.kr/pot/bbs/BD_selectBbs.do?q_bbsSn=1001&q_bbsDocNo=20180710528073288&q_clsfNo=0,결핵관리지침
2005년 크로이츠펠트-야콥병 표본감시 관리지침,2005.03.04,2005,KDCA게시판,,3,https://www.kdca.go.kr/bbs/kdca/55/227160/artclView.do,,크로이츠펠트야콥병표본감시관리지침
2004년 말라리아 관리지침,2019.03.13,2004,감염병포털,,24,https://dportal.kdca.go.kr/pot/bbs/BD_selectBbs.do?q_bbsSn=1001&q_bbsDocNo=20190313434648030&q_clsfNo=0,,말라리아관리지침
학술 및 전산용역사업편람(2004년도),2005.05.07,2004,KDCA게시판,,5,https://www.kdca.go.kr/bbs/kdca/55/227173/artclView.do,https://www.kdca.go.kr/bbs/kdca/55/227172/artclView.do,학술전산용역사업편람
2004년 인플루엔자 관리지침,2004.09.16,2004,KDCA게시판,,3,https://www.kdca.go.kr/bbs/kdca/55/227159/artclView.do,,인플루엔자관리지침
2004 결핵관리지침,2004.07.01,2004,KDCA게시판,Y,1,https://www.kdca.go.kr/bbs/kdca/55/227158/artclView.do,,2004결핵관리지침
2004년 전염병관리사업지침,2004.06.14,2004,KDCA게시판+감염병포털,,7,https://www.kdca.go.kr/bbs/kdca/55/227157/artclView.do,https://dportal.kdca.go.kr/pot/bbs/BD_selectBbs.do?q_bbsSn=1001&q_bbsDocNo=20180710014352537&q_clsfNo=0,전염병관리사업지침
2004년 성병관리지침,2004.04.14,2004,KDCA게시판+감염병포털,,9,https://www.kdca.go.kr/bbs/kdca/55/227156/artclView.do,https://dportal.kdca.go.kr/pot/bbs/BD_selectBbs.do?q_bbsSn=1001&q_bbsDocNo=20180710200964016&q_clsfNo=0,성병관리지침
2004년 HIV/AIDS 관리지침,2004.04.14,2004,KDCA게시판,,14,https://www.kdca.go.kr/bbs/kdca/55/227155/artclView.do,,HIV/AIDS관리지침
2003 급성호흡기관리지침(의료인용),2018.07.10,2003,감염병포털,Y,1,https://dportal.kdca.go.kr/pot/bbs/BD_selectBbs.do?q_bbsSn=1001&q_bbsDocNo=20180710940014547&q_clsfNo=0,https://dportal.kdca.go.kr/pot/bbs/BD_selectBbs.do?q_bbsSn=1001&q_bbsDocNo=20180710103385587&q_clsfNo=0,2003급성호흡기관리지침
2003년 성병관리지침,2018.07.10,2003,감염병포털,,9,https://dportal.kdca.go.kr/pot/bbs/BD_selectBbs.do?q_bbsSn=1001&q_bbsDocNo=20180710808293527&q_clsfNo=0,,성병관리지침
2003 인플루엔자표본감시운영지침,2018.07.10,2003,감염병포털,Y,1,https://dportal.kdca.go.kr/pot/bbs/BD_selectBbs.do?q_bbsSn=1001&q_bbsDocNo=20180710769593304&q_clsfNo=0,,2003인플루엔자표본감시운영지침
2003 웨스트나일바이러스감염증 관리지침,2018.07.10,2003,감염병포털,Y,1,https://dportal.kdca.go.kr/pot/bbs/BD_selectBbs.do?q_bbsSn=1001&q_bbsDocNo=20180710553604486&q_clsfNo=0,,2003웨스트나일바이러스감염증관리지침
2003 브루셀라증관리지침,2018.07.10,2003,감염병포털,Y,1,https://dportal.kdca.go.kr/pot/bbs/BD_selectBbs.do?q_bbsSn=1001&q_bbsDocNo=20180710404930672&q_clsfNo=0,,2003브루셀라증관리지침
2003년 홍역예방․관리 지침,2018.07.10,2003,감염병포털,Y,1,https://dportal.kdca.go.kr/pot/bbs/BD_selectBbs.do?q_bbsSn=1001&q_bbsDocNo=20180710258588430&q_clsfNo=0,,홍역예방․관리지침
2003년 전염병관리사업지침,2018.07.10,2003,감염병포털,,7,https://dportal.kdca.go.kr/pot/bbs/BD_selectBbs.do?q_bbsSn=1001&q_bbsDocNo=20180710041430852&q_clsfNo=0,,전염병관리사업지침
2003년 사스관리지침,2018.07.10,2003,감염병포털,Y,1,https://dportal.kdca.go.kr/pot/bbs/BD_selectBbs.do?q_bbsSn=1001&q_bbsDocNo=20180710018309878&q_clsfNo=0,,사스관리지침
2003년도 학술 및 전산용역사업 편람,2005.05.07,2003,KDCA게시판,,5,https://www.kdca.go.kr/bbs/kdca/55/227171/artclView.do,,학술전산용역사업편람
브루셀라 관리지침 및 교육자료,2003.11.14,2003,KDCA게시판,Y,1,https://www.kdca.go.kr/bbs/kdca/55/227154/artclView.do,,브루셀라관리지침교육자료
2003-2004절기 사스 총괄지침_보건기관용,2003.10.14,2003,KDCA게시판,Y,1,https://www.kdca.go.kr/bbs/kdca/55/227153/artclView.do,,20032004절기사스총괄지침보건기관용
인플루엔자 표본감시 운영지침_2003,2003.09.26,2003,KDCA게시판,Y,1,https://www.kdca.go.kr/bbs/kdca/55/227152/artclView.do,,인플루엔자표본감시운영지침2003
2003-2004 인플루엔자 관리지침,2003.08.27,2003,KDCA게시판,Y,1,https://www.kdca.go.kr/bbs/kdca/55/227151/artclView.do,,20032004인플루엔자관리지침
웨스트나일바이러스감염증관리지침,2003.08.06,2003,KDCA게시판,Y,1,https://www.kdca.go.kr/bbs/kdca/55/227150/artclView.do,,웨스트나일바이러스감염증관리지침
2003 성병관리지침,2003.03.24,2003,KDCA게시판,Y,1,https://www.kdca.go.kr/bbs/kdca/55/227149/artclView.do,,2003성병관리지침
2003년 HIV/AIDS 관리지침,2003.03.24,2003,KDCA게시판,,14,https://www.kdca.go.kr/bbs/kdca/55/227148/artclView.do,,HIV/AIDS관리지침
급성호흡기증후군 관리지침,2003.03.17,2003,KDCA게시판,Y,1,https://www.kdca.go.kr/bbs/kdca/55/227147/artclView.do,,급성호흡기증후군관리지침
2003년도 결핵관리지침,2003.03.05,2003,KDCA게시판+감염병포털,,7,https://www.kdca.go.kr/bbs/kdca/55/227146/artclView.do,https://dportal.kdca.go.kr/pot/bbs/BD_selectBbs.do?q_bbsSn=1001&q_bbsDocNo=20180710520674153&q_clsfNo=0,결핵관리지침
2003 홍역 예방.관리(지침)자료,2003.02.22,2003,KDCA게시판,Y,1,https://www.kdca.go.kr/bbs/kdca/55/227145/artclView.do,,2003홍역예방관리자료
2003 전염병관리지침,2003.02.21,2003,KDCA게시판,Y,1,https://www.kdca.go.kr/bbs/kdca/55/227144/artclView.do,,2003전염병관리지침
수막구균성수막염 관리지침,2003.01.23,2003,KDCA게시판,,3,https://www.kdca.go.kr/bbs/kdca/55/227143/artclView.do,,수막구균성수막염관리지침
2002년 말라리아 관리지침,2019.03.13,2002,감염병포털,,24,https://dportal.kdca.go.kr/pot/bbs/BD_selectBbs.do?q_bbsSn=1001&q_bbsDocNo=20190313564801968&q_clsfNo=0,,말라리아관리지침
2002년 콜레라방역관리 지침,2018.07.10,2002,감염병포털,Y,1,https://dportal.kdca.go.kr/pot/bbs/BD_selectBbs.do?q_bbsSn=1001&q_bbsDocNo=20180710779201400&q_clsfNo=0,,콜레라방역관리지침
2002년 법정전염병진단기준,2018.07.10,2002,감염병포털,Y,1,https://dportal.kdca.go.kr/pot/bbs/BD_selectBbs.do?q_bbsSn=1001&q_bbsDocNo=20180710702157217&q_clsfNo=0,,법정전염병진단기준
2002년 수막구균성수막염 지침,2018.07.10,2002,감염병포털,Y,1,https://dportal.kdca.go.kr/pot/bbs/BD_selectBbs.do?q_bbsSn=1001&q_bbsDocNo=20180710566397522&q_clsfNo=0,,수막구균성수막염지침
2002콜레라관리지침,2002.08.28,2002,KDCA게시판,Y,1,https://www.kdca.go.kr/bbs/kdca/55/227142/artclView.do,,2002콜레라관리지침
법정전염병 신고를 위한 진단기준,2002.07.02,2002,KDCA게시판,Y,1,https://www.kdca.go.kr/bbs/kdca/55/227141/artclView.do,,법정전염병신고를위한진단기준
전염병보고 및 관리지침(전염병예방법 개정에 따른),2002.06.12,2002,KDCA게시판+감염병포털,Y,1,https://www.kdca.go.kr/bbs/kdca/55/227140/artclView.do,https://dportal.kdca.go.kr/pot/bbs/BD_selectBbs.do?q_bbsSn=1001&q_bbsDocNo=20180710778697581&q_clsfNo=0,전염병보고관리지침
전염병 역학조사 지침,2002.06.10,2002,KDCA게시판,Y,1,https://www.kdca.go.kr/bbs/kdca/55/227139/artclView.do,,전염병역학조사지침
표준예방접종 지침,2002.05.02,2002,KDCA게시판,Y,2,https://www.kdca.go.kr/bbs/kdca/55/227138/artclView.do,,표준예방접종지침
한센병 관리지침,2002.04.23,2002,KDCA게시판,Y,1,https://www.kdca.go.kr/bbs/kdca/55/227137/artclView.do,,한센병관리지침
성병관리지침,2002.04.23,2002,KDCA게시판+감염병포털,,9,https://www.kdca.go.kr/bbs/kdca/55/227136/artclView.do,https://dportal.kdca.go.kr/pot/bbs/BD_selectBbs.do?q_bbsSn=1001&q_bbsDocNo=20180822473835343&q_clsfNo=0,성병관리지침
에이즈(HIV/AIDS) 관리지침,2002.03.13,2002,KDCA게시판,,3,https://www.kdca.go.kr/bbs/kdca/55/227135/artclView.do,,에이즈관리지침
결핵관리사업지침,2002.03.05,2002,KDCA게시판,Y,1,https://www.kdca.go.kr/bbs/kdca/55/227134/artclView.do,,결핵관리사업지침
2001년 말라리아 관리지침,2019.03.13,2001,감염병포털,,24,https://dportal.kdca.go.kr/pot/bbs/BD_selectBbs.do?q_bbsSn=1001&q_bbsDocNo=20190313498028377&q_clsfNo=0,,말라리아관리지침
2000년 말라리아 관리지침,2019.03.13,2000,감염병포털,,24,https://dportal.kdca.go.kr/pot/bbs/BD_selectBbs.do?q_bbsSn=1001&q_bbsDocNo=20190313975880759&q_clsfNo=0,,말라리아관리지침
2000년 한센병관리사업지침,2018.07.10,2000,감염병포털,Y,1,https://dportal.kdca.go.kr/pot/bbs/BD_selectBbs.do?q_bbsSn=1001&q_bbsDocNo=20180710438977204&q_clsfNo=0,,한센병관리사업지침
2000년 표준예방접종지침,2018.07.10,2000,감염병포털,,2,https://dportal.kdca.go.kr/pot/bbs/BD_selectBbs.do?q_bbsSn=1001&q_bbsDocNo=20180710293006723&q_clsfNo=0,,표준예방접종지침
1999년 말라리아 관리지침,2019.03.13,1999,감염병포털,,24,https://dportal.kdca.go.kr/pot/bbs/BD_selectBbs.do?q_bbsSn=1001&q_bbsDocNo=20190313103940258&q_clsfNo=0,,말라리아관리지침
1998년 말라리아 관리지침,2019.03.13,1998,감염병포털,,24,https://dportal.kdca.go.kr/pot/bbs/BD_selectBbs.do?q_bbsSn=1001&q_bbsDocNo=20190313579431368&q_clsfNo=0,,말라리아관리지침
