년,월,국적지역,입국자수
2022,01,미국,20123
2022,01,필리핀,9478
2022,01,중국,8408
2022,01,미얀마,5228
2022,01,인도네시아,4591
2022,01,캐나다,3524
2022,01,러시아연방,3250
2022,01,인도,2921
2022,01,베트남,2660
2022,01,한국계중국인,2322
2022,01,독일,1755
2022,01,프랑스,1673
2022,01,일본,1516
2022,01,태국,1368
2022,01,싱가포르,1359
2022,01,영국,1116
2022,01,우즈베키스탄,1110
2022,01,네팔,1051
2022,01,우크라이나,1044
2022,01,캄보디아,1012
2022,01,네덜란드,946
2022,01,스리랑카,764
2022,01,방글라데시,748
2022,01,몽골,744
2022,01,오스트레일리아,648
2022,01,말레이시아,572
2022,01,터키,512
2022,01,타이완,488
2022,01,이탈리아,439
2022,01,파키스탄,421
2022,01,폴란드,405
2022,01,그리스,390
2022,01,루마니아,365
2022,01,핀란드,281
2022,01,멕시코,275
2022,01,카자흐스탄,270
2022,01,키르기즈,261
2022,01,스페인,257
2022,01,에티오피아,244
2022,01,포르투갈,222
2022,01,벨기에,220
2022,01,불가리아,219
2022,01,브라질,217
2022,01,뉴질랜드,202
2022,01,이집트,200
2022,01,스웨덴,198
2022,01,덴마크,164
2022,01,크로아티아,157
2022,01,오스트리아,152
2022,01,사우디아라비아,142
2022,01,아일랜드,132
2022,01,아랍에미리트연합,131
2022,01,노르웨이,129
2022,01,티모르민주공화국,118
2022,01,헝가리,117
2022,01,이스라엘,113
2022,01,리비아,111
2022,01,남아프리카공화국,110
2022,01,타지키스탄,101
2022,01,스위스,99
2022,01,홍콩,85
2022,01,모로코,77
2022,01,아이슬란드,77
2022,01,요르단,74
2022,01,체코,69
2022,01,콜롬비아,67
2022,01,이란,66
2022,01,라오스,64
2022,01,라트비아,64
2022,01,조지아,61
2022,01,시리아,55
2022,01,아제르바이잔,54
2022,01,세르비아,53
2022,01,리투아니아,47
2022,01,슬로바크,44
2022,01,케냐,42
2022,01,튀니지,42
2022,01,이라크,40
2022,01,페루,40
2022,01,탄자니아,38
2022,01,칠레,36
2022,01,나이지리아,35
2022,01,벨로루시,33
2022,01,베네수엘라,27
2022,01,아르헨티나,27
2022,01,레바논,25
2022,01,몬테네그로,23
2022,01,가나,21
2022,01,카메룬,21
2022,01,도미니카공화국,20
2022,01,알제리,20
2022,01,예멘공화국,20
2022,01,우간다,20
2022,01,슬로베니아,19
2022,01,에스토니아,19
2022,01,에콰도르,17
2022,01,자메이카,17
2022,01,쿠웨이트,17
2022,01,세네갈,15
2022,01,코스타리카,15
2022,01,짐바브웨,14
2022,01,르완다,13
2022,01,모잠비크,13
2022,01,코트디부아르,13
2022,01,키프로스,13
2022,01,엘살바도르,12
2022,01,기타,12
2022,01,카타르,12
2022,01,볼리비아,11
2022,01,투르크메니스탄,11
2022,01,파나마,11
2022,01,몰타,10
2022,01,피지,10
2022,01,콩고민주공화국,9
2022,01,기니,8
2022,01,알바니아,8
2022,01,몰도바,7
2022,01,오만,7
2022,01,트리니다드토바고,7
2022,01,과테말라,6
2022,01,룩셈부르크,6
2022,01,수단,6
2022,01,온두라스,6
2022,01,유고슬라비아,6
2022,01,브루나이,5
2022,01,아프가니스탄,5
2022,01,앙골라,5
2022,01,키리바시,5
2022,01,토고,5
2022,01,파라과이,5
2022,01,팔레스타인,5
2022,01,모리셔스,4
2022,01,보스니아-헤르체고비나,4
2022,01,보츠와나,4
2022,01,부탄,4
2022,01,영국속령지시민,4
2022,01,나우루,3
2022,01,마카오,3
2022,01,마케도니아,3
2022,01,몰디브,3
2022,01,바레인,3
2022,01,베냉,3
2022,01,사모아,3
2022,01,소말리아,3
2022,01,시에라리온,3
2022,01,아르메니아,3
2022,01,카보베르데,3
2022,01,쿠바,3
2022,01,파푸아뉴기니,3
2022,01,가이아나,2
2022,01,감비아,2
2022,01,니카라과,2
2022,01,말리,2
2022,01,벨리즈,2
2022,01,부룬디,2
2022,01,세이셸,2
2022,01,우루과이,2
2022,01,코소보,2
2022,01,가봉,1
2022,01,기니비사우,1
2022,01,나미비아,1
2022,01,도미니카연방,1
2022,01,마샬군도,1
2022,01,바하마,1
2022,01,부르키나파소,1
2022,01,영국보호민,1
2022,01,영국외지민,1
2022,01,잠비아,1
2022,01,중앙아프리카공화국,1
2022,01,지부티,1
2022,02,미국,21360
2022,02,중국,15263
2022,02,필리핀,9244
2022,02,베트남,6372
2022,02,인도네시아,4517
2022,02,미얀마,4308
2022,02,러시아연방,3520
2022,02,일본,3309
2022,02,인도,3303
2022,02,캐나다,2962
2022,02,프랑스,2873
2022,02,한국계중국인,2609
2022,02,독일,2411
2022,02,우즈베키스탄,1756
2022,02,태국,1669
2022,02,싱가포르,1509
2022,02,몽골,1328
2022,02,네덜란드,1177
2022,02,우크라이나,1122
2022,02,영국,1108
2022,02,타이완,1022
2022,02,네팔,1016
2022,02,캄보디아,1015
2022,02,말레이시아,1000
2022,02,방글라데시,726
2022,02,오스트레일리아,665
2022,02,파키스탄,621
2022,02,이탈리아,588
2022,02,터키,558
2022,02,폴란드,524
2022,02,카자흐스탄,499
2022,02,스리랑카,490
2022,02,멕시코,461
2022,02,남아프리카공화국,446
2022,02,핀란드,397
2022,02,루마니아,375
2022,02,스페인,354
2022,02,그리스,307
2022,02,홍콩,282
2022,02,벨기에,279
2022,02,브라질,275
2022,02,에티오피아,227
2022,02,스웨덴,224
2022,02,오스트리아,217
2022,02,뉴질랜드,217
2022,02,아랍에미리트연합,213
2022,02,포르투갈,211
2022,02,이집트,197
2022,02,크로아티아,194
2022,02,덴마크,194
2022,02,스위스,191
2022,02,키르기즈,183
2022,02,사우디아라비아,182
2022,02,리비아,163
2022,02,헝가리,160
2022,02,불가리아,160
2022,02,타지키스탄,154
2022,02,아일랜드,150
2022,02,모로코,137
2022,02,이란,129
2022,02,노르웨이,119
2022,02,라오스,109
2022,02,이스라엘,106
2022,02,시리아,105
2022,02,체코,99
2022,02,요르단,97
2022,02,이라크,93
2022,02,콜롬비아,88
2022,02,아제르바이잔,87
2022,02,나이지리아,86
2022,02,케냐,86
2022,02,칠레,84
2022,02,리투아니아,82
2022,02,라트비아,69
2022,02,탄자니아,66
2022,02,가나,64
2022,02,브루나이,55
2022,02,티모르민주공화국,55
2022,02,기타,50
2022,02,조지아,48
2022,02,튀니지,45
2022,02,페루,44
2022,02,벨로루시,41
2022,02,슬로바크,40
2022,02,세르비아,40
2022,02,알제리,37
2022,02,베네수엘라,37
2022,02,에콰도르,35
2022,02,몬테네그로,35
2022,02,레바논,33
2022,02,예멘공화국,32
2022,02,우간다,26
2022,02,카메룬,26
2022,02,아르헨티나,26
2022,02,에스토니아,25
2022,02,아이슬란드,25
2022,02,수단,23
2022,02,투르크메니스탄,23
2022,02,아프가니스탄,22
2022,02,슬로베니아,22
2022,02,세네갈,21
2022,02,룩셈부르크,20
2022,02,파나마,20
2022,02,르완다,20
2022,02,팔레스타인,16
2022,02,콩고민주공화국,15
2022,02,도미니카공화국,15
2022,02,잠비아,14
2022,02,말라위,13
2022,02,부룬디,13
2022,02,과테말라,13
2022,02,오만,13
2022,02,엘살바도르,13
2022,02,카타르,13
2022,02,볼리비아,12
2022,02,코트디부아르,12
2022,02,키프로스,12
2022,02,파라과이,11
2022,02,짐바브웨,11
2022,02,키리바시,10
2022,02,코스타리카,10
2022,02,몰도바,9
2022,02,자메이카,9
2022,02,가봉,8
2022,02,우루과이,8
2022,02,보스니아-헤르체고비나,8
2022,02,앙골라,8
2022,02,온두라스,8
2022,02,모리셔스,7
2022,02,피지,7
2022,02,알바니아,6
2022,02,영국보호민,5
2022,02,세이셸,5
2022,02,마케도니아,5
2022,02,마다가스카르,4
2022,02,에스와티니,4
2022,02,코모로,4
2022,02,도미니카연방,4
2022,02,말리,4
2022,02,바레인,4
2022,02,보츠와나,4
2022,02,부탄,4
2022,02,영국속령지시민,4
2022,02,트리니다드토바고,4
2022,02,쿠웨이트,4
2022,02,바누아투,3
2022,02,영국외지민,3
2022,02,시에라리온,3
2022,02,쿠바,3
2022,02,유고슬라비아,3
2022,02,기니,3
2022,02,몰타,3
2022,02,남수단공화국,2
2022,02,라이베리아,2
2022,02,레소토,2
2022,02,바베이도스,2
2022,02,세인트크리스토퍼네비스,2
2022,02,아이티,2
2022,02,차드,2
2022,02,부르키나파소,2
2022,02,감비아,2
2022,02,니카라과,2
2022,02,마카오,2
2022,02,사모아,2
2022,02,아르메니아,2
2022,02,모잠비크,2
2022,02,교황청,1
2022,02,모나코,1
2022,02,모리타니,1
2022,02,세인트빈센트그레나딘,1
2022,02,에리트레아,1
2022,02,적도기니,1
2022,02,콩고,1
2022,02,나미비아,1
2022,02,마샬군도,1
2022,02,바하마,1
2022,02,지부티,1
2022,02,가이아나,1
2022,02,벨리즈,1
2022,02,몰디브,1
2022,02,베냉,1
2022,03,중국,13523
2022,03,필리핀,11677
2022,03,베트남,7579
2022,03,미얀마,4845
2022,03,인도네시아,4403
2022,03,인도,3348
2022,03,싱가포르,2472
2022,03,한국계중국인,2243
2022,03,우즈베키스탄,1700
2022,03,일본,1697
2022,03,태국,1628
2022,03,네팔,1526
2022,03,몽골,1448
2022,03,캄보디아,1049
2022,03,방글라데시,935
2022,03,스리랑카,835
2022,03,말레이시아,642
2022,03,파키스탄,620
2022,03,터키,590
2022,03,타이완,523
2022,03,카자흐스탄,482
2022,03,키르기즈,225
2022,03,아랍에미리트연합,192
2022,03,이란,159
2022,03,홍콩,155
2022,03,사우디아라비아,147
2022,03,타지키스탄,143
2022,03,이스라엘,121
2022,03,시리아,113
2022,03,티모르민주공화국,109
2022,03,이라크,94
2022,03,요르단,93
2022,03,라오스,28
2022,03,레바논,26
2022,03,예멘공화국,24
2022,03,바레인,22
2022,03,키프로스,19
2022,03,쿠웨이트,12
2022,03,카타르,12
2022,03,오만,11
2022,03,아프가니스탄,10
2022,03,팔레스타인,7
2022,03,마카오,5
2022,03,투르크메니스탄,4
2022,03,브루나이,4
2022,03,몰디브,4
2022,03,부탄,2
2022,03,미국,22817
2022,03,캐나다,2724
2022,03,멕시코,307
2022,03,브라질,203
2022,03,페루,42
2022,03,콜롬비아,41
2022,03,아르헨티나,36
2022,03,칠레,31
2022,03,베네수엘라,30
2022,03,파나마,16
2022,03,에콰도르,14
2022,03,코스타리카,13
2022,03,엘살바도르,12
2022,03,볼리비아,9
2022,03,자메이카,8
2022,03,도미니카공화국,8
2022,03,트리니다드토바고,6
2022,03,과테말라,6
2022,03,파라과이,4
2022,03,도미니카연방,4
2022,03,우루과이,3
2022,03,바베이도스,3
2022,03,벨리즈,2
2022,03,쿠바,1
2022,03,세인트크리스토퍼네비스,1
2022,03,세인트빈센트그레나딘,1
2022,03,니카라과,1
2022,03,러시아연방,2567
2022,03,독일,1833
2022,03,프랑스,1730
2022,03,우크라이나,1066
2022,03,영국,1045
2022,03,네덜란드,994
2022,03,이탈리아,498
2022,03,루마니아,421
2022,03,그리스,418
2022,03,스페인,404
2022,03,폴란드,394
2022,03,불가리아,237
2022,03,크로아티아,207
2022,03,벨기에,194
2022,03,오스트리아,179
2022,03,핀란드,151
2022,03,스웨덴,144
2022,03,헝가리,133
2022,03,포르투갈,132
2022,03,스위스,121
2022,03,덴마크,115
2022,03,아일랜드,91
2022,03,아제르바이잔,72
2022,03,몬테네그로,64
2022,03,라트비아,64
2022,03,노르웨이,62
2022,03,체코,57
2022,03,세르비아,44
2022,03,벨로루시,40
2022,03,슬로바크,39
2022,03,리투아니아,32
2022,03,조지아,22
2022,03,아이슬란드,15
2022,03,에스토니아,12
2022,03,슬로베니아,11
2022,03,보스니아-헤르체고비나,9
2022,03,룩셈부르크,9
2022,03,영국속령지시민,6
2022,03,영국보호민,6
2022,03,알바니아,6
2022,03,몰도바,6
2022,03,아르메니아,4
2022,03,몰타,4
2022,03,코소보,2
2022,03,유고슬라비아,2
2022,03,마케도니아,2
2022,03,영국외지민,1
2022,03,안도라,1
2022,03,모나코,1
2022,03,교황청,1
2022,03,오스트레일리아,790
2022,03,뉴질랜드,234
2022,03,키리바시,38
2022,03,파푸아뉴기니,8
2022,03,통가,3
2022,03,피지,2
2022,03,팔라우,1
2022,03,미이크로네시아,1
2022,03,마샬군도,1
2022,03,이집트,229
2022,03,에티오피아,228
2022,03,남아프리카공화국,210
2022,03,리비아,203
2022,03,모로코,101
2022,03,나이지리아,84
2022,03,튀니지,62
2022,03,케냐,57
2022,03,알제리,33
2022,03,가나,33
2022,03,카메룬,25
2022,03,탄자니아,23
2022,03,우간다,16
2022,03,세네갈,15
2022,03,수단,12
2022,03,코트디부아르,10
2022,03,르완다,10
2022,03,말리,9
2022,03,콩고민주공화국,8
2022,03,잠비아,8
2022,03,앙골라,7
2022,03,부룬디,7
2022,03,말라위,7
2022,03,짐바브웨,6
2022,03,가봉,5
2022,03,차드,4
2022,03,모리셔스,3
2022,03,라이베리아,3
2022,03,기니,3
2022,03,토고,2
2022,03,콩고,2
2022,03,중앙아프리카공화국,2
2022,03,에리트레아,2
2022,03,시에라리온,2
2022,03,세이셸,2
2022,03,부르키나파소,2
2022,03,보츠와나,1
2022,03,베냉,1
2022,03,모잠비크,1
2022,03,마다가스카르,1
2022,03,레소토,1
2022,03,니제르,1
2022,03,나미비아,1
2022,03,기타,21
2022,04,필리핀,12493
2022,04,중국,9348
2022,04,베트남,8183
2022,04,미얀마,4742
2022,04,인도네시아,4419
2022,04,태국,4008
2022,04,싱가포르,3823
2022,04,인도,3191
2022,04,일본,2747
2022,04,한국계중국인,1765
2022,04,우즈베키스탄,1689
2022,04,네팔,1633
2022,04,터키,1425
2022,04,말레이시아,1305
2022,04,캄보디아,1286
2022,04,몽골,1243
2022,04,방글라데시,1145
2022,04,카자흐스탄,974
2022,04,파키스탄,713
2022,04,타이완,698
2022,04,스리랑카,637
2022,04,키르기즈,393
2022,04,라오스,281
2022,04,이스라엘,248
2022,04,아랍에미리트연합,236
2022,04,타지키스탄,225
2022,04,홍콩,158
2022,04,티모르민주공화국,150
2022,04,이라크,125
2022,04,이란,85
2022,04,사우디아라비아,72
2022,04,시리아,54
2022,04,레바논,47
2022,04,요르단,40
2022,04,예멘공화국,26
2022,04,키프로스,20
2022,04,카타르,18
2022,04,오만,17
2022,04,쿠웨이트,12
2022,04,아프가니스탄,9
2022,04,마카오,6
2022,04,부탄,5
2022,04,팔레스타인,4
2022,04,바레인,3
2022,04,몰디브,2
2022,04,투르크메니스탄,1
2022,04,브루나이,1
2022,04,미국,35858
2022,04,캐나다,5626
2022,04,멕시코,531
2022,04,브라질,415
2022,04,콜롬비아,143
2022,04,아르헨티나,87
2022,04,칠레,86
2022,04,아이티,58
2022,04,베네수엘라,47
2022,04,페루,46
2022,04,에콰도르,37
2022,04,도미니카공화국,26
2022,04,코스타리카,23
2022,04,파나마,22
2022,04,엘살바도르,18
2022,04,온두라스,14
2022,04,볼리비아,13
2022,04,파라과이,12
2022,04,과테말라,11
2022,04,자메이카,9
2022,04,트리니다드토바고,8
2022,04,세인트크리스토퍼네비스,8
2022,04,우루과이,6
2022,04,도미니카연방,5
2022,04,바베이도스,3
2022,04,니카라과,3
2022,04,쿠바,1
2022,04,앤티카바부다,1
2022,04,바하마,1
2022,04,가이아나,1
2022,04,독일,3529
2022,04,프랑스,3379
2022,04,러시아(연방),2923
2022,04,영국,2247
2022,04,네덜란드,1737
2022,04,우크라이나,1058
2022,04,이탈리아,860
2022,04,스페인,837
2022,04,폴란드,633
2022,04,스위스,484
2022,04,덴마크,414
2022,04,벨기에,401
2022,04,루마니아,378
2022,04,스웨덴,373
2022,04,오스트리아,342
2022,04,그리스,292
2022,04,핀란드,284
2022,04,노르웨이,269
2022,04,포르투갈,249
2022,04,아일랜드,247
2022,04,불가리아,203
2022,04,헝가리,193
2022,04,크로아티아,171
2022,04,체코,167
2022,04,아제르바이잔,85
2022,04,세르비아,70
2022,04,리투아니아,68
2022,04,슬로바크,65
2022,04,라트비아,64
2022,04,몬테네그로,62
2022,04,에스토니아,44
2022,04,벨로루시,36
2022,04,조지아,31
2022,04,룩셈부르크,26
2022,04,아이슬란드,24
2022,04,슬로베니아,17
2022,04,알바니아,13
2022,04,영국보호민,12
2022,04,보스니아-헤르체고비나,10
2022,04,유고슬라비아,7
2022,04,아르메니아,5
2022,04,몰타,5
2022,04,몰도바,5
2022,04,코소보,3
2022,04,마케도니아,3
2022,04,영국속령지시민,1
2022,04,안도라,1
2022,04,모나코,1
2022,04,리히텐슈타인,1
2022,04,교황청,1
2022,04,오스트레일리아,2528
2022,04,뉴질랜드,519
2022,04,키리바시,13
2022,04,사모아,8
2022,04,피지,7
2022,04,바누아투,7
2022,04,팔라우,5
2022,04,파푸아뉴기니,3
2022,04,통가,3
2022,04,솔로몬군도,2
2022,04,마샬군도,1
2022,04,남아프리카공화국,290
2022,04,에티오피아,196
2022,04,이집트,187
2022,04,모로코,92
2022,04,케냐,82
2022,04,튀니지,56
2022,04,리비아,55
2022,04,나이지리아,53
2022,04,가나,50
2022,04,탄자니아,39
2022,04,알제리,26
2022,04,르완다,22
2022,04,수단,19
2022,04,세네갈,15
2022,04,부룬디,15
2022,04,우간다,13
2022,04,앙골라,12
2022,04,콩고민주공화국,9
2022,04,코트디부아르,9
2022,04,잠비아,9
2022,04,짐바브웨,8
2022,04,감비아,8
2022,04,카메룬,7
2022,04,보츠와나,7
2022,04,모리셔스,7
2022,04,콩고,6
2022,04,말리,6
2022,04,마다가스카르,5
2022,04,라이베리아,4
2022,04,에스와티니,3
2022,04,가봉,3
2022,04,적도기니,2
2022,04,세이셸,2
2022,04,베냉,2
2022,04,모잠비크,2
2022,04,말라위,2
2022,04,시에라리온,1
2022,04,부르키나파소,1
2022,04,레소토,1
2022,04,나미비아,1
2022,04,기니,1
2022,04,기타,39
2022,05,필리핀,14630
2022,05,베트남,11594
2022,05,중국,9822
2022,05,태국,9242
2022,05,싱가포르,6825
2022,05,인도네시아,5754
2022,05,미얀마,5634
2022,05,일본,4382
2022,05,인도,4359
2022,05,카자흐스탄,3303
2022,05,우즈베키스탄,2727
2022,05,한국계중국인,2715
2022,05,말레이시아,2458
2022,05,네팔,2169
2022,05,터키,2058
2022,05,캄보디아,1987
2022,05,몽골,1408
2022,05,방글라데시,1138
2022,05,타이완,1008
2022,05,스리랑카,774
2022,05,파키스탄,727
2022,05,이스라엘,458
2022,05,사우디아라비아,419
2022,05,라오스,377
2022,05,키르기즈,351
2022,05,홍콩,326
2022,05,아랍에미리트연합,287
2022,05,타지키스탄,163
2022,05,티모르민주공화국,157
2022,05,이란,151
2022,05,시리아,100
2022,05,이라크,94
2022,05,카타르,88
2022,05,요르단,80
2022,05,오만,65
2022,05,쿠웨이트,50
2022,05,레바논,48
2022,05,예멘공화국,43
2022,05,키프로스,18
2022,05,브루나이,17
2022,05,바레인,15
2022,05,아프가니스탄,13
2022,05,부탄,10
2022,05,마카오,8
2022,05,투르크메니스탄,4
2022,05,팔레스타인,1
2022,05,몰디브,1
2022,05,미국,46905
2022,05,캐나다,7146
2022,05,멕시코,601
2022,05,브라질,590
2022,05,콜롬비아,202
2022,05,아르헨티나,116
2022,05,아이티,106
2022,05,칠레,101
2022,05,페루,98
2022,05,에콰도르,82
2022,05,베네수엘라,39
2022,05,파라과이,33
2022,05,도미니카공화국,33
2022,05,코스타리카,24
2022,05,파나마,20
2022,05,과테말라,20
2022,05,엘살바도르,19
2022,05,온두라스,16
2022,05,자메이카,15
2022,05,우루과이,14
2022,05,볼리비아,14
2022,05,트리니다드토바고,12
2022,05,도미니카연방,8
2022,05,니카라과,8
2022,05,세인트크리스토퍼네비스,6
2022,05,세인트루시아,5
2022,05,쿠바,4
2022,05,바베이도스,4
2022,05,가이아나,3
2022,05,세인트빈센트그레나딘,2
2022,05,그레나다,2
2022,05,수리남,1
2022,05,벨리즈,1
2022,05,독일,4769
2022,05,프랑스,4286
2022,05,러시아연방,3699
2022,05,영국,3188
2022,05,네덜란드,2011
2022,05,이탈리아,1347
2022,05,우크라이나,1080
2022,05,폴란드,869
2022,05,스페인,827
2022,05,오스트리아,550
2022,05,벨기에,539
2022,05,스웨덴,538
2022,05,스위스,492
2022,05,덴마크,469
2022,05,그리스,425
2022,05,루마니아,417
2022,05,핀란드,415
2022,05,노르웨이,390
2022,05,아일랜드,287
2022,05,헝가리,270
2022,05,포르투갈,256
2022,05,불가리아,253
2022,05,체코,168
2022,05,크로아티아,145
2022,05,아제르바이잔,141
2022,05,라트비아,114
2022,05,리투아니아,109
2022,05,슬로바크,71
2022,05,몬테네그로,69
2022,05,세르비아,64
2022,05,에스토니아,46
2022,05,슬로베니아,44
2022,05,조지아,36
2022,05,벨로루시,32
2022,05,아이슬란드,31
2022,05,룩셈부르크,29
2022,05,알바니아,23
2022,05,영국보호민,11
2022,05,몰도바,11
2022,05,유고슬라비아,9
2022,05,몰타,8
2022,05,아르메니아,6
2022,05,코소보,4
2022,05,영국속령지시민,2
2022,05,북마케도니아,2
2022,05,영국외지민,1
2022,05,산마리노,1
2022,05,보스니아헤르체고비나,1
2022,05,교황청,1
2022,05,오스트레일리아,3680
2022,05,뉴질랜드,843
2022,05,피지,17
2022,05,파푸아뉴기니,8
2022,05,키리바시,4
2022,05,바누아투,2
2022,05,사모아,1
2022,05,나우루,1
2022,05,에티오피아,401
2022,05,남아프리카공화국,375
2022,05,이집트,256
2022,05,모로코,213
2022,05,나이지리아,194
2022,05,리비아,88
2022,05,튀니지,87
2022,05,케냐,82
2022,05,가나,52
2022,05,탄자니아,46
2022,05,알제리,44
2022,05,카메룬,33
2022,05,우간다,24
2022,05,콩고민주공화국,22
2022,05,수단,20
2022,05,앙골라,19
2022,05,말리,17
2022,05,짐바브웨,16
2022,05,모리셔스,14
2022,05,중앙아프리카공화국,13
2022,05,르완다,13
2022,05,레소토,13
2022,05,세네갈,12
2022,05,코트디부아르,11
2022,05,적도기니,8
2022,05,시에라리온,8
2022,05,부르키나파소,8
2022,05,말라위,8
2022,05,가봉,8
2022,05,기니,7
2022,05,부룬디,6
2022,05,모잠비크,6
2022,05,잠비아,5
2022,05,베냉,5
2022,05,나미비아,5
2022,05,토고,4
2022,05,콩고,4
2022,05,보츠와나,4
2022,05,마다가스카르,4
2022,05,니제르,4
2022,05,감비아,4
2022,05,에스와티니,3
2022,05,세이셸,3
2022,05,상투메프린시페,3
2022,05,라이베리아,3
2022,05,소말리아,2
2022,05,기니비사우,2
2022,05,지부티,1
2022,05,모리타니,1
2022,05,기타,77
2022,06,베트남,18572
2022,06,태국,17332
2022,06,필리핀,15732
2022,06,중국,11092
2022,06,싱가포르,10498
2022,06,인도네시아,8360
2022,06,일본,6785
2022,06,미얀마,5306
2022,06,인도,5244
2022,06,카자흐스탄,5230
2022,06,몽골,4193
2022,06,우즈베키스탄,3856
2022,06,말레이시아,3463
2022,06,한국계중국인,3366
2022,06,네팔,3240
2022,06,캄보디아,1969
2022,06,튀르키예,1620
2022,06,스리랑카,1466
2022,06,타이완,1282
2022,06,방글라데시,1261
2022,06,파키스탄,800
2022,06,홍콩,664
2022,06,사우디아라비아,565
2022,06,키르기즈,530
2022,06,이스라엘,455
2022,06,아랍에미리트연합,400
2022,06,이란,205
2022,06,타지키스탄,172
2022,06,요르단,167
2022,06,시리아,144
2022,06,라오스,135
2022,06,티모르민주공화국,123
2022,06,이라크,104
2022,06,카타르,101
2022,06,쿠웨이트,82
2022,06,레바논,71
2022,06,예멘공화국,67
2022,06,오만,51
2022,06,아프가니스탄,34
2022,06,키프로스,33
2022,06,브루나이,31
2022,06,바레인,31
2022,06,팔레스타인,19
2022,06,부탄,12
2022,06,투르크메니스탄,7
2022,06,몰디브,7
2022,06,마카오,7
2022,06,미국,60140
2022,06,캐나다,7318
2022,06,브라질,734
2022,06,멕시코,569
2022,06,콜롬비아,216
2022,06,칠레,166
2022,06,아르헨티나,119
2022,06,페루,83
2022,06,파라과이,62
2022,06,에콰도르,46
2022,06,코스타리카,42
2022,06,베네수엘라,41
2022,06,자메이카,25
2022,06,파나마,24
2022,06,엘살바도르,21
2022,06,도미니카공화국,19
2022,06,과테말라,18
2022,06,세인트크리스토퍼네비스,13
2022,06,도미니카연방,12
2022,06,온두라스,10
2022,06,트리니다드토바고,9
2022,06,우루과이,9
2022,06,쿠바,7
2022,06,앤티카바부다,6
2022,06,볼리비아,5
2022,06,아이티,4
2022,06,바베이도스,4
2022,06,벨리즈,3
2022,06,니카라과,3
2022,06,세인트빈센트그레나딘,2
2022,06,바하마,1
2022,06,그레나다,1
2022,06,독일,5069
2022,06,러시아(연방),4676
2022,06,프랑스,4294
2022,06,영국,3624
2022,06,네덜란드,2031
2022,06,이탈리아,1366
2022,06,우크라이나,1120
2022,06,폴란드,1018
2022,06,스페인,931
2022,06,스웨덴,800
2022,06,벨기에,576
2022,06,스위스,568
2022,06,핀란드,513
2022,06,노르웨이,478
2022,06,덴마크,466
2022,06,오스트리아,450
2022,06,루마니아,435
2022,06,그리스,410
2022,06,아일랜드,371
2022,06,포르투갈,309
2022,06,불가리아,291
2022,06,헝가리,274
2022,06,체코,231
2022,06,리투아니아,152
2022,06,크로아티아,148
2022,06,슬로바크,133
2022,06,아제르바이잔,105
2022,06,라트비아,103
2022,06,조지아,99
2022,06,세르비아,89
2022,06,몬테네그로,48
2022,06,에스토니아,45
2022,06,슬로베니아,40
2022,06,룩셈부르크,37
2022,06,벨로루시,33
2022,06,영국보호민,29
2022,06,몰타,15
2022,06,몰도바,14
2022,06,아이슬란드,13
2022,06,알바니아,11
2022,06,아르메니아,11
2022,06,보스니아-헤르체고비나,9
2022,06,유고슬라비아,4
2022,06,영국속령지시민,2
2022,06,리히텐슈타인,2
2022,06,안도라,1
2022,06,산마리노,1
2022,06,북마케도니아,1
2022,06,오스트레일리아,4229
2022,06,뉴질랜드,990
2022,06,피지,33
2022,06,키리바시,14
2022,06,팔라우,4
2022,06,바누아투,3
2022,06,파푸아뉴기니,2
2022,06,미이크로네시아,1
2022,06,마샬군도,1
2022,06,에티오피아,409
2022,06,이집트,347
2022,06,남아프리카공화국,311
2022,06,모로코,213
2022,06,튀니지,100
2022,06,나이지리아,94
2022,06,케냐,91
2022,06,가나,82
2022,06,리비아,70
2022,06,탄자니아,40
2022,06,알제리,39
2022,06,코트디부아르,36
2022,06,수단,27
2022,06,세네갈,25
2022,06,우간다,19
2022,06,모잠비크,19
2022,06,모리셔스,17
2022,06,짐바브웨,16
2022,06,카메룬,15
2022,06,르완다,15
2022,06,라이베리아,12
2022,06,잠비아,11
2022,06,말리,11
2022,06,콩고민주공화국,9
2022,06,시에라리온,9
2022,06,부르키나파소,8
2022,06,부룬디,8
2022,06,보츠와나,8
2022,06,카보베르데,7
2022,06,앙골라,7
2022,06,마다가스카르,7
2022,06,니제르,6
2022,06,베냉,5
2022,06,나미비아,5
2022,06,가봉,5
2022,06,에스와티니,4
2022,06,세이셸,4
2022,06,레소토,4
2022,06,기니,4
2022,06,적도기니,3
2022,06,기니비사우,3
2022,06,토고,2
2022,06,콩고,2
2022,06,말라위,2
2022,06,감비아,2
2022,06,지부티,1
2022,06,중앙아프리카공화국,1
2022,06,모리타니,1
2022,06,기타,39
2022,07,베트남,24999
2022,07,필리핀,18873
2022,07,태국,17427
2022,07,중국,16002
2022,07,일본,13069
2022,07,인도네시아,9125
2022,07,싱가포르,7880
2022,07,인도,6764
2022,07,미얀마,6678
2022,07,몽골,6392
2022,07,우즈베키스탄,4898
2022,07,카자흐스탄,4886
2022,07,한국계중국인,4011
2022,07,말레이시아,3845
2022,07,네팔,2973
2022,07,캄보디아,2294
2022,07,타이완,2201
2022,07,튀르키예,1631
2022,07,스리랑카,1441
2022,07,방글라데시,1389
2022,07,홍콩,1237
2022,07,파키스탄,885
2022,07,사우디아라비아,869
2022,07,키르기즈,633
2022,07,이스라엘,500
2022,07,아랍에미리트연합,478
2022,07,타지키스탄,419
2022,07,라오스,333
2022,07,카타르,270
2022,07,이란,206
2022,07,쿠웨이트,148
2022,07,티모르민주공화국,147
2022,07,이라크,143
2022,07,요르단,125
2022,07,시리아,110
2022,07,오만,99
2022,07,예멘공화국,52
2022,07,브루나이,48
2022,07,키프로스,34
2022,07,레바논,33
2022,07,마카오,17
2022,07,부탄,16
2022,07,바레인,14
2022,07,아프가니스탄,12
2022,07,팔레스타인,10
2022,07,몰디브,10
2022,07,투르크메니스탄,6
2022,07,홍콩거주난민,1
2022,07,미국,59836
2022,07,캐나다,9054
2022,07,브라질,768
2022,07,멕시코,676
2022,07,콜롬비아,214
2022,07,칠레,179
2022,07,아르헨티나,157
2022,07,페루,120
2022,07,온두라스,65
2022,07,베네수엘라,57
2022,07,에콰도르,54
2022,07,세인트크리스토퍼네비스,39
2022,07,파라과이,37
2022,07,과테말라,32
2022,07,도미니카공화국,30
2022,07,코스타리카,28
2022,07,파나마,27
2022,07,엘살바도르,23
2022,07,쿠바,21
2022,07,자메이카,20
2022,07,트리니다드토바고,15
2022,07,볼리비아,13
2022,07,도미니카연방,12
2022,07,니카라과,12
2022,07,앤티카바부다,7
2022,07,우루과이,6
2022,07,가이아나,6
2022,07,바하마,5
2022,07,바베이도스,5
2022,07,세인트빈센트그레나딘,4
2022,07,아이티,3
2022,07,그레나다,3
2022,07,세인트루시아,2
2022,07,벨리즈,1
2022,07,독일,6181
2022,07,프랑스,6065
2022,07,러시아(연방),5943
2022,07,영국,4613
2022,07,네덜란드,2880
2022,07,이탈리아,1619
2022,07,스페인,1355
2022,07,우크라이나,1267
2022,07,스위스,1014
2022,07,폴란드,970
2022,07,벨기에,856
2022,07,오스트리아,731
2022,07,덴마크,628
2022,07,그리스,607
2022,07,스웨덴,605
2022,07,루마니아,516
2022,07,노르웨이,419
2022,07,불가리아,405
2022,07,아일랜드,388
2022,07,핀란드,358
2022,07,포르투갈,312
2022,07,체코,308
2022,07,헝가리,290
2022,07,크로아티아,214
2022,07,슬로바크,154
2022,07,라트비아,139
2022,07,리투아니아,119
2022,07,아제르바이잔,116
2022,07,몬테네그로,112
2022,07,세르비아,100
2022,07,조지아,99
2022,07,슬로베니아,88
2022,07,벨로루시,84
2022,07,에스토니아,67
2022,07,룩셈부르크,67
2022,07,영국보호민,48
2022,07,알바니아,25
2022,07,아이슬란드,25
2022,07,아르메니아,19
2022,07,유고슬라비아,17
2022,07,몰타,14
2022,07,몰도바,14
2022,07,보스니아-헤르체고비나,11
2022,07,리히텐슈타인,7
2022,07,영국속령지시민,5
2022,07,모나코,5
2022,07,코소보,3
2022,07,영국외지민,2
2022,07,교황청,2
2022,07,오스트레일리아,4523
2022,07,뉴질랜드,1172
2022,07,키리바시,23
2022,07,통가,19
2022,07,피지,16
2022,07,마샬군도,12
2022,07,파푸아뉴기니,9
2022,07,팔라우,7
2022,07,투발루,7
2022,07,사모아,6
2022,07,바누아투,6
2022,07,솔로몬군도,3
2022,07,남아프리카공화국,507
2022,07,에티오피아,469
2022,07,이집트,332
2022,07,모로코,223
2022,07,가나,137
2022,07,튀니지,118
2022,07,나이지리아,103
2022,07,케냐,98
2022,07,탄자니아,96
2022,07,리비아,94
2022,07,알제리,69
2022,07,르완다,51
2022,07,가봉,41
2022,07,카메룬,39
2022,07,잠비아,39
2022,07,우간다,39
2022,07,앙골라,38
2022,07,코트디부아르,32
2022,07,수단,31
2022,07,보츠와나,27
2022,07,라이베리아,27
2022,07,세네갈,24
2022,07,콩고민주공화국,22
2022,07,짐바브웨,21
2022,07,모리셔스,21
2022,07,나미비아,17
2022,07,기니,13
2022,07,부룬디,11
2022,07,모잠비크,11
2022,07,말리,11
2022,07,마다가스카르,11
2022,07,감비아,10
2022,07,토고,7
2022,07,에스와티니,7
2022,07,시에라리온,7
2022,07,말라위,6
2022,07,부르키나파소,4
2022,07,베냉,4
2022,07,남수단공화국,4
2022,07,콩고,3
2022,07,세이셸,3
2022,07,기니비사우,3
2022,07,차드,2
2022,07,소말리아,2
2022,07,레소토,2
2022,07,중앙아프리카공화국,1
2022,07,적도기니,1
2022,07,기타,103
2022,08,네팔,3070
2022,08,라오스,463
2022,08,레바논,46
2022,08,마카오,41
2022,08,말레이시아,4897
2022,08,몰디브,8
2022,08,몽골,9771
2022,08,미얀마,6653
2022,08,바레인,25
2022,08,방글라데시,2047
2022,08,베트남,31991
2022,08,부탄,20
2022,08,브루나이,128
2022,08,사우디아라비아,1226
2022,08,스리랑카,1321
2022,08,시리아,198
2022,08,싱가포르,7609
2022,08,아랍에미리트연합,466
2022,08,아프가니스탄,46
2022,08,예멘공화국,94
2022,08,오만,66
2022,08,요르단,169
2022,08,우즈베키스탄,6697
2022,08,이라크,167
2022,08,이란,337
2022,08,이스라엘,488
2022,08,인도,7352
2022,08,인도네시아,10190
2022,08,일본,28734
2022,08,중국,28567
2022,08,카자흐스탄,4208
2022,08,카타르,91
2022,08,캄보디아,2559
2022,08,쿠웨이트,175
2022,08,키르기즈,925
2022,08,키프로스,46
2022,08,태국,11906
2022,08,타이완,4871
2022,08,타지키스탄,482
2022,08,투르크메니스탄,47
2022,08,튀르키예,2003
2022,08,티모르민주공화국,176
2022,08,파키스탄,1145
2022,08,팔레스타인,25
2022,08,필리핀,18367
2022,08,한국계중국인,3493
2022,08,홍콩,2003
2022,08,가이아나,4
2022,08,과테말라,43
2022,08,그레나다,8
2022,08,니카라과,12
2022,08,도미니카공화국,32
2022,08,도미니카연방,20
2022,08,멕시코,925
2022,08,바베이도스,4
2022,08,바하마,9
2022,08,베네수엘라,66
2022,08,벨리즈,1
2022,08,볼리비아,36
2022,08,브라질,908
2022,08,세인트루시아,2
2022,08,세인트빈센트그레나딘,2
2022,08,세인트크리스토퍼네비스,15
2022,08,수리남,1
2022,08,아르헨티나,178
2022,08,아이티,5
2022,08,앤티카바부다,3
2022,08,에콰도르,100
2022,08,엘살바도르,39
2022,08,온두라스,17
2022,08,우루과이,20
2022,08,자메이카,52
2022,08,칠레,204
2022,08,코스타리카,62
2022,08,콜롬비아,317
2022,08,쿠바,9
2022,08,트리니다드토바고,18
2022,08,파나마,47
2022,08,파라과이,49
2022,08,페루,175
2022,08,미국,57244
2022,08,캐나다,8368
2022,08,가나,170
2022,08,가봉,19
2022,08,감비아,13
2022,08,기니,7
2022,08,기니비사우,1
2022,08,나미비아,4
2022,08,나이지리아,207
2022,08,남수단공화국,3
2022,08,남아프리카공화국,887
2022,08,니제르,16
2022,08,라이베리아,12
2022,08,르완다,56
2022,08,리비아,105
2022,08,마다가스카르,20
2022,08,말라위,30
2022,08,말리,25
2022,08,모로코,392
2022,08,모리셔스,30
2022,08,모리타니,3
2022,08,모잠비크,26
2022,08,베냉,11
2022,08,보츠와나,18
2022,08,부룬디,31
2022,08,부르키나파소,12
2022,08,상투메프린시페,2
2022,08,세네갈,48
2022,08,세이셸,3
2022,08,소말리아,5
2022,08,수단,71
2022,08,시에라리온,8
2022,08,알제리,78
2022,08,앙골라,16
2022,08,에리트레아,1
2022,08,에스와티니,3
2022,08,에티오피아,536
2022,08,우간다,92
2022,08,이집트,421
2022,08,잠비아,30
2022,08,중앙아프리카공화국,2
2022,08,지부티,3
2022,08,짐바브웨,28
2022,08,차드,9
2022,08,카메룬,70
2022,08,카보베르데,2
2022,08,케냐,139
2022,08,코모로,6
2022,08,코트디부아르,44
2022,08,콩고,4
2022,08,콩고민주공화국,52
2022,08,탄자니아,155
2022,08,토고,4
2022,08,튀니지,102
2022,08,뉴질랜드,1196
2022,08,마샬군도,11
2022,08,미이크로네시아,2
2022,08,바누아투,6
2022,08,사모아,4
2022,08,솔로몬군도,7
2022,08,오스트레일리아,4933
2022,08,키리바시,6
2022,08,통가,5
2022,08,투발루,3
2022,08,파푸아뉴기니,3
2022,08,팔라우,5
2022,08,피지,42
2022,08,교황청,1
2022,08,그리스,596
2022,08,네덜란드,2928
2022,08,노르웨이,545
2022,08,덴마크,790
2022,08,독일,8827
2022,08,라트비아,193
2022,08,러시아(연방),6620
2022,08,루마니아,544
2022,08,룩셈부르크,95
2022,08,리투아니아,193
2022,08,리히텐슈타인,3
2022,08,모나코,2
2022,08,몬테네그로,48
2022,08,몰도바,28
2022,08,몰타,8
2022,08,벨기에,951
2022,08,벨로루시,109
2022,08,보스니아-헤르체고비나,3
2022,08,북마케도니아,3
2022,08,불가리아,351
2022,08,세르비아,100
2022,08,스웨덴,871
2022,08,스위스,1025
2022,08,스페인,2161
2022,08,슬로바크,129
2022,08,슬로베니아,87
2022,08,아르메니아,15
2022,08,아이슬란드,42
2022,08,아일랜드,559
2022,08,아제르바이잔,346
2022,08,안도라,6
2022,08,알바니아,24
2022,08,에스토니아,80
2022,08,영국,5958
2022,08,영국보호민,95
2022,08,영국속령지시민,5
2022,08,영국외지민,2
2022,08,오스트리아,937
2022,08,우크라이나,1260
2022,08,유고슬라비아,23
2022,08,이탈리아,2371
2022,08,조지아,121
2022,08,체코,351
2022,08,코소보,3
2022,08,크로아티아,257
2022,08,포르투갈,336
2022,08,폴란드,1199
2022,08,프랑스,9133
2022,08,핀란드,511
2022,08,헝가리,356
2022,08,기타,98
2022,09,네팔,3070
2022,09,라오스,662
2022,09,레바논,58
2022,09,마카오,44
2022,09,말레이시아,6433
2022,09,몰디브,28
2022,09,몽골,9551
2022,09,미얀마,5988
2022,09,바레인,43
2022,09,방글라데시,1474
2022,09,베트남,28367
2022,09,부탄,23
2022,09,브루나이,73
2022,09,사우디아라비아,960
2022,09,스리랑카,1872
2022,09,시리아,134
2022,09,싱가포르,14909
2022,09,아랍에미리트연합,469
2022,09,아프가니스탄,29
2022,09,예멘공화국,85
2022,09,오만,58
2022,09,요르단,221
2022,09,우즈베키스탄,6233
2022,09,이라크,133
2022,09,이란,312
2022,09,이스라엘,1184
2022,09,인도,7362
2022,09,인도네시아,9495
2022,09,일본,28836
2022,09,중국,27183
2022,09,카자흐스탄,3563
2022,09,카타르,70
2022,09,캄보디아,3229
2022,09,쿠웨이트,137
2022,09,키르기즈,861
2022,09,키프로스,28
2022,09,태국,14011
2022,09,타이완,5011
2022,09,타지키스탄,655
2022,09,투르크메니스탄,48
2022,09,튀르키예,1792
2022,09,티모르민주공화국,166
2022,09,파키스탄,1059
2022,09,팔레스타인,23
2022,09,필리핀,19003
2022,09,한국계중국인,4871
2022,09,홍콩,3179
2022,09,가이아나,4
2022,09,과테말라,29
2022,09,그레나다,6
2022,09,니카라과,13
2022,09,도미니카공화국,41
2022,09,도미니카연방,20
2022,09,멕시코,1100
2022,09,미국인근섬,1
2022,09,바베이도스,13
2022,09,바하마,6
2022,09,베네수엘라,76
2022,09,벨리즈,13
2022,09,볼리비아,39
2022,09,브라질,935
2022,09,세인트루시아,9
2022,09,세인트빈센트그레나딘,5
2022,09,세인트크리스토퍼네비스,21
2022,09,수리남,6
2022,09,아르헨티나,219
2022,09,아이티,7
2022,09,앤티카바부다,7
2022,09,에콰도르,128
2022,09,엘살바도르,52
2022,09,온두라스,41
2022,09,우루과이,31
2022,09,자메이카,43
2022,09,칠레,254
2022,09,코스타리카,113
2022,09,콜롬비아,373
2022,09,쿠바,11
2022,09,트리니다드토바고,21
2022,09,파나마,58
2022,09,파라과이,66
2022,09,페루,168
2022,09,미국,65181
2022,09,캐나다,11246
2022,09,가나,149
2022,09,가봉,12
2022,09,감비아,10
2022,09,기니,5
2022,09,나미비아,10
2022,09,나이지리아,260
2022,09,남수단공화국,4
2022,09,남아프리카공화국,532
2022,09,니제르,2
2022,09,라이베리아,22
2022,09,레소토,2
2022,09,르완다,48
2022,09,리비아,132
2022,09,마다가스카르,16
2022,09,말라위,5
2022,09,말리,18
2022,09,모로코,309
2022,09,모리셔스,32
2022,09,모리타니,2
2022,09,모잠비크,21
2022,09,베냉,8
2022,09,보츠와나,12
2022,09,부룬디,29
2022,09,부르키나파소,7
2022,09,상투메프린시페,2
2022,09,세네갈,19
2022,09,세이셸,8
2022,09,소말리아,4
2022,09,수단,46
2022,09,시에라리온,3
2022,09,알제리,98
2022,09,앙골라,24
2022,09,에리트레아,3
2022,09,에스와티니,11
2022,09,에티오피아,513
2022,09,우간다,84
2022,09,이집트,444
2022,09,잠비아,19
2022,09,적도기니,3
2022,09,중앙아프리카공화국,3
2022,09,짐바브웨,24
2022,09,차드,4
2022,09,카메룬,94
2022,09,케냐,106
2022,09,코모로,2
2022,09,코트디부아르,20
2022,09,콩고,1
2022,09,콩고민주공화국,54
2022,09,탄자니아,89
2022,09,토고,8
2022,09,튀니지,150
2022,09,나우루,7
2022,09,뉴질랜드,1997
2022,09,마샬군도,5
2022,09,미이크로네시아,1
2022,09,바누아투,7
2022,09,사모아,10
2022,09,솔로몬군도,5
2022,09,오스트레일리아,8281
2022,09,키리바시,8
2022,09,통가,8
2022,09,투발루,4
2022,09,파푸아뉴기니,9
2022,09,팔라우,11
2022,09,피지,35
2022,09,교황청,1
2022,09,그리스,460
2022,09,네덜란드,2792
2022,09,노르웨이,529
2022,09,덴마크,712
2022,09,독일,9109
2022,09,라트비아,140
2022,09,러시아(연방),6881
2022,09,루마니아,609
2022,09,룩셈부르크,49
2022,09,리투아니아,170
2022,09,리히텐슈타인,2
2022,09,모나코,3
2022,09,몬테네그로,62
2022,09,몰도바,18
2022,09,몰타,15
2022,09,벨기에,1035
2022,09,벨로루시,92
2022,09,보스니아-헤르체고비나,10
2022,09,북마케도니아,4
2022,09,불가리아,313
2022,09,산마리노,1
2022,09,세르비아,134
2022,09,스웨덴,801
2022,09,스위스,1190
2022,09,스페인,1782
2022,09,슬로바크,222
2022,09,슬로베니아,83
2022,09,아르메니아,22
2022,09,아이슬란드,37
2022,09,아일랜드,469
2022,09,아제르바이잔,123
2022,09,안도라,2
2022,09,알바니아,29
2022,09,에스토니아,160
2022,09,영국,5376
2022,09,영국보호민,115
2022,09,영국속령지시민,5
2022,09,영국외지민,1
2022,09,오스트리아,852
2022,09,우크라이나,1102
2022,09,유고슬라비아,32
2022,09,이탈리아,2089
2022,09,조지아,153
2022,09,체코,371
2022,09,코소보,4
2022,09,크로아티아,214
2022,09,포르투갈,395
2022,09,폴란드,1525
2022,09,프랑스,7348
2022,09,핀란드,483
2022,09,헝가리,376
2022,09,기타,116
2022,10,일본,68687
2022,10,베트남,37694
2022,10,태국,35024
2022,10,필리핀,27614
2022,10,싱가포르,24797
2022,10,중국,20308
2022,10,인도네시아,14864
2022,10,말레이시아,12408
2022,10,타이완,11926
2022,10,홍콩,10970
2022,10,몽골,8391
2022,10,인도,8049
2022,10,미얀마,7240
2022,10,한국계중국인,5518
2022,10,우즈베키스탄,4386
2022,10,캄보디아,3803
2022,10,카자흐스탄,3265
2022,10,네팔,2413
2022,10,튀르키예,2198
2022,10,스리랑카,1933
2022,10,파키스탄,1676
2022,10,이스라엘,1431
2022,10,방글라데시,1278
2022,10,사우디아라비아,1186
2022,10,키르기즈,783
2022,10,아랍에미리트연합,583
2022,10,라오스,580
2022,10,타지키스탄,474
2022,10,이란,436
2022,10,요르단,224
2022,10,시리아,218
2022,10,이라크,204
2022,10,티모르민주공화국,152
2022,10,쿠웨이트,109
2022,10,레바논,100
2022,10,브루나이,97
2022,10,카타르,94
2022,10,오만,77
2022,10,마카오,76
2022,10,예멘공화국,65
2022,10,바레인,51
2022,10,키프로스,48
2022,10,투르크메니스탄,47
2022,10,부탄,32
2022,10,팔레스타인,32
2022,10,아프가니스탄,16
2022,10,몰디브,15
2022,10,미국,80476
2022,10,캐나다,13366
2022,10,브라질,1452
2022,10,멕시코,1316
2022,10,콜롬비아,494
2022,10,아르헨티나,355
2022,10,칠레,345
2022,10,페루,257
2022,10,에콰도르,162
2022,10,코스타리카,139
2022,10,베네수엘라,109
2022,10,파라과이,93
2022,10,과테말라,83
2022,10,엘살바도르,78
2022,10,도미니카공화국,77
2022,10,파나마,63
2022,10,볼리비아,61
2022,10,자메이카,61
2022,10,온두라스,40
2022,10,우루과이,36
2022,10,세인트크리스토퍼네비스,35
2022,10,도미니카연방,24
2022,10,트리니다드토바고,20
2022,10,쿠바,14
2022,10,그레나다,13
2022,10,니카라과,13
2022,10,바베이도스,10
2022,10,앤티카바부다,8
2022,10,바하마,7
2022,10,세인트루시아,7
2022,10,가이아나,5
2022,10,아이티,5
2022,10,벨리즈,4
2022,10,수리남,3
2022,10,세인트빈센트그레나딘,1
2022,10,프랑스,9670
2022,10,독일,9301
2022,10,러시아(연방),6954
2022,10,영국,6736
2022,10,네덜란드,3266
2022,10,이탈리아,2916
2022,10,스페인,2293
2022,10,폴란드,1734
2022,10,스위스,1481
2022,10,우크라이나,1379
2022,10,스웨덴,1255
2022,10,벨기에,1155
2022,10,덴마크,1066
2022,10,오스트리아,963
2022,10,루마니아,893
2022,10,핀란드,864
2022,10,노르웨이,699
2022,10,그리스,588
2022,10,포르투갈,575
2022,10,아일랜드,548
2022,10,헝가리,528
2022,10,체코,488
2022,10,영국보호민,363
2022,10,크로아티아,341
2022,10,불가리아,336
2022,10,슬로바크,255
2022,10,리투아니아,242
2022,10,에스토니아,210
2022,10,세르비아,187
2022,10,라트비아,179
2022,10,조지아,170
2022,10,아제르바이잔,164
2022,10,슬로베니아,110
2022,10,벨로루시,105
2022,10,몬테네그로,95
2022,10,룩셈부르크,72
2022,10,아이슬란드,71
2022,10,알바니아,38
2022,10,유고슬라비아,32
2022,10,몰도바,21
2022,10,몰타,19
2022,10,아르메니아,13
2022,10,보스니아-헤르체고비나,7
2022,10,안도라,5
2022,10,영국외지민,5
2022,10,코소보,5
2022,10,리히텐슈타인,3
2022,10,북마케도니아,3
2022,10,교황청,2
2022,10,모나코,2
2022,10,산마리노,2
2022,10,오스트레일리아,9176
2022,10,뉴질랜드,2544
2022,10,피지,53
2022,10,파푸아뉴기니,25
2022,10,키리바시,15
2022,10,마샬군도,14
2022,10,통가,11
2022,10,나우루,8
2022,10,바누아투,7
2022,10,미이크로네시아,6
2022,10,사모아,6
2022,10,팔라우,6
2022,10,솔로몬군도,5
2022,10,투발루,5
2022,10,남아프리카공화국,764
2022,10,에티오피아,609
2022,10,이집트,559
2022,10,나이지리아,378
2022,10,모로코,368
2022,10,케냐,213
2022,10,탄자니아,193
2022,10,가나,155
2022,10,튀니지,152
2022,10,리비아,136
2022,10,우간다,119
2022,10,알제리,110
2022,10,수단,80
2022,10,세네갈,70
2022,10,짐바브웨,51
2022,10,르완다,50
2022,10,카메룬,50
2022,10,콩고민주공화국,47
2022,10,부룬디,42
2022,10,모리셔스,39
2022,10,잠비아,35
2022,10,모잠비크,30
2022,10,말라위,27
2022,10,중앙아프리카공화국,25
2022,10,코트디부아르,25
2022,10,말리,23
2022,10,가봉,22
2022,10,앙골라,22
2022,10,에스와티니,22
2022,10,감비아,20
2022,10,보츠와나,20
2022,10,마다가스카르,15
2022,10,부르키나파소,14
2022,10,세이셸,14
2022,10,시에라리온,13
2022,10,라이베리아,12
2022,10,모리타니,10
2022,10,코모로,9
2022,10,베냉,8
2022,10,콩고,8
2022,10,토고,8
2022,10,나미비아,7
2022,10,니제르,7
2022,10,기니,6
2022,10,레소토,6
2022,10,적도기니,4
2022,10,차드,4
2022,10,지부티,3
2022,10,카보베르데,3
2022,10,기니비사우,2
2022,10,남수단공화국,2
2022,10,소말리아,2
2022,10,상투메프린시페,1
2022,10,에리트레아,1
2022,10,기타,136
2022,11,일본,64005
2022,11,싱가포르,33258
2022,11,베트남,32356
2022,11,태국,30005
2022,11,필리핀,24656
2022,11,중국,21669
2022,11,타이완,18768
2022,11,홍콩,14450
2022,11,인도네시아,14446
2022,11,말레이시아,13173
2022,11,몽골,10350
2022,11,인도,8371
2022,11,한국계중국인,5742
2022,11,미얀마,5501
2022,11,우즈베키스탄,4078
2022,11,카자흐스탄,3853
2022,11,캄보디아,3759
2022,11,네팔,3618
2022,11,스리랑카,2380
2022,11,사우디아라비아,2278
2022,11,튀르키예,2179
2022,11,방글라데시,1928
2022,11,파키스탄,1017
2022,11,이스라엘,870
2022,11,라오스,798
2022,11,키르기즈,705
2022,11,아랍에미리트연합,579
2022,11,타지키스탄,415
2022,11,이란,334
2022,11,브루나이,180
2022,11,요르단,167
2022,11,이라크,158
2022,11,시리아,153
2022,11,티모르민주공화국,148
2022,11,쿠웨이트,130
2022,11,카타르,118
2022,11,투르크메니스탄,112
2022,11,마카오,97
2022,11,레바논,85
2022,11,오만,69
2022,11,예멘공화국,66
2022,11,바레인,50
2022,11,키프로스,42
2022,11,몰디브,30
2022,11,팔레스타인,22
2022,11,아프가니스탄,21
2022,11,부탄,20
2022,11,홍콩거주난민,1
2022,11,미국,71832
2022,11,캐나다,11317
2022,11,브라질,1164
2022,11,멕시코,1132
2022,11,콜롬비아,314
2022,11,칠레,303
2022,11,페루,274
2022,11,아르헨티나,200
2022,11,에콰도르,123
2022,11,코스타리카,100
2022,11,과테말라,78
2022,11,베네수엘라,69
2022,11,파나마,64
2022,11,도미니카공화국,53
2022,11,파라과이,50
2022,11,온두라스,46
2022,11,엘살바도르,45
2022,11,볼리비아,35
2022,11,자메이카,29
2022,11,세인트크리스토퍼네비스,25
2022,11,우루과이,24
2022,11,트리니다드토바고,20
2022,11,도미니카연방,19
2022,11,벨리즈,11
2022,11,쿠바,11
2022,11,니카라과,9
2022,11,바하마,9
2022,11,세인트루시아,6
2022,11,가이아나,5
2022,11,그레나다,5
2022,11,바베이도스,5
2022,11,앤티카바부다,5
2022,11,세인트빈센트그레나딘,4
2022,11,아이티,2
2022,11,수리남,1
2022,11,러시아(연방),7886
2022,11,독일,7305
2022,11,프랑스,7254
2022,11,영국,5609
2022,11,네덜란드,2766
2022,11,이탈리아,2686
2022,11,스페인,1988
2022,11,폴란드,1520
2022,11,우크라이나,1187
2022,11,스웨덴,1041
2022,11,벨기에,991
2022,11,스위스,869
2022,11,덴마크,781
2022,11,오스트리아,746
2022,11,핀란드,696
2022,11,체코,573
2022,11,그리스,565
2022,11,루마니아,556
2022,11,노르웨이,548
2022,11,포르투갈,504
2022,11,아일랜드,490
2022,11,영국보호민,377
2022,11,헝가리,370
2022,11,리투아니아,264
2022,11,크로아티아,253
2022,11,불가리아,223
2022,11,라트비아,145
2022,11,슬로바크,143
2022,11,아제르바이잔,126
2022,11,세르비아,116
2022,11,슬로베니아,104
2022,11,조지아,104
2022,11,아이슬란드,99
2022,11,에스토니아,94
2022,11,룩셈부르크,92
2022,11,벨로루시,84
2022,11,몬테네그로,63
2022,11,알바니아,32
2022,11,유고슬라비아,26
2022,11,몰타,23
2022,11,아르메니아,23
2022,11,몰도바,14
2022,11,보스니아-헤르체고비나,14
2022,11,영국외지민,9
2022,11,북마케도니아,5
2022,11,코소보,4
2022,11,교황청,2
2022,11,리히텐슈타인,1
2022,11,모나코,1
2022,11,산마리노,1
2022,11,안도라,1
2022,11,오스트레일리아,9863
2022,11,뉴질랜드,2135
2022,11,피지,41
2022,11,파푸아뉴기니,26
2022,11,미이크로네시아,15
2022,11,바누아투,13
2022,11,마샬군도,11
2022,11,사모아,10
2022,11,솔로몬군도,8
2022,11,통가,5
2022,11,팔라우,5
2022,11,나우루,4
2022,11,키리바시,4
2022,11,투발루,4
2022,11,에티오피아,614
2022,11,남아프리카공화국,483
2022,11,이집트,455
2022,11,모로코,332
2022,11,케냐,282
2022,11,튀니지,190
2022,11,가나,145
2022,11,나이지리아,118
2022,11,알제리,109
2022,11,리비아,102
2022,11,콩고민주공화국,99
2022,11,수단,79
2022,11,탄자니아,68
2022,11,우간다,63
2022,11,코트디부아르,49
2022,11,르완다,45
2022,11,세네갈,41
2022,11,모리셔스,36
2022,11,짐바브웨,33
2022,11,카메룬,32
2022,11,말라위,30
2022,11,앙골라,22
2022,11,모잠비크,21
2022,11,보츠와나,20
2022,11,부룬디,14
2022,11,기니,12
2022,11,마다가스카르,8
2022,11,잠비아,8
2022,11,중앙아프리카공화국,8
2022,11,가봉,7
2022,11,감비아,7
2022,11,라이베리아,7
2022,11,말리,7
2022,11,부르키나파소,7
2022,11,세이셸,7
2022,11,에스와티니,7
2022,11,나미비아,5
2022,11,시에라리온,5
2022,11,베냉,3
2022,11,니제르,2
2022,11,레소토,2
2022,11,소말리아,2
2022,11,에리트레아,2
2022,11,지부티,2
2022,11,차드,2
2022,11,카보베르데,2
2022,11,콩고,2
2022,11,토고,2
2022,11,모리타니,1
2022,11,적도기니,1
2022,11,기타,201
2022,12,일본,85693
2022,12,싱가포르,50774
2022,12,태국,41789
2022,12,타이완,29909
2022,12,베트남,28902
2022,12,홍콩,26711
2022,12,중국,25698
2022,12,필리핀,24762
2022,12,말레이시아,20792
2022,12,인도네시아,18014
2022,12,몽골,12327
2022,12,인도,5754
2022,12,한국계중국인,5338
2022,12,캄보디아,4202
2022,12,미얀마,4178
2022,12,카자흐스탄,3399
2022,12,우즈베키스탄,3184
2022,12,네팔,2040
2022,12,튀르키예,1924
2022,12,방글라데시,1845
2022,12,스리랑카,1800
2022,12,파키스탄,904
2022,12,아랍에미리트연합,843
2022,12,브루나이,822
2022,12,라오스,707
2022,12,사우디아라비아,667
2022,12,키르기즈,478
2022,12,이스라엘,455
2022,12,타지키스탄,306
2022,12,이란,207
2022,12,마카오,145
2022,12,이라크,128
2022,12,티모르민주공화국,119
2022,12,시리아,118
2022,12,카타르,116
2022,12,요르단,101
2022,12,투르크메니스탄,76
2022,12,쿠웨이트,62
2022,12,예멘공화국,55
2022,12,레바논,44
2022,12,오만,35
2022,12,아프가니스탄,30
2022,12,바레인,27
2022,12,팔레스타인,25
2022,12,키프로스,22
2022,12,부탄,12
2022,12,몰디브,3
2022,12,홍콩거주난민,2
2022,12,미국,68331
2022,12,캐나다,11938
2022,12,브라질,1199
2022,12,멕시코,1025
2022,12,콜롬비아,354
2022,12,칠레,250
2022,12,아르헨티나,235
2022,12,페루,176
2022,12,베네수엘라,90
2022,12,에콰도르,75
2022,12,코스타리카,53
2022,12,도미니카공화국,41
2022,12,과테말라,38
2022,12,세인트크리스토퍼네비스,37
2022,12,파나마,37
2022,12,엘살바도르,32
2022,12,자메이카,32
2022,12,파라과이,27
2022,12,볼리비아,25
2022,12,온두라스,24
2022,12,우루과이,23
2022,12,그레나다,21
2022,12,도미니카연방,20
2022,12,앤티카바부다,16
2022,12,트리니다드토바고,13
2022,12,쿠바,10
2022,12,니카라과,8
2022,12,가이아나,3
2022,12,바하마,3
2022,12,벨리즈,3
2022,12,세인트루시아,3
2022,12,아이티,3
2022,12,바베이도스,2
2022,12,수리남,2
2022,12,러시아(연방),8891
2022,12,프랑스,6279
2022,12,독일,5913
2022,12,영국,5794
2022,12,네덜란드,2430
2022,12,이탈리아,1755
2022,12,스페인,1487
2022,12,폴란드,1176
2022,12,우크라이나,1094
2022,12,스웨덴,805
2022,12,스위스,738
2022,12,벨기에,699
2022,12,핀란드,672
2022,12,그리스,584
2022,12,영국보호민,581
2022,12,오스트리아,562
2022,12,덴마크,517
2022,12,루마니아,489
2022,12,노르웨이,487
2022,12,아일랜드,417
2022,12,헝가리,397
2022,12,포르투갈,381
2022,12,체코,304
2022,12,불가리아,232
2022,12,크로아티아,192
2022,12,라트비아,140
2022,12,몬테네그로,110
2022,12,리투아니아,108
2022,12,조지아,105
2022,12,슬로바크,103
2022,12,세르비아,100
2022,12,에스토니아,97
2022,12,아제르바이잔,86
2022,12,벨로루시,82
2022,12,슬로베니아,58
2022,12,룩셈부르크,53
2022,12,아이슬란드,35
2022,12,몰타,33
2022,12,알바니아,22
2022,12,보스니아-헤르체고비나,17
2022,12,유고슬라비아,16
2022,12,몰도바,9
2022,12,아르메니아,8
2022,12,리히텐슈타인,7
2022,12,코소보,6
2022,12,북마케도니아,5
2022,12,영국외지민,5
2022,12,교황청,1
2022,12,산마리노,1
2022,12,안도라,1
2022,12,오스트레일리아,17088
2022,12,뉴질랜드,3948
2022,12,피지,48
2022,12,마샬군도,11
2022,12,바누아투,9
2022,12,사모아,9
2022,12,파푸아뉴기니,9
2022,12,나우루,7
2022,12,팔라우,5
2022,12,솔로몬군도,4
2022,12,미이크로네시아,2
2022,12,통가,2
2022,12,투발루,2
2022,12,남아프리카공화국,761
2022,12,에티오피아,527
2022,12,이집트,386
2022,12,모로코,330
2022,12,튀니지,200
2022,12,나이지리아,135
2022,12,리비아,112
2022,12,알제리,81
2022,12,가나,80
2022,12,케냐,80
2022,12,모리셔스,42
2022,12,탄자니아,40
2022,12,수단,35
2022,12,르완다,33
2022,12,우간다,30
2022,12,카메룬,26
2022,12,잠비아,21
2022,12,짐바브웨,14
2022,12,감비아,13
2022,12,세네갈,13
2022,12,코트디부아르,13
2022,12,콩고민주공화국,12
2022,12,가봉,11
2022,12,말리,11
2022,12,부룬디,10
2022,12,모잠비크,9
2022,12,라이베리아,8
2022,12,시에라리온,7
2022,12,나미비아,6
2022,12,말라위,6
2022,12,카보베르데,6
2022,12,레소토,5
2022,12,앙골라,5
2022,12,기니,4
2022,12,마다가스카르,4
2022,12,보츠와나,4
2022,12,세이셸,4
2022,12,에스와티니,3
2022,12,적도기니,3
2022,12,기니비사우,2
2022,12,소말리아,2
2022,12,콩고,2
2022,12,모리타니,1
2022,12,베냉,1
2022,12,에리트레아,1
2022,12,차드,1
2022,12,코모로,1
2022,12,기타,105
2023,01,일본,70071
2023,01,미국,56229
2023,01,타이완,51099
2023,01,베트남,27923
2023,01,태국,26894
2023,01,홍콩,26604
2023,01,중국,22901
2023,01,필리핀,17722
2023,01,싱가포르,13404
2023,01,인도네시아,13026
2023,01,몽골,13012
2023,01,오스트레일리아,12808
2023,01,말레이시아,11190
2023,01,캐나다,10187
2023,01,러시아(연방),9738
2023,01,한국계중국인,7240
2023,01,영국,6111
2023,01,독일,5444
2023,01,프랑스,5098
2023,01,인도,4655
2023,01,우즈베키스탄,4382
2023,01,캄보디아,4346
2023,01,미얀마,3253
2023,01,카자흐스탄,3027
2023,01,뉴질랜드,2662
2023,01,네팔,2570
2023,01,네덜란드,2179
2023,01,이탈리아,1895
2023,01,튀르키예,1736
2023,01,스리랑카,1543
2023,01,방글라데시,1421
2023,01,스페인,1303
2023,01,브라질,1155
2023,01,폴란드,1082
2023,01,파키스탄,927
2023,01,우크라이나,923
2023,01,남아프리카공화국,859
2023,01,멕시코,844
2023,01,라오스,777
2023,01,스웨덴,721
2023,01,핀란드,664
2023,01,벨기에,640
2023,01,스위스,573
2023,01,에티오피아,565
2023,01,사우디아라비아,549
2023,01,노르웨이,546
2023,01,아일랜드,537
2023,01,덴마크,532
2023,01,키르기즈,517
2023,01,오스트리아,505
2023,01,그리스,494
2023,01,루마니아,419
2023,01,이스라엘,407
2023,01,영국보호민,397
2023,01,헝가리,358
2023,01,아랍에미리트연합,339
2023,01,이집트,321
2023,01,체코,314
2023,01,브루나이,304
2023,01,포르투갈,293
2023,01,타지키스탄,283
2023,01,콜롬비아,282
2023,01,아르헨티나,264
2023,01,마카오,251
2023,01,칠레,238
2023,01,페루,218
2023,01,모로코,211
2023,01,티모르민주공화국,194
2023,01,쿠웨이트,183
2023,01,크로아티아,178
2023,01,슬로바크,172
2023,01,불가리아,169
2023,01,시리아,154
2023,01,나이지리아,138
2023,01,튀니지,136
2023,01,이란,135
2023,01,라트비아,128
2023,01,이라크,120
2023,01,리투아니아,113
2023,01,리비아,105
2023,01,조지아,101
2023,01,요르단,97
2023,01,벨로루시,92
2023,01,케냐,88
2023,01,에콰도르,83
2023,01,베네수엘라,82
2023,01,가나,80
2023,01,카타르,78
2023,01,세르비아,73
2023,01,아제르바이잔,72
2023,01,투르크메니스탄,70
2023,01,슬로베니아,70
2023,01,몬테네그로,68
2023,01,코스타리카,65
2023,01,에스토니아,58
2023,01,도미니카공화국,57
2023,01,알제리,55
2023,01,수단,50
2023,01,과테말라,43
2023,01,탄자니아,43
2023,01,예멘공화국,40
2023,01,우간다,38
2023,01,파나마,37
2023,01,레바논,36
2023,01,카메룬,34
2023,01,엘살바도르,33
2023,01,룩셈부르크,32
2023,01,피지,30
2023,01,바레인,29
2023,01,오만,29
2023,01,르완다,29
2023,01,아프가니스탄,28
2023,01,짐바브웨,27
2023,01,모리셔스,26
2023,01,우루과이,24
2023,01,파라과이,24
2023,01,앙골라,24
2023,01,세인트크리스토퍼네비스,21
2023,01,온두라스,21
2023,01,자메이카,21
2023,01,아이슬란드,21
2023,01,몰타,18
2023,01,유고슬라비아,18
2023,01,키프로스,17
2023,01,콩고민주공화국,17
2023,01,알바니아,16
2023,01,부룬디,16
2023,01,말리,15
2023,01,도미니카연방,14
2023,01,세네갈,14
2023,01,볼리비아,13
2023,01,몰도바,13
2023,01,라이베리아,13
2023,01,잠비아,13
2023,01,가봉,11
2023,01,코트디부아르,11
2023,01,부탄,10
2023,01,니카라과,10
2023,01,보스니아-헤르체고비나,10
2023,01,바누아투,10
2023,01,말라위,10
2023,01,쿠바,9
2023,01,아르메니아,9
2023,01,감비아,9
2023,01,토고,9
2023,01,앤티카바부다,8
2023,01,기니,8
2023,01,트리니다드토바고,7
2023,01,부르키나파소,6
2023,01,그레나다,5
2023,01,세인트루시아,5
2023,01,코소보,5
2023,01,소말리아,5
2023,01,시에라리온,5
2023,01,바베이도스,4
2023,01,리히텐슈타인,4
2023,01,마샬군도,4
2023,01,마다가스카르,4
2023,01,보츠와나,4
2023,01,팔레스타인,3
2023,01,세인트빈센트그레나딘,3
2023,01,아이티,3
2023,01,미이크로네시아,3
2023,01,레소토,3
2023,01,모리타니,3
2023,01,콩고,3
2023,01,몰디브,2
2023,01,가이아나,2
2023,01,사모아,2
2023,01,솔로몬군도,2
2023,01,키리바시,2
2023,01,투발루,2
2023,01,파푸아뉴기니,2
2023,01,니제르,2
2023,01,모잠비크,2
2023,01,세이셸,2
2023,01,차드,2
2023,01,홍콩거주난민,1
2023,01,미국인근섬,1
2023,01,바하마,1
2023,01,벨리즈,1
2023,01,수리남,1
2023,01,북마케도니아,1
2023,01,산마리노,1
2023,01,영국외지민,1
2023,01,통가,1
2023,01,나미비아,1
2023,01,남수단공화국,1
2023,01,베냉,1
2023,01,에리트레아,1
2023,01,에스와티니,1
2023,01,지부티,1
2023,01,기타,69
2023,02,일본,96723
2023,02,타이완,49131
2023,02,베트남,42146
2023,02,중국,41387
2023,02,태국,29135
2023,02,말레이시아,16586
2023,02,홍콩,16075
2023,02,필리핀,15603
2023,02,인도네시아,14344
2023,02,싱가포르,12217
2023,02,한국계중국인,11950
2023,02,몽골,10424
2023,02,우즈베키스탄,5238
2023,02,인도,4830
2023,02,네팔,3622
2023,02,캄보디아,3518
2023,02,미얀마,3305
2023,02,카자흐스탄,3159
2023,02,스리랑카,1678
2023,02,튀르키예,1648
2023,02,방글라데시,1522
2023,02,파키스탄,1161
2023,02,라오스,1140
2023,02,사우디아라비아,658
2023,02,키르기즈,619
2023,02,타지키스탄,576
2023,02,아랍에미리트연합,433
2023,02,이스라엘,416
2023,02,브루나이,392
2023,02,마카오,351
2023,02,티모르민주공화국,191
2023,02,요르단,166
2023,02,이란,165
2023,02,시리아,133
2023,02,쿠웨이트,101
2023,02,이라크,100
2023,02,카타르,72
2023,02,예멘공화국,64
2023,02,레바논,61
2023,02,투르크메니스탄,36
2023,02,오만,33
2023,02,키프로스,27
2023,02,바레인,20
2023,02,아프가니스탄,20
2023,02,팔레스타인,16
2023,02,몰디브,15
2023,02,부탄,14
2023,02,미국,52260
2023,02,캐나다,9306
2023,02,브라질,1054
2023,02,멕시코,880
2023,02,칠레,300
2023,02,콜롬비아,281
2023,02,아르헨티나,220
2023,02,페루,217
2023,02,에콰도르,109
2023,02,베네수엘라,83
2023,02,도미니카공화국,63
2023,02,코스타리카,54
2023,02,과테말라,52
2023,02,파나마,52
2023,02,엘살바도르,43
2023,02,파라과이,39
2023,02,우루과이,32
2023,02,세인트크리스토퍼네비스,29
2023,02,도미니카연방,26
2023,02,자메이카,24
2023,02,볼리비아,23
2023,02,온두라스,22
2023,02,트리니다드토바고,17
2023,02,그레나다,11
2023,02,수리남,10
2023,02,가이아나,9
2023,02,앤티카바부다,9
2023,02,바베이도스,7
2023,02,세인트빈센트그레나딘,7
2023,02,니카라과,6
2023,02,바하마,5
2023,02,벨리즈,5
2023,02,세인트루시아,4
2023,02,쿠바,3
2023,02,아이티,2
2023,02,러시아(연방),9516
2023,02,프랑스,6763
2023,02,독일,6299
2023,02,영국,5335
2023,02,네덜란드,2910
2023,02,이탈리아,1915
2023,02,스페인,1352
2023,02,폴란드,1203
2023,02,우크라이나,774
2023,02,핀란드,754
2023,02,벨기에,735
2023,02,스위스,726
2023,02,스웨덴,706
2023,02,오스트리아,641
2023,02,노르웨이,513
2023,02,루마니아,494
2023,02,덴마크,491
2023,02,그리스,453
2023,02,아일랜드,447
2023,02,체코,381
2023,02,영국보호민,360
2023,02,헝가리,350
2023,02,포르투갈,321
2023,02,크로아티아,204
2023,02,불가리아,154
2023,02,아제르바이잔,154
2023,02,슬로바크,150
2023,02,리투아니아,137
2023,02,라트비아,120
2023,02,세르비아,102
2023,02,벨로루시,100
2023,02,조지아,94
2023,02,슬로베니아,64
2023,02,룩셈부르크,58
2023,02,에스토니아,51
2023,02,몬테네그로,44
2023,02,몰타,19
2023,02,아이슬란드,19
2023,02,알바니아,18
2023,02,몰도바,16
2023,02,유고슬라비아,14
2023,02,보스니아-헤르체고비나,10
2023,02,북마케도니아,4
2023,02,코소보,4
2023,02,리히텐슈타인,3
2023,02,아르메니아,3
2023,02,안도라,3
2023,02,영국외지민,2
2023,02,오스트레일리아,8015
2023,02,뉴질랜드,1718
2023,02,피지,15
2023,02,파푸아뉴기니,11
2023,02,바누아투,8
2023,02,팔라우,6
2023,02,키리바시,5
2023,02,마샬군도,4
2023,02,사모아,4
2023,02,솔로몬군도,2
2023,02,통가,2
2023,02,투발루,2
2023,02,미이크로네시아,1
2023,02,남아프리카공화국,970
2023,02,에티오피아,564
2023,02,이집트,397
2023,02,모로코,294
2023,02,나이지리아,149
2023,02,튀니지,144
2023,02,리비아,142
2023,02,가나,90
2023,02,케냐,87
2023,02,탄자니아,78
2023,02,알제리,67
2023,02,수단,55
2023,02,카메룬,38
2023,02,우간다,35
2023,02,코트디부아르,34
2023,02,르완다,30
2023,02,부룬디,29
2023,02,짐바브웨,27
2023,02,모리셔스,25
2023,02,세네갈,23
2023,02,콩고민주공화국,21
2023,02,잠비아,18
2023,02,라이베리아,16
2023,02,기니,12
2023,02,마다가스카르,11
2023,02,세이셸,10
2023,02,감비아,9
2023,02,말라위,9
2023,02,모잠비크,8
2023,02,앙골라,8
2023,02,가봉,7
2023,02,보츠와나,7
2023,02,말리,6
2023,02,남수단공화국,5
2023,02,시에라리온,5
2023,02,레소토,3
2023,02,베냉,3
2023,02,부르키나파소,3
2023,02,소말리아,3
2023,02,중앙아프리카공화국,3
2023,02,기니비사우,2
2023,02,차드,2
2023,02,카보베르데,2
2023,02,토고,2
2023,02,니제르,1
2023,02,모리타니,1
2023,02,에스와티니,1
2023,02,적도기니,1
2023,02,콩고,1
2023,02,기타,81
2023,03,일본,194327
2023,03,중국,64876
2023,03,타이완,64673
2023,03,베트남,45663
2023,03,태국,44084
2023,03,싱가포르,34403
2023,03,홍콩,26790
2023,03,필리핀,25688
2023,03,말레이시아,23644
2023,03,한국계중국인,18992
2023,03,인도네시아,18669
2023,03,몽골,12860
2023,03,인도,8560
2023,03,미얀마,5276
2023,03,우즈베키스탄,4824
2023,03,카자흐스탄,4077
2023,03,네팔,3995
2023,03,캄보디아,3716
2023,03,튀르키예,2228
2023,03,스리랑카,2044
2023,03,방글라데시,1872
2023,03,이스라엘,1561
2023,03,사우디아라비아,1405
2023,03,파키스탄,1266
2023,03,라오스,979
2023,03,마카오,818
2023,03,키르기즈,691
2023,03,아랍에미리트연합,539
2023,03,타지키스탄,522
2023,03,브루나이,271
2023,03,이란,267
2023,03,시리아,195
2023,03,이라크,159
2023,03,티모르민주공화국,140
2023,03,요르단,133
2023,03,카타르,117
2023,03,쿠웨이트,97
2023,03,투르크메니스탄,94
2023,03,예멘공화국,67
2023,03,레바논,65
2023,03,오만,50
2023,03,키프로스,43
2023,03,바레인,27
2023,03,부탄,26
2023,03,아프가니스탄,24
2023,03,몰디브,15
2023,03,팔레스타인,13
2023,03,영령인도양섬,2
2023,03,홍콩거주난민,1
2023,03,미국,95729
2023,03,캐나다,17102
2023,03,브라질,1636
2023,03,멕시코,1458
2023,03,콜롬비아,537
2023,03,아르헨티나,482
2023,03,칠레,460
2023,03,페루,318
2023,03,에콰도르,163
2023,03,온두라스,136
2023,03,우루과이,107
2023,03,베네수엘라,100
2023,03,도미니카공화국,91
2023,03,코스타리카,83
2023,03,자메이카,80
2023,03,파나마,74
2023,03,엘살바도르,67
2023,03,과테말라,65
2023,03,니카라과,57
2023,03,세인트크리스토퍼네비스,48
2023,03,파라과이,47
2023,03,볼리비아,41
2023,03,도미니카연방,28
2023,03,세인트루시아,23
2023,03,트리니다드토바고,22
2023,03,그레나다,13
2023,03,앤티카바부다,12
2023,03,바하마,10
2023,03,바베이도스,9
2023,03,쿠바,8
2023,03,아이티,7
2023,03,가이아나,6
2023,03,세인트빈센트그레나딘,4
2023,03,수리남,4
2023,03,벨리즈,2
2023,03,러시아(연방),13554
2023,03,독일,12199
2023,03,영국,10987
2023,03,프랑스,9658
2023,03,네덜란드,3982
2023,03,이탈리아,3891
2023,03,스페인,2571
2023,03,폴란드,2113
2023,03,스위스,1626
2023,03,스웨덴,1393
2023,03,덴마크,1350
2023,03,벨기에,1204
2023,03,우크라이나,1203
2023,03,오스트리아,1171
2023,03,노르웨이,1012
2023,03,루마니아,1007
2023,03,핀란드,986
2023,03,아일랜드,788
2023,03,포르투갈,723
2023,03,그리스,677
2023,03,체코,667
2023,03,헝가리,646
2023,03,영국보호민,556
2023,03,불가리아,366
2023,03,리투아니아,349
2023,03,크로아티아,337
2023,03,세르비아,307
2023,03,슬로바크,291
2023,03,라트비아,205
2023,03,에스토니아,162
2023,03,몬테네그로,112
2023,03,슬로베니아,111
2023,03,벨로루시,104
2023,03,룩셈부르크,97
2023,03,아제르바이잔,79
2023,03,조지아,62
2023,03,몰타,57
2023,03,알바니아,52
2023,03,유고슬라비아,36
2023,03,아이슬란드,34
2023,03,보스니아-헤르체고비나,33
2023,03,몰도바,21
2023,03,아르메니아,15
2023,03,북마케도니아,10
2023,03,안도라,4
2023,03,코소보,4
2023,03,리히텐슈타인,3
2023,03,모나코,3
2023,03,영국외지민,2
2023,03,교황청,1
2023,03,오스트레일리아,14326
2023,03,뉴질랜드,2692
2023,03,피지,40
2023,03,사모아,17
2023,03,미이크로네시아,15
2023,03,바누아투,11
2023,03,투발루,11
2023,03,파푸아뉴기니,10
2023,03,키리바시,9
2023,03,팔라우,7
2023,03,솔로몬군도,6
2023,03,마샬군도,4
2023,03,통가,4
2023,03,나우루,3
2023,03,노퍽,2
2023,03,남아프리카공화국,802
2023,03,에티오피아,631
2023,03,이집트,434
2023,03,모로코,270
2023,03,튀니지,257
2023,03,케냐,207
2023,03,나이지리아,171
2023,03,가나,126
2023,03,모리셔스,124
2023,03,짐바브웨,96
2023,03,리비아,91
2023,03,수단,69
2023,03,카메룬,63
2023,03,탄자니아,58
2023,03,알제리,55
2023,03,마다가스카르,54
2023,03,부룬디,48
2023,03,르완다,46
2023,03,우간다,41
2023,03,콩고민주공화국,29
2023,03,앙골라,22
2023,03,코트디부아르,22
2023,03,세네갈,20
2023,03,기니,18
2023,03,잠비아,18
2023,03,감비아,17
2023,03,라이베리아,13
2023,03,가봉,11
2023,03,모잠비크,11
2023,03,토고,11
2023,03,나미비아,10
2023,03,말라위,9
2023,03,말리,8
2023,03,세이셸,6
2023,03,에스와티니,6
2023,03,코모로,6
2023,03,보츠와나,5
2023,03,부르키나파소,5
2023,03,모리타니,4
2023,03,베냉,4
2023,03,에리트레아,4
2023,03,소말리아,3
2023,03,시에라리온,3
2023,03,기니비사우,2
2023,03,레소토,2
2023,03,지부티,2
2023,03,카보베르데,2
2023,03,콩고,2
2023,03,니제르,1
2023,03,적도기니,1
2023,03,차드,1
2023,03,기타,115
2023,04,일본,130217
2023,04,중국,99927
2023,04,타이완,78362
2023,04,태국,55509
2023,04,베트남,47018
2023,04,홍콩,37616
2023,04,필리핀,36105
2023,04,싱가포르,31210
2023,04,말레이시아,25770
2023,04,인도네시아,23402
2023,04,한국계중국인,18212
2023,04,몽골,10305
2023,04,인도,9849
2023,04,캄보디아,4838
2023,04,미얀마,4203
2023,04,카자흐스탄,3877
2023,04,우즈베키스탄,3783
2023,04,튀르키예,3236
2023,04,네팔,2872
2023,04,이스라엘,2285
2023,04,라오스,1653
2023,04,마카오,1430
2023,04,스리랑카,1362
2023,04,사우디아라비아,1251
2023,04,방글라데시,1224
2023,04,파키스탄,826
2023,04,키르기즈,691
2023,04,브루나이,601
2023,04,아랍에미리트연합,480
2023,04,타지키스탄,429
2023,04,카타르,247
2023,04,이란,202
2023,04,쿠웨이트,198
2023,04,시리아,134
2023,04,이라크,109
2023,04,키프로스,109
2023,04,요르단,102
2023,04,레바논,57
2023,04,바레인,57
2023,04,오만,54
2023,04,투르크메니스탄,52
2023,04,예멘공화국,45
2023,04,티모르민주공화국,30
2023,04,부탄,28
2023,04,몰디브,16
2023,04,아프가니스탄,14
2023,04,팔레스타인,13
2023,04,영령인도양섬,3
2023,04,홍콩거주난민,1
2023,04,미국,115286
2023,04,캐나다,21032
2023,04,멕시코,2547
2023,04,브라질,2205
2023,04,콜롬비아,592
2023,04,칠레,550
2023,04,아르헨티나,494
2023,04,페루,407
2023,04,에콰도르,248
2023,04,코스타리카,198
2023,04,베네수엘라,122
2023,04,파나마,117
2023,04,도미니카공화국,113
2023,04,니카라과,110
2023,04,온두라스,108
2023,04,자메이카,73
2023,04,우루과이,70
2023,04,엘살바도르,65
2023,04,과테말라,61
2023,04,파라과이,53
2023,04,세인트크리스토퍼네비스,51
2023,04,도미니카연방,33
2023,04,트리니다드토바고,33
2023,04,볼리비아,31
2023,04,세인트루시아,31
2023,04,그레나다,20
2023,04,바베이도스,18
2023,04,앤티카바부다,14
2023,04,세인트빈센트그레나딘,13
2023,04,쿠바,11
2023,04,바하마,9
2023,04,벨리즈,6
2023,04,수리남,6
2023,04,아이티,6
2023,04,가이아나,5
2023,04,독일,18609
2023,04,프랑스,15900
2023,04,러시아(연방),15630
2023,04,영국,15464
2023,04,네덜란드,4811
2023,04,이탈리아,4707
2023,04,스페인,3347
2023,04,폴란드,3293
2023,04,스위스,2742
2023,04,스웨덴,1872
2023,04,벨기에,1821
2023,04,오스트리아,1497
2023,04,우크라이나,1360
2023,04,루마니아,1352
2023,04,덴마크,1350
2023,04,핀란드,1119
2023,04,체코,1048
2023,04,아일랜드,1040
2023,04,포르투갈,1032
2023,04,노르웨이,1013
2023,04,그리스,934
2023,04,헝가리,845
2023,04,영국보호민,689
2023,04,불가리아,611
2023,04,크로아티아,383
2023,04,세르비아,371
2023,04,리투아니아,351
2023,04,슬로바크,315
2023,04,라트비아,236
2023,04,에스토니아,228
2023,04,슬로베니아,208
2023,04,룩셈부르크,201
2023,04,벨라루스,131
2023,04,아제르바이잔,123
2023,04,몬테네그로,120
2023,04,조지아,93
2023,04,몰타,72
2023,04,아이슬란드,58
2023,04,알바니아,52
2023,04,유고슬라비아,51
2023,04,보스니아-헤르체고비나,46
2023,04,아르메니아,29
2023,04,몰도바,19
2023,04,북마케도니아,14
2023,04,리히텐슈타인,13
2023,04,안도라,12
2023,04,모나코,6
2023,04,코소보,5
2023,04,교황청,4
2023,04,영국외지민,3
2023,04,오스트레일리아,21436
2023,04,뉴질랜드,4243
2023,04,피지,49
2023,04,바누아투,21
2023,04,통가,20
2023,04,미이크로네시아,17
2023,04,마샬군도,15
2023,04,파푸아뉴기니,10
2023,04,사모아,8
2023,04,팔라우,7
2023,04,솔로몬군도,6
2023,04,투발루,6
2023,04,키리바시,3
2023,04,노퍽,1
2023,04,남아프리카공화국,1098
2023,04,에티오피아,621
2023,04,이집트,311
2023,04,튀니지,309
2023,04,모로코,262
2023,04,케냐,231
2023,04,모리셔스,192
2023,04,나이지리아,159
2023,04,짐바브웨,154
2023,04,리비아,146
2023,04,가나,134
2023,04,탄자니아,107
2023,04,앙골라,71
2023,04,알제리,67
2023,04,말라위,49
2023,04,우간다,47
2023,04,잠비아,47
2023,04,콩고민주공화국,35
2023,04,모잠비크,32
2023,04,카메룬,28
2023,04,르완다,24
2023,04,보츠와나,24
2023,04,에스와티니,20
2023,04,코트디부아르,19
2023,04,라이베리아,18
2023,04,세네갈,18
2023,04,수단,18
2023,04,가봉,17
2023,04,시에라리온,16
2023,04,감비아,14
2023,04,마다가스카르,12
2023,04,부룬디,12
2023,04,나미비아,11
2023,04,말리,11
2023,04,베냉,8
2023,04,부르키나파소,7
2023,04,기니,6
2023,04,세이셸,6
2023,04,카보베르데,6
2023,04,콩고,5
2023,04,토고,5
2023,04,중앙아프리카공화국,3
2023,04,니제르,2
2023,04,레소토,2
2023,04,모리타니,2
2023,04,지부티,2
2023,04,코모로,2
2023,04,남수단공화국,1
2023,04,소말리아,1
2023,04,에리트레아,1
2023,04,적도기니,1
2023,04,차드,1
2023,04,기타,104
2023,05,일본,185770
2023,05,중국,121634
2023,05,타이완,68065
2023,05,베트남,35477
2023,05,태국,32655
2023,05,싱가포르,30642
2023,05,필리핀,29090
2023,05,홍콩,28312
2023,05,인도네시아,22728
2023,05,한국계중국인,22162
2023,05,말레이시아,21635
2023,05,인도,10943
2023,05,몽골,10371
2023,05,미얀마,4490
2023,05,카자흐스탄,4124
2023,05,우즈베키스탄,4085
2023,05,캄보디아,3963
2023,05,네팔,3755
2023,05,튀르키예,2642
2023,05,마카오,1951
2023,05,스리랑카,1897
2023,05,방글라데시,1834
2023,05,사우디아라비아,1822
2023,05,이스라엘,1665
2023,05,라오스,1276
2023,05,파키스탄,1105
2023,05,키르기즈,804
2023,05,아랍에미리트연합,695
2023,05,타지키스탄,564
2023,05,브루나이,418
2023,05,이란,308
2023,05,쿠웨이트,247
2023,05,요르단,237
2023,05,시리아,229
2023,05,카타르,171
2023,05,이라크,156
2023,05,티모르민주공화국,145
2023,05,레바논,139
2023,05,오만,130
2023,05,바레인,126
2023,05,투르크메니스탄,115
2023,05,예멘공화국,92
2023,05,부탄,55
2023,05,키프로스,53
2023,05,아프가니스탄,31
2023,05,팔레스타인,26
2023,05,몰디브,17
2023,05,홍콩거주난민,3
2023,05,미국,108300
2023,05,캐나다,20145
2023,05,브라질,2101
2023,05,멕시코,1766
2023,05,콜롬비아,587
2023,05,아르헨티나,518
2023,05,칠레,481
2023,05,페루,464
2023,05,온두라스,277
2023,05,우루과이,194
2023,05,에콰도르,151
2023,05,엘살바도르,140
2023,05,코스타리카,137
2023,05,도미니카공화국,121
2023,05,베네수엘라,119
2023,05,파나마,111
2023,05,과테말라,110
2023,05,니카라과,105
2023,05,파라과이,78
2023,05,자메이카,67
2023,05,세인트크리스토퍼네비스,46
2023,05,도미니카연방,38
2023,05,볼리비아,37
2023,05,쿠바,27
2023,05,그레나다,22
2023,05,세인트루시아,22
2023,05,바베이도스,21
2023,05,트리니다드토바고,19
2023,05,아이티,12
2023,05,가이아나,10
2023,05,바하마,10
2023,05,세인트빈센트그레나딘,10
2023,05,앤티카바부다,9
2023,05,벨리즈,6
2023,05,수리남,3
2023,05,영령버진아일랜드,1
2023,05,러시아(연방),14503
2023,05,프랑스,13364
2023,05,독일,11861
2023,05,영국,10742
2023,05,네덜란드,4387
2023,05,이탈리아,3942
2023,05,폴란드,2545
2023,05,스페인,2471
2023,05,스위스,1704
2023,05,벨기에,1481
2023,05,스웨덴,1459
2023,05,우크라이나,1433
2023,05,핀란드,1295
2023,05,덴마크,1057
2023,05,오스트리아,1041
2023,05,루마니아,1036
2023,05,아일랜드,851
2023,05,노르웨이,751
2023,05,체코,722
2023,05,포르투갈,713
2023,05,헝가리,684
2023,05,그리스,586
2023,05,불가리아,491
2023,05,영국보호민,490
2023,05,세르비아,311
2023,05,크로아티아,304
2023,05,슬로바크,253
2023,05,리투아니아,238
2023,05,라트비아,203
2023,05,조지아,181
2023,05,아제르바이잔,167
2023,05,에스토니아,159
2023,05,벨라루스,155
2023,05,룩셈부르크,142
2023,05,슬로베니아,127
2023,05,알바니아,111
2023,05,몬테네그로,106
2023,05,아이슬란드,87
2023,05,유고슬라비아,52
2023,05,몰타,40
2023,05,몰도바,35
2023,05,아르메니아,35
2023,05,보스니아-헤르체고비나,20
2023,05,북마케도니아,9
2023,05,코소보,9
2023,05,영국외지민,6
2023,05,안도라,5
2023,05,산마리노,4
2023,05,리히텐슈타인,3
2023,05,교황청,2
2023,05,모나코,2
2023,05,오스트레일리아,15870
2023,05,뉴질랜드,3265
2023,05,피지,102
2023,05,파푸아뉴기니,60
2023,05,사모아,42
2023,05,통가,34
2023,05,솔로몬군도,26
2023,05,키리바시,26
2023,05,마샬군도,23
2023,05,나우루,22
2023,05,팔라우,22
2023,05,투발루,20
2023,05,바누아투,19
2023,05,미이크로네시아,10
2023,05,노퍽,3
2023,05,남아프리카공화국,1001
2023,05,에티오피아,630
2023,05,이집트,526
2023,05,모로코,422
2023,05,케냐,372
2023,05,튀니지,321
2023,05,리비아,245
2023,05,모리셔스,227
2023,05,마다가스카르,205
2023,05,알제리,187
2023,05,나이지리아,165
2023,05,짐바브웨,165
2023,05,가나,144
2023,05,코트디부아르,88
2023,05,우간다,85
2023,05,탄자니아,85
2023,05,세네갈,69
2023,05,카메룬,54
2023,05,앙골라,50
2023,05,잠비아,46
2023,05,모잠비크,43
2023,05,콩고민주공화국,40
2023,05,르완다,26
2023,05,가봉,24
2023,05,수단,24
2023,05,보츠와나,15
2023,05,감비아,14
2023,05,말리,14
2023,05,부룬디,13
2023,05,나미비아,12
2023,05,에스와티니,12
2023,05,콩고,12
2023,05,기니,11
2023,05,말라위,11
2023,05,부르키나파소,11
2023,05,세이셸,10
2023,05,베냉,9
2023,05,시에라리온,9
2023,05,니제르,8
2023,05,라이베리아,8
2023,05,카보베르데,7
2023,05,토고,6
2023,05,적도기니,5
2023,05,코모로,5
2023,05,에리트레아,4
2023,05,소말리아,3
2023,05,남수단공화국,2
2023,05,지부티,2
2023,05,차드,2
2023,05,기니비사우,1
2023,05,모리타니,1
2023,05,상투메프린시페,1
2023,05,기타,177
2023,06,일본,198558
2023,06,중국,161453
2023,06,타이완,98767
2023,06,베트남,41756
2023,06,싱가포르,35449
2023,06,홍콩,31633
2023,06,필리핀,30334
2023,06,태국,25937
2023,06,한국계중국인,22781
2023,06,인도네시아,22084
2023,06,말레이시아,15882
2023,06,몽골,13617
2023,06,인도,11654
2023,06,미얀마,4806
2023,06,우즈베키스탄,4502
2023,06,카자흐스탄,4455
2023,06,네팔,3925
2023,06,캄보디아,3024
2023,06,튀르키예,2999
2023,06,마카오,2256
2023,06,스리랑카,1842
2023,06,사우디아라비아,1711
2023,06,방글라데시,1204
2023,06,이스라엘,1062
2023,06,파키스탄,1029
2023,06,아랍에미리트연합,890
2023,06,라오스,836
2023,06,키르기즈,816
2023,06,타지키스탄,532
2023,06,브루나이,413
2023,06,쿠웨이트,279
2023,06,시리아,275
2023,06,이란,259
2023,06,카타르,243
2023,06,요르단,222
2023,06,이라크,210
2023,06,티모르민주공화국,169
2023,06,투르크메니스탄,95
2023,06,오만,93
2023,06,레바논,76
2023,06,키프로스,64
2023,06,부탄,58
2023,06,예멘공화국,54
2023,06,바레인,33
2023,06,아프가니스탄,29
2023,06,팔레스타인,24
2023,06,몰디브,22
2023,06,미국,130163
2023,06,캐나다,15487
2023,06,멕시코,1601
2023,06,브라질,1499
2023,06,콜롬비아,647
2023,06,페루,485
2023,06,온두라스,406
2023,06,칠레,387
2023,06,아르헨티나,323
2023,06,에콰도르,144
2023,06,엘살바도르,140
2023,06,코스타리카,124
2023,06,과테말라,111
2023,06,베네수엘라,99
2023,06,니카라과,96
2023,06,도미니카공화국,92
2023,06,파나마,59
2023,06,자메이카,59
2023,06,세인트크리스토퍼네비스,57
2023,06,파라과이,46
2023,06,볼리비아,41
2023,06,우루과이,37
2023,06,도미니카연방,30
2023,06,세인트루시아,27
2023,06,트리니다드토바고,25
2023,06,그레나다,18
2023,06,바베이도스,13
2023,06,앤티카바부다,11
2023,06,쿠바,9
2023,06,가이아나,9
2023,06,수리남,7
2023,06,세인트빈센트그레나딘,7
2023,06,바하마,6
2023,06,벨리즈,5
2023,06,아이티,4
2023,06,러시아(연방),14878
2023,06,프랑스,9348
2023,06,독일,9227
2023,06,영국,8746
2023,06,이탈리아,3955
2023,06,네덜란드,3512
2023,06,폴란드,2455
2023,06,스페인,2397
2023,06,스웨덴,1925
2023,06,우크라이나,1522
2023,06,스위스,1359
2023,06,노르웨이,1173
2023,06,핀란드,1137
2023,06,벨기에,1117
2023,06,덴마크,961
2023,06,오스트리아,897
2023,06,루마니아,876
2023,06,체코,825
2023,06,아일랜드,824
2023,06,포르투갈,767
2023,06,그리스,560
2023,06,헝가리,541
2023,06,영국보호민,454
2023,06,불가리아,386
2023,06,크로아티아,323
2023,06,슬로바크,321
2023,06,리투아니아,248
2023,06,세르비아,220
2023,06,조지아,172
2023,06,라트비아,162
2023,06,슬로베니아,153
2023,06,아제르바이잔,129
2023,06,에스토니아,114
2023,06,벨라루스,109
2023,06,몬테네그로,103
2023,06,아이슬란드,76
2023,06,알바니아,60
2023,06,몰타,49
2023,06,룩셈부르크,44
2023,06,유고슬라비아,29
2023,06,아르메니아,25
2023,06,몰도바,17
2023,06,보스니아-헤르체고비나,16
2023,06,코소보,10
2023,06,북마케도니아,10
2023,06,영국외지민,6
2023,06,리히텐슈타인,5
2023,06,교황청,3
2023,06,오스트레일리아,17275
2023,06,뉴질랜드,3646
2023,06,피지,51
2023,06,사모아,27
2023,06,팔라우,21
2023,06,마샬군도,16
2023,06,통가,15
2023,06,파푸아뉴기니,14
2023,06,바누아투,13
2023,06,키리바시,12
2023,06,투발루,7
2023,06,솔로몬군도,6
2023,06,미이크로네시아,5
2023,06,나우루,3
2023,06,남아프리카공화국,1015
2023,06,에티오피아,607
2023,06,이집트,452
2023,06,케냐,371
2023,06,모로코,317
2023,06,튀니지,309
2023,06,마다가스카르,223
2023,06,모리셔스,195
2023,06,나이지리아,154
2023,06,짐바브웨,128
2023,06,가나,116
2023,06,리비아,97
2023,06,탄자니아,84
2023,06,알제리,84
2023,06,르완다,56
2023,06,우간다,54
2023,06,카메룬,49
2023,06,콩고민주공화국,48
2023,06,코트디부아르,44
2023,06,모잠비크,33
2023,06,부룬디,28
2023,06,세네갈,26
2023,06,잠비아,23
2023,06,보츠와나,20
2023,06,가봉,17
2023,06,말라위,15
2023,06,수단,14
2023,06,라이베리아,13
2023,06,앙골라,11
2023,06,부르키나파소,11
2023,06,레소토,11
2023,06,세이셸,10
2023,06,감비아,10
2023,06,말리,9
2023,06,나미비아,9
2023,06,기니,9
2023,06,적도기니,7
2023,06,에스와티니,7
2023,06,토고,6
2023,06,베냉,6
2023,06,콩고,5
2023,06,중앙아프리카공화국,5
2023,06,카보베르데,4
2023,06,코모로,3
2023,06,시에라리온,3
2023,06,상투메프린시페,2
2023,06,모리타니,2
2023,06,니제르,2
2023,06,차드,1
2023,06,지부티,1
2023,06,에리트레아,1
2023,06,소말리아,1
2023,06,남수단공화국,1
2023,06,기타,264
2023,07,중국,218757
2023,07,일본,213960
2023,07,타이완,105188
2023,07,베트남,44765
2023,07,홍콩,39274
2023,07,필리핀,27315
2023,07,한국계중국인,25299
2023,07,태국,21133
2023,07,인도네시아,18145
2023,07,싱가포르,13424
2023,07,몽골,11733
2023,07,말레이시아,11457
2023,07,인도,11225
2023,07,카자흐스탄,5414
2023,07,우즈베키스탄,5353
2023,07,미얀마,5034
2023,07,네팔,3562
2023,07,마카오,3541
2023,07,캄보디아,3445
2023,07,튀르키예,3086
2023,07,사우디아라비아,2550
2023,07,방글라데시,2262
2023,07,스리랑카,1633
2023,07,이스라엘,1189
2023,07,파키스탄,1134
2023,07,아랍에미리트연합,941
2023,07,키르기즈,911
2023,07,라오스,834
2023,07,타지키스탄,469
2023,07,브루나이,396
2023,07,이란,302
2023,07,몰디브,260
2023,07,쿠웨이트,251
2023,07,요르단,250
2023,07,시리아,246
2023,07,카타르,232
2023,07,이라크,227
2023,07,오만,212
2023,07,티모르민주공화국,191
2023,07,투르크메니스탄,138
2023,07,키프로스,95
2023,07,레바논,93
2023,07,바레인,90
2023,07,예멘공화국,57
2023,07,팔레스타인,45
2023,07,부탄,37
2023,07,아프가니스탄,29
2023,07,미국,114075
2023,07,캐나다,18666
2023,07,브라질,2979
2023,07,멕시코,2886
2023,07,칠레,1492
2023,07,콜롬비아,799
2023,07,페루,514
2023,07,아르헨티나,454
2023,07,에콰도르,415
2023,07,온두라스,280
2023,07,엘살바도르,186
2023,07,베네수엘라,160
2023,07,도미니카공화국,135
2023,07,파나마,120
2023,07,니카라과,111
2023,07,파라과이,108
2023,07,코스타리카,106
2023,07,과테말라,93
2023,07,볼리비아,89
2023,07,자메이카,86
2023,07,우루과이,71
2023,07,세인트크리스토퍼네비스,61
2023,07,트리니다드토바고,57
2023,07,도미니카연방,48
2023,07,세인트루시아,41
2023,07,아이티,36
2023,07,세인트빈센트그레나딘,26
2023,07,그레나다,25
2023,07,벨리즈,22
2023,07,가이아나,21
2023,07,앤티카바부다,21
2023,07,바베이도스,16
2023,07,쿠바,14
2023,07,바하마,4
2023,07,수리남,3
2023,07,러시아(연방),16114
2023,07,영국,14506
2023,07,프랑스,12619
2023,07,독일,11751
2023,07,네덜란드,6887
2023,07,이탈리아,4041
2023,07,스웨덴,3654
2023,07,스페인,3651
2023,07,스위스,3510
2023,07,벨기에,2777
2023,07,폴란드,2753
2023,07,덴마크,2029
2023,07,노르웨이,1982
2023,07,오스트리아,1767
2023,07,핀란드,1699
2023,07,우크라이나,1353
2023,07,포르투갈,1286
2023,07,아일랜드,1064
2023,07,체코,1017
2023,07,루마니아,917
2023,07,헝가리,861
2023,07,그리스,642
2023,07,슬로베니아,590
2023,07,슬로바크,466
2023,07,영국보호민,464
2023,07,불가리아,367
2023,07,아제르바이잔,334
2023,07,크로아티아,334
2023,07,리투아니아,279
2023,07,세르비아,239
2023,07,아이슬란드,221
2023,07,라트비아,199
2023,07,에스토니아,177
2023,07,룩셈부르크,153
2023,07,벨라루스,118
2023,07,조지아,118
2023,07,몰타,110
2023,07,몬테네그로,109
2023,07,유고슬라비아,93
2023,07,리히텐슈타인,76
2023,07,아르메니아,42
2023,07,알바니아,39
2023,07,몰도바,28
2023,07,코소보,28
2023,07,보스니아-헤르체고비나,15
2023,07,산마리노,15
2023,07,북마케도니아,12
2023,07,영국외지민,4
2023,07,모나코,3
2023,07,안도라,3
2023,07,교황청,1
2023,07,오스트레일리아,14635
2023,07,뉴질랜드,3266
2023,07,피지,87
2023,07,사모아,27
2023,07,바누아투,25
2023,07,파푸아뉴기니,24
2023,07,키리바시,22
2023,07,마샬군도,14
2023,07,미이크로네시아,14
2023,07,팔라우,12
2023,07,솔로몬군도,6
2023,07,통가,6
2023,07,투발루,3
2023,07,남아프리카공화국,1435
2023,07,에티오피아,741
2023,07,케냐,615
2023,07,이집트,539
2023,07,모로코,421
2023,07,튀니지,347
2023,07,나이지리아,229
2023,07,리비아,229
2023,07,모리셔스,214
2023,07,마다가스카르,201
2023,07,짐바브웨,179
2023,07,가나,172
2023,07,탄자니아,155
2023,07,알제리,140
2023,07,우간다,98
2023,07,앙골라,96
2023,07,카메룬,92
2023,07,코트디부아르,92
2023,07,콩고민주공화국,68
2023,07,르완다,66
2023,07,세네갈,48
2023,07,나미비아,46
2023,07,모잠비크,43
2023,07,보츠와나,43
2023,07,잠비아,37
2023,07,라이베리아,36
2023,07,감비아,34
2023,07,부룬디,34
2023,07,부르키나파소,32
2023,07,기니,27
2023,07,레소토,24
2023,07,베냉,22
2023,07,수단,22
2023,07,콩고,21
2023,07,가봉,20
2023,07,말라위,20
2023,07,카보베르데,19
2023,07,토고,18
2023,07,말리,16
2023,07,에스와티니,15
2023,07,차드,12
2023,07,시에라리온,11
2023,07,소말리아,10
2023,07,남수단공화국,8
2023,07,상투메프린시페,8
2023,07,적도기니,8
2023,07,니제르,7
2023,07,중앙아프리카공화국,7
2023,07,기니비사우,5
2023,07,코모로,5
2023,07,세이셸,4
2023,07,모리타니,1
2023,07,지부티,1
2023,07,기타,102
2023,08,일본,267386
2023,08,중국,259943
2023,08,타이완,100709
2023,08,베트남,47247
2023,08,홍콩,42821
2023,08,한국계중국인,32868
2023,08,필리핀,25665
2023,08,인도네시아,18757
2023,08,태국,18469
2023,08,말레이시아,15639
2023,08,싱가포르,15170
2023,08,몽골,12824
2023,08,인도,11317
2023,08,우즈베키스탄,6974
2023,08,카자흐스탄,5894
2023,08,미얀마,5571
2023,08,마카오,4420
2023,08,네팔,3991
2023,08,캄보디아,3322
2023,08,튀르키예,3064
2023,08,방글라데시,2303
2023,08,스리랑카,2004
2023,08,이스라엘,1493
2023,08,사우디아라비아,1463
2023,08,파키스탄,1405
2023,08,키르기즈,1183
2023,08,라오스,991
2023,08,아랍에미리트연합,616
2023,08,브루나이,591
2023,08,쿠웨이트,489
2023,08,타지키스탄,474
2023,08,이란,349
2023,08,시리아,273
2023,08,이라크,220
2023,08,요르단,214
2023,08,티모르민주공화국,213
2023,08,몰디브,208
2023,08,카타르,175
2023,08,키프로스,142
2023,08,예멘공화국,117
2023,08,투르크메니스탄,85
2023,08,레바논,83
2023,08,오만,82
2023,08,아프가니스탄,67
2023,08,바레인,56
2023,08,부탄,49
2023,08,팔레스타인,44
2023,08,미국,91366
2023,08,캐나다,16802
2023,08,멕시코,2158
2023,08,브라질,2006
2023,08,콜롬비아,607
2023,08,칠레,437
2023,08,페루,367
2023,08,아르헨티나,335
2023,08,온두라스,257
2023,08,에콰도르,221
2023,08,베네수엘라,128
2023,08,도미니카공화국,127
2023,08,코스타리카,126
2023,08,과테말라,114
2023,08,파나마,110
2023,08,엘살바도르,108
2023,08,볼리비아,92
2023,08,자메이카,71
2023,08,세인트크리스토퍼네비스,63
2023,08,니카라과,60
2023,08,도미니카연방,48
2023,08,트리니다드토바고,46
2023,08,파라과이,45
2023,08,우루과이,32
2023,08,쿠바,30
2023,08,바베이도스,15
2023,08,가이아나,13
2023,08,수리남,13
2023,08,앤티카바부다,11
2023,08,세인트루시아,10
2023,08,벨리즈,7
2023,08,그레나다,6
2023,08,바하마,5
2023,08,아이티,5
2023,08,세인트빈센트그레나딘,2
2023,08,프랑스,16823
2023,08,러시아(연방),15073
2023,08,독일,13061
2023,08,영국,10729
2023,08,이탈리아,7449
2023,08,스페인,5468
2023,08,네덜란드,5235
2023,08,폴란드,2816
2023,08,스위스,1760
2023,08,우크라이나,1594
2023,08,벨기에,1461
2023,08,오스트리아,1348
2023,08,스웨덴,1347
2023,08,덴마크,1063
2023,08,포르투갈,1009
2023,08,핀란드,1001
2023,08,루마니아,966
2023,08,체코,952
2023,08,헝가리,858
2023,08,아일랜드,838
2023,08,그리스,830
2023,08,노르웨이,751
2023,08,영국보호민,518
2023,08,룩셈부르크,369
2023,08,불가리아,366
2023,08,크로아티아,293
2023,08,슬로바크,291
2023,08,아제르바이잔,287
2023,08,리투아니아,259
2023,08,세르비아,211
2023,08,벨라루스,185
2023,08,슬로베니아,167
2023,08,에스토니아,160
2023,08,조지아,142
2023,08,라트비아,137
2023,08,몬테네그로,127
2023,08,아이슬란드,75
2023,08,알바니아,62
2023,08,아르메니아,61
2023,08,몰타,41
2023,08,몰도바,39
2023,08,유고슬라비아,23
2023,08,보스니아-헤르체고비나,12
2023,08,코소보,10
2023,08,안도라,9
2023,08,모나코,7
2023,08,리히텐슈타인,6
2023,08,북마케도니아,4
2023,08,영국외지민,3
2023,08,산마리노,1
2023,08,오스트레일리아,12476
2023,08,뉴질랜드,2709
2023,08,피지,96
2023,08,사모아,50
2023,08,파푸아뉴기니,41
2023,08,키리바시,33
2023,08,바누아투,19
2023,08,마샬군도,14
2023,08,통가,13
2023,08,팔라우,13
2023,08,미이크로네시아,10
2023,08,투발루,10
2023,08,솔로몬군도,6
2023,08,나우루,3
2023,08,남아프리카공화국,1571
2023,08,이집트,766
2023,08,에티오피아,752
2023,08,모로코,646
2023,08,케냐,490
2023,08,마다가스카르,287
2023,08,튀니지,287
2023,08,나이지리아,244
2023,08,리비아,206
2023,08,탄자니아,188
2023,08,가나,179
2023,08,짐바브웨,145
2023,08,모리셔스,140
2023,08,우간다,136
2023,08,알제리,135
2023,08,르완다,121
2023,08,카메룬,102
2023,08,코트디부아르,76
2023,08,부룬디,51
2023,08,잠비아,46
2023,08,세네갈,45
2023,08,콩고민주공화국,44
2023,08,라이베리아,36
2023,08,모리타니,33
2023,08,수단,33
2023,08,앙골라,27
2023,08,보츠와나,26
2023,08,에스와티니,22
2023,08,말라위,20
2023,08,가봉,18
2023,08,레소토,17
2023,08,시에라리온,17
2023,08,부르키나파소,15
2023,08,기니비사우,14
2023,08,코모로,14
2023,08,기니,13
2023,08,말리,13
2023,08,세이셸,13
2023,08,모잠비크,9
2023,08,콩고,9
2023,08,감비아,8
2023,08,베냉,8
2023,08,소말리아,7
2023,08,토고,7
2023,08,남수단공화국,5
2023,08,적도기니,5
2023,08,나미비아,4
2023,08,에리트레아,4
2023,08,카보베르데,3
2023,08,차드,2
2023,08,지부티,1
2023,08,기타,119
2023,09,중국,256452
2023,09,일본,252324
2023,09,타이완,93899
2023,09,베트남,42858
2023,09,홍콩,30095
2023,09,필리핀,28190
2023,09,싱가포르,27000
2023,09,한국계중국인,26813
2023,09,태국,24709
2023,09,말레이시아,21964
2023,09,인도네시아,17026
2023,09,몽골,12497
2023,09,인도,11133
2023,09,우즈베키스탄,6761
2023,09,미얀마,5306
2023,09,카자흐스탄,5160
2023,09,튀르키예,3275
2023,09,캄보디아,3106
2023,09,마카오,2238
2023,09,스리랑카,2233
2023,09,네팔,2011
2023,09,이스라엘,1894
2023,09,방글라데시,1665
2023,09,사우디아라비아,1525
2023,09,키르기즈,1171
2023,09,파키스탄,1158
2023,09,라오스,767
2023,09,타지키스탄,552
2023,09,아랍에미리트연합,531
2023,09,이란,499
2023,09,브루나이,342
2023,09,이라크,296
2023,09,시리아,248
2023,09,요르단,231
2023,09,쿠웨이트,218
2023,09,티모르민주공화국,198
2023,09,카타르,161
2023,09,투르크메니스탄,123
2023,09,오만,102
2023,09,레바논,101
2023,09,예멘공화국,69
2023,09,키프로스,64
2023,09,바레인,56
2023,09,부탄,38
2023,09,아프가니스탄,32
2023,09,팔레스타인,30
2023,09,몰디브,28
2023,09,홍콩거주난민,1
2023,09,미국,103210
2023,09,캐나다,19121
2023,09,멕시코,2177
2023,09,브라질,1957
2023,09,콜롬비아,738
2023,09,페루,637
2023,09,칠레,568
2023,09,아르헨티나,518
2023,09,에콰도르,206
2023,09,코스타리카,194
2023,09,온두라스,193
2023,09,베네수엘라,148
2023,09,파나마,123
2023,09,도미니카공화국,116
2023,09,과테말라,93
2023,09,엘살바도르,89
2023,09,파라과이,67
2023,09,자메이카,66
2023,09,우루과이,62
2023,09,세인트크리스토퍼네비스,54
2023,09,니카라과,44
2023,09,도미니카연방,41
2023,09,볼리비아,33
2023,09,트리니다드토바고,32
2023,09,수리남,28
2023,09,그레나다,18
2023,09,세인트루시아,18
2023,09,바하마,17
2023,09,앤티카바부다,14
2023,09,가이아나,13
2023,09,바베이도스,12
2023,09,아이티,11
2023,09,쿠바,8
2023,09,세인트빈센트그레나딘,7
2023,09,벨리즈,3
2023,09,독일,14622
2023,09,러시아(연방),14486
2023,09,프랑스,12235
2023,09,영국,10705
2023,09,네덜란드,4621
2023,09,이탈리아,4382
2023,09,스페인,3556
2023,09,폴란드,3471
2023,09,스위스,2115
2023,09,벨기에,1840
2023,09,스웨덴,1622
2023,09,우크라이나,1391
2023,09,루마니아,1374
2023,09,덴마크,1319
2023,09,오스트리아,1313
2023,09,핀란드,1034
2023,09,포르투갈,945
2023,09,아일랜드,901
2023,09,체코,809
2023,09,노르웨이,797
2023,09,헝가리,646
2023,09,영국보호민,562
2023,09,불가리아,539
2023,09,그리스,536
2023,09,크로아티아,408
2023,09,리투아니아,340
2023,09,슬로바크,297
2023,09,세르비아,294
2023,09,슬로베니아,179
2023,09,아제르바이잔,161
2023,09,라트비아,159
2023,09,벨라루스,146
2023,09,조지아,141
2023,09,에스토니아,138
2023,09,몬테네그로,119
2023,09,룩셈부르크,91
2023,09,알바니아,77
2023,09,유고슬라비아,64
2023,09,아이슬란드,58
2023,09,아르메니아,38
2023,09,코소보,32
2023,09,몰타,31
2023,09,몰도바,30
2023,09,보스니아-헤르체고비나,12
2023,09,북마케도니아,12
2023,09,안도라,7
2023,09,영국외지민,7
2023,09,리히텐슈타인,5
2023,09,교황청,1
2023,09,모나코,1
2023,09,산마리노,1
2023,09,오스트레일리아,21814
2023,09,뉴질랜드,4208
2023,09,피지,80
2023,09,사모아,31
2023,09,마샬군도,22
2023,09,파푸아뉴기니,22
2023,09,키리바시,17
2023,09,팔라우,16
2023,09,솔로몬군도,14
2023,09,미이크로네시아,11
2023,09,투발루,11
2023,09,바누아투,9
2023,09,나우루,8
2023,09,통가,7
2023,09,토켈라우,2
2023,09,남아프리카공화국,1085
2023,09,에티오피아,737
2023,09,이집트,580
2023,09,모로코,403
2023,09,튀니지,348
2023,09,케냐,334
2023,09,리비아,203
2023,09,가나,194
2023,09,마다가스카르,190
2023,09,나이지리아,173
2023,09,모리셔스,153
2023,09,탄자니아,149
2023,09,짐바브웨,128
2023,09,르완다,125
2023,09,알제리,124
2023,09,앙골라,92
2023,09,우간다,81
2023,09,카메룬,73
2023,09,코트디부아르,62
2023,09,콩고민주공화국,61
2023,09,부룬디,57
2023,09,잠비아,51
2023,09,세네갈,47
2023,09,모잠비크,38
2023,09,수단,26
2023,09,기니,23
2023,09,보츠와나,21
2023,09,감비아,18
2023,09,나미비아,18
2023,09,가봉,17
2023,09,말라위,16
2023,09,말리,16
2023,09,레소토,15
2023,09,세이셸,14
2023,09,라이베리아,13
2023,09,부르키나파소,13
2023,09,베냉,11
2023,09,토고,11
2023,09,남수단공화국,10
2023,09,시에라리온,9
2023,09,상투메프린시페,8
2023,09,적도기니,8
2023,09,중앙아프리카공화국,8
2023,09,차드,8
2023,09,콩고,8
2023,09,소말리아,6
2023,09,코모로,6
2023,09,에스와티니,5
2023,09,카보베르데,5
2023,09,니제르,3
2023,09,에리트레아,3
2023,09,지부티,2
2023,09,기니비사우,1
2023,09,모리타니,1
2023,09,기타,116
2023,10,일본,257778
2023,10,중국,242466
2023,10,타이완,98651
2023,10,베트남,51618
2023,10,태국,47424
2023,10,필리핀,44276
2023,10,홍콩,40955
2023,10,싱가포르,34795
2023,10,말레이시아,33466
2023,10,한국계중국인,32237
2023,10,인도네시아,30577
2023,10,인도,19585
2023,10,몽골,10965
2023,10,우즈베키스탄,5422
2023,10,미얀마,5276
2023,10,카자흐스탄,4916
2023,10,캄보디아,4689
2023,10,튀르키예,3336
2023,10,마카오,2644
2023,10,방글라데시,2340
2023,10,스리랑카,2098
2023,10,네팔,1898
2023,10,사우디아라비아,1636
2023,10,파키스탄,1503
2023,10,라오스,1202
2023,10,이스라엘,954
2023,10,키르기즈,831
2023,10,아랍에미리트연합,730
2023,10,타지키스탄,645
2023,10,브루나이,573
2023,10,이란,395
2023,10,쿠웨이트,284
2023,10,요르단,263
2023,10,이라크,225
2023,10,카타르,222
2023,10,시리아,181
2023,10,오만,175
2023,10,레바논,119
2023,10,투르크메니스탄,112
2023,10,티모르민주공화국,105
2023,10,바레인,88
2023,10,키프로스,85
2023,10,예멘공화국,73
2023,10,부탄,47
2023,10,아프가니스탄,46
2023,10,몰디브,21
2023,10,팔레스타인,12
2023,10,영령인도양섬,2
2023,10,미국,121993
2023,10,캐나다,23006
2023,10,브라질,2863
2023,10,멕시코,2681
2023,10,콜롬비아,875
2023,10,아르헨티나,641
2023,10,칠레,636
2023,10,페루,594
2023,10,에콰도르,329
2023,10,코스타리카,312
2023,10,온두라스,255
2023,10,파나마,182
2023,10,과테말라,172
2023,10,도미니카공화국,165
2023,10,엘살바도르,164
2023,10,베네수엘라,163
2023,10,자메이카,122
2023,10,파라과이,75
2023,10,볼리비아,69
2023,10,세인트크리스토퍼네비스,63
2023,10,우루과이,61
2023,10,니카라과,57
2023,10,도미니카연방,57
2023,10,가이아나,32
2023,10,그레나다,28
2023,10,앤티카바부다,28
2023,10,세인트루시아,19
2023,10,세인트빈센트그레나딘,19
2023,10,트리니다드토바고,19
2023,10,벨리즈,16
2023,10,수리남,10
2023,10,바베이도스,8
2023,10,아이티,8
2023,10,바하마,7
2023,10,쿠바,6
2023,10,러시아(연방),16158
2023,10,프랑스,14866
2023,10,독일,14339
2023,10,영국,13657
2023,10,이탈리아,4989
2023,10,네덜란드,4882
2023,10,스페인,3772
2023,10,폴란드,3244
2023,10,스위스,2328
2023,10,스웨덴,2072
2023,10,우크라이나,1888
2023,10,덴마크,1876
2023,10,벨기에,1864
2023,10,루마니아,1720
2023,10,오스트리아,1390
2023,10,핀란드,1250
2023,10,포르투갈,1091
2023,10,노르웨이,1068
2023,10,아일랜드,1048
2023,10,그리스,987
2023,10,헝가리,946
2023,10,체코,893
2023,10,영국보호민,697
2023,10,불가리아,571
2023,10,크로아티아,539
2023,10,리투아니아,459
2023,10,슬로바크,396
2023,10,세르비아,331
2023,10,라트비아,251
2023,10,슬로베니아,222
2023,10,몬테네그로,182
2023,10,에스토니아,182
2023,10,아제르바이잔,177
2023,10,벨라루스,152
2023,10,조지아,148
2023,10,룩셈부르크,98
2023,10,알바니아,97
2023,10,아이슬란드,66
2023,10,유고슬라비아,53
2023,10,몰타,52
2023,10,몰도바,48
2023,10,아르메니아,43
2023,10,북마케도니아,25
2023,10,보스니아-헤르체고비나,21
2023,10,리히텐슈타인,12
2023,10,영국외지민,7
2023,10,코소보,7
2023,10,모나코,5
2023,10,안도라,3
2023,10,산마리노,2
2023,10,영국해외영토시민,2
2023,10,교황청,1
2023,10,오스트레일리아,20188
2023,10,뉴질랜드,4213
2023,10,피지,116
2023,10,사모아,43
2023,10,파푸아뉴기니,41
2023,10,키리바시,27
2023,10,통가,16
2023,10,마샬군도,15
2023,10,미이크로네시아,15
2023,10,팔라우,14
2023,10,솔로몬군도,12
2023,10,바누아투,11
2023,10,나우루,7
2023,10,투발루,5
2023,10,남아프리카공화국,1323
2023,10,에티오피아,726
2023,10,이집트,670
2023,10,케냐,504
2023,10,튀니지,477
2023,10,모로코,442
2023,10,짐바브웨,299
2023,10,마다가스카르,268
2023,10,가나,222
2023,10,모리셔스,214
2023,10,리비아,187
2023,10,나이지리아,185
2023,10,탄자니아,164
2023,10,콩고민주공화국,152
2023,10,세네갈,128
2023,10,알제리,111
2023,10,카메룬,97
2023,10,우간다,84
2023,10,르완다,72
2023,10,코트디부아르,38
2023,10,수단,34
2023,10,잠비아,27
2023,10,앙골라,24
2023,10,나미비아,22
2023,10,모잠비크,19
2023,10,보츠와나,17
2023,10,세이셸,17
2023,10,감비아,16
2023,10,말리,16
2023,10,부룬디,15
2023,10,에스와티니,14
2023,10,말라위,12
2023,10,부르키나파소,12
2023,10,차드,11
2023,10,기니,10
2023,10,베냉,10
2023,10,가봉,8
2023,10,토고,8
2023,10,라이베리아,7
2023,10,레소토,5
2023,10,중앙아프리카공화국,5
2023,10,에리트레아,4
2023,10,코모로,4
2023,10,니제르,3
2023,10,모리타니,3
2023,10,소말리아,3
2023,10,지부티,3
2023,10,남수단공화국,2
2023,10,카보베르데,2
2023,10,시에라리온,1
2023,10,콩고,1
2023,10,기타,179
2023,11,일본,280566
2023,11,중국,216645
2023,11,타이완,87698
2023,11,싱가포르,44540
2023,11,베트남,41625
2023,11,필리핀,40023
2023,11,홍콩,37686
2023,11,대만,30982
2023,11,말레이시아,30662
2023,11,인도네시아,25814
2023,11,한국계중국인,19511
2023,11,인도,11623
2023,11,몽골,11493
2023,11,미얀마,4833
2023,11,우즈베키스탄,4696
2023,11,카자흐스탄,4059
2023,11,캄보디아,3282
2023,11,마카오,2947
2023,11,튀르키예,2921
2023,11,네팔,2320
2023,11,사우디아라비아,1960
2023,11,방글라데시,1475
2023,11,스리랑카,1309
2023,11,파키스탄,1054
2023,11,라오스,985
2023,11,키르기즈,747
2023,11,브루나이,702
2023,11,아랍에미리트연합,620
2023,11,타지키스탄,565
2023,11,이스라엘,404
2023,11,이란,267
2023,11,쿠웨이트,252
2023,11,시리아,237
2023,11,요르단,217
2023,11,이라크,194
2023,11,카타르,149
2023,11,레바논,111
2023,11,오만,109
2023,11,투르크메니스탄,93
2023,11,바레인,83
2023,11,티모르민주공화국,65
2023,11,키프로스,58
2023,11,예멘공화국,54
2023,11,아프가니스탄,39
2023,11,부탄,31
2023,11,몰디브,25
2023,11,팔레스타인,9
2023,11,영령인도양섬,3
2023,11,홍콩거주난민,1
2023,11,미국,99785
2023,11,캐나다,19645
2023,11,브라질,2208
2023,11,멕시코,2018
2023,11,콜롬비아,592
2023,11,아르헨티나,471
2023,11,페루,466
2023,11,칠레,443
2023,11,코스타리카,170
2023,11,과테말라,150
2023,11,에콰도르,134
2023,11,베네수엘라,123
2023,11,온두라스,122
2023,11,파나마,113
2023,11,도미니카공화국,90
2023,11,자메이카,78
2023,11,엘살바도르,67
2023,11,도미니카연방,52
2023,11,세인트크리스토퍼네비스,43
2023,11,파라과이,42
2023,11,니카라과,39
2023,11,트리니다드토바고,34
2023,11,볼리비아,28
2023,11,가이아나,25
2023,11,우루과이,25
2023,11,세인트루시아,20
2023,11,바하마,19
2023,11,앤티카바부다,16
2023,11,세인트빈센트그레나딘,14
2023,11,바베이도스,13
2023,11,그레나다,12
2023,11,아이티,12
2023,11,벨리즈,10
2023,11,수리남,8
2023,11,쿠바,5
2023,11,러시아(연방),13310
2023,11,프랑스,11428
2023,11,영국,10215
2023,11,독일,9889
2023,11,이탈리아,4312
2023,11,네덜란드,3718
2023,11,스페인,3325
2023,11,폴란드,2925
2023,11,우크라이나,1662
2023,11,스웨덴,1452
2023,11,벨기에,1326
2023,11,스위스,1212
2023,11,덴마크,1157
2023,11,루마니아,1126
2023,11,핀란드,1117
2023,11,오스트리아,1038
2023,11,포르투갈,861
2023,11,체코,835
2023,11,그리스,782
2023,11,노르웨이,776
2023,11,아일랜드,735
2023,11,영국보호민,592
2023,11,헝가리,488
2023,11,크로아티아,410
2023,11,불가리아,373
2023,11,슬로바크,338
2023,11,리투아니아,302
2023,11,세르비아,198
2023,11,라트비아,195
2023,11,몬테네그로,195
2023,11,아제르바이잔,191
2023,11,에스토니아,164
2023,11,벨라루스,146
2023,11,슬로베니아,138
2023,11,조지아,78
2023,11,룩셈부르크,76
2023,11,알바니아,66
2023,11,아이슬란드,50
2023,11,유고슬라비아,40
2023,11,몰타,33
2023,11,아르메니아,25
2023,11,보스니아-헤르체고비나,20
2023,11,몰도바,18
2023,11,북마케도니아,15
2023,11,영국외지민,5
2023,11,코소보,5
2023,11,교황청,4
2023,11,산마리노,3
2023,11,리히텐슈타인,2
2023,11,모나코,2
2023,11,오스트레일리아,18779
2023,11,뉴질랜드,3645
2023,11,피지,65
2023,11,사모아,24
2023,11,파푸아뉴기니,19
2023,11,미이크로네시아,17
2023,11,바누아투,16
2023,11,팔라우,11
2023,11,마샬군도,8
2023,11,통가,8
2023,11,솔로몬군도,7
2023,11,나우루,6
2023,11,투발루,6
2023,11,키리바시,3
2023,11,에티오피아,1000
2023,11,남아프리카공화국,887
2023,11,이집트,511
2023,11,모로코,362
2023,11,케냐,309
2023,11,튀니지,249
2023,11,짐바브웨,234
2023,11,마다가스카르,151
2023,11,리비아,138
2023,11,나이지리아,133
2023,11,알제리,131
2023,11,탄자니아,129
2023,11,모리셔스,127
2023,11,가나,119
2023,11,우간다,64
2023,11,카메룬,50
2023,11,세네갈,45
2023,11,수단,38
2023,11,콩고민주공화국,27
2023,11,르완다,26
2023,11,코트디부아르,26
2023,11,가봉,17
2023,11,나미비아,16
2023,11,기니,12
2023,11,앙골라,12
2023,11,잠비아,11
2023,11,부르키나파소,10
2023,11,모잠비크,8
2023,11,시에라리온,8
2023,11,에스와티니,8
2023,11,라이베리아,7
2023,11,말라위,7
2023,11,말리,7
2023,11,카보베르데,7
2023,11,레소토,6
2023,11,모리타니,6
2023,11,보츠와나,5
2023,11,에리트레아,5
2023,11,적도기니,5
2023,11,콩고,5
2023,11,감비아,4
2023,11,소말리아,4
2023,11,토고,4
2023,11,기니비사우,3
2023,11,남수단공화국,3
2023,11,니제르,3
2023,11,베냉,3
2023,11,부룬디,3
2023,11,차드,3
2023,11,코모로,3
2023,11,세이셸,2
2023,11,중앙아프리카공화국,2
2023,11,지부티,2
2023,11,기타,194
2023,12,중국,250963
2023,12,일본,197999
2023,12,타이완,82069
2023,12,싱가포르,56482
2023,12,홍콩,42444
2023,12,베트남,36251
2023,12,필리핀,36035
2023,12,대만,34354
2023,12,말레이시아,33208
2023,12,인도네시아,27901
2023,12,한국계중국인,17497
2023,12,몽골,11537
2023,12,인도,9362
2023,12,미얀마,5859
2023,12,마카오,4754
2023,12,캄보디아,4382
2023,12,우즈베키스탄,4150
2023,12,네팔,3674
2023,12,카자흐스탄,3531
2023,12,튀르키예,2377
2023,12,스리랑카,2232
2023,12,방글라데시,1843
2023,12,브루나이,1754
2023,12,파키스탄,1308
2023,12,사우디아라비아,1229
2023,12,라오스,1220
2023,12,아랍에미리트연합,744
2023,12,키르기즈,640
2023,12,타지키스탄,424
2023,12,이스라엘,327
2023,12,이란,253
2023,12,카타르,177
2023,12,요르단,161
2023,12,쿠웨이트,152
2023,12,시리아,130
2023,12,이라크,122
2023,12,투르크메니스탄,67
2023,12,오만,61
2023,12,예멘공화국,53
2023,12,레바논,46
2023,12,키프로스,45
2023,12,부탄,38
2023,12,아프가니스탄,35
2023,12,티모르민주공화국,33
2023,12,바레인,32
2023,12,몰디브,22
2023,12,팔레스타인,7
2023,12,미국,83870
2023,12,캐나다,14870
2023,12,브라질,1733
2023,12,멕시코,1557
2023,12,콜롬비아,411
2023,12,아르헨티나,310
2023,12,페루,297
2023,12,칠레,220
2023,12,에콰도르,107
2023,12,베네수엘라,90
2023,12,과테말라,75
2023,12,코스타리카,67
2023,12,파나마,54
2023,12,엘살바도르,51
2023,12,도미니카공화국,49
2023,12,세인트크리스토퍼네비스,45
2023,12,온두라스,45
2023,12,자메이카,40
2023,12,우루과이,32
2023,12,볼리비아,27
2023,12,앤티카바부다,27
2023,12,도미니카연방,24
2023,12,파라과이,23
2023,12,트리니다드토바고,21
2023,12,니카라과,11
2023,12,그레나다,9
2023,12,세인트루시아,8
2023,12,바베이도스,6
2023,12,바하마,5
2023,12,쿠바,5
2023,12,수리남,4
2023,12,아이티,4
2023,12,가이아나,1
2023,12,벨리즈,1
2023,12,러시아(연방),12257
2023,12,프랑스,7748
2023,12,영국,7218
2023,12,독일,7205
2023,12,이탈리아,2864
2023,12,네덜란드,2612
2023,12,스페인,1877
2023,12,폴란드,1705
2023,12,우크라이나,1332
2023,12,스웨덴,1076
2023,12,스위스,909
2023,12,벨기에,900
2023,12,핀란드,830
2023,12,루마니아,718
2023,12,덴마크,646
2023,12,오스트리아,644
2023,12,포르투갈,644
2023,12,영국보호민,623
2023,12,체코,524
2023,12,아일랜드,518
2023,12,노르웨이,512
2023,12,그리스,477
2023,12,헝가리,382
2023,12,크로아티아,290
2023,12,불가리아,245
2023,12,리투아니아,204
2023,12,슬로바크,182
2023,12,라트비아,137
2023,12,아제르바이잔,117
2023,12,조지아,114
2023,12,룩셈부르크,96
2023,12,에스토니아,92
2023,12,몬테네그로,85
2023,12,세르비아,83
2023,12,벨라루스,78
2023,12,슬로베니아,69
2023,12,알바니아,37
2023,12,몰타,21
2023,12,아이슬란드,19
2023,12,보스니아-헤르체고비나,14
2023,12,몰도바,10
2023,12,아르메니아,10
2023,12,유고슬라비아,9
2023,12,모나코,8
2023,12,코소보,6
2023,12,리히텐슈타인,4
2023,12,영국외지민,4
2023,12,북마케도니아,3
2023,12,교황청,1
2023,12,오스트레일리아,22997
2023,12,뉴질랜드,4374
2023,12,피지,61
2023,12,파푸아뉴기니,28
2023,12,바누아투,16
2023,12,키리바시,14
2023,12,마샬군도,12
2023,12,팔라우,10
2023,12,미이크로네시아,7
2023,12,사모아,6
2023,12,투발루,5
2023,12,나우루,3
2023,12,솔로몬군도,3
2023,12,통가,3
2023,12,남아프리카공화국,958
2023,12,에티오피아,770
2023,12,이집트,462
2023,12,모로코,400
2023,12,튀니지,214
2023,12,리비아,122
2023,12,나이지리아,120
2023,12,가나,106
2023,12,케냐,100
2023,12,알제리,95
2023,12,탄자니아,60
2023,12,모리셔스,43
2023,12,카메룬,32
2023,12,르완다,29
2023,12,수단,27
2023,12,콩고민주공화국,26
2023,12,우간다,21
2023,12,짐바브웨,16
2023,12,코트디부아르,15
2023,12,보츠와나,13
2023,12,세네갈,13
2023,12,베냉,10
2023,12,잠비아,10
2023,12,기니,8
2023,12,가봉,7
2023,12,라이베리아,7
2023,12,에스와티니,6
2023,12,마다가스카르,5
2023,12,말리,5
2023,12,감비아,4
2023,12,말라위,4
2023,12,앙골라,4
2023,12,카보베르데,4
2023,12,모리타니,3
2023,12,모잠비크,3
2023,12,부룬디,3
2023,12,세이셸,3
2023,12,시에라리온,3
2023,12,기니비사우,2
2023,12,나미비아,2
2023,12,부르키나파소,2
2023,12,소말리아,2
2023,12,토고,2
2023,12,남수단공화국,1
2023,12,레소토,1
2023,12,중앙아프리카공화국,1
2023,12,코모로,1
2023,12,콩고,1
2023,12,기타,80
2024,01,중국,277719
2024,01,일본,146878
2024,01,타이완,95371
2024,01,필리핀,28756
2024,01,베트남,25649
2024,01,홍콩,25612
2024,01,대만,21793
2024,01,한국계중국인,20310
2024,01,인도네시아,19571
2024,01,말레이시아,17017
2024,01,싱가포르,14098
2024,01,몽골,13098
2024,01,인도,10087
2024,01,우즈베키스탄,5777
2024,01,미얀마,5191
2024,01,카자흐스탄,4290
2024,01,캄보디아,4009
2024,01,네팔,3779
2024,01,스리랑카,2343
2024,01,튀르키예,2247
2024,01,방글라데시,1777
2024,01,마카오,1598
2024,01,파키스탄,1358
2024,01,사우디아라비아,1145
2024,01,라오스,988
2024,01,키르기즈,744
2024,01,아랍에미리트연합,500
2024,01,브루나이,484
2024,01,이스라엘,472
2024,01,타지키스탄,456
2024,01,쿠웨이트,366
2024,01,이란,210
2024,01,시리아,189
2024,01,이라크,146
2024,01,티모르민주공화국,135
2024,01,요르단,129
2024,01,카타르,111
2024,01,오만,72
2024,01,투르크메니스탄,66
2024,01,키프로스,62
2024,01,예멘공화국,58
2024,01,레바논,54
2024,01,바레인,40
2024,01,부탄,31
2024,01,아프가니스탄,23
2024,01,팔레스타인,11
2024,01,몰디브,8
2024,01,미국,69680
2024,01,캐나다,13800
2024,01,브라질,1937
2024,01,멕시코,1272
2024,01,아르헨티나,449
2024,01,칠레,415
2024,01,콜롬비아,398
2024,01,페루,280
2024,01,베네수엘라,102
2024,01,에콰도르,95
2024,01,코스타리카,88
2024,01,도미니카공화국,87
2024,01,과테말라,68
2024,01,파나마,67
2024,01,파라과이,60
2024,01,세인트크리스토퍼네비스,51
2024,01,볼리비아,51
2024,01,자메이카,49
2024,01,엘살바도르,45
2024,01,우루과이,37
2024,01,온두라스,30
2024,01,도미니카연방,18
2024,01,트리니다드토바고,18
2024,01,그레나다,13
2024,01,가이아나,11
2024,01,쿠바,8
2024,01,앤티카바부다,6
2024,01,니카라과,5
2024,01,세인트루시아,5
2024,01,아이티,4
2024,01,바하마,3
2024,01,수리남,1
2024,01,벨리즈,1
2024,01,러시아(연방),12304
2024,01,영국,7088
2024,01,프랑스,6671
2024,01,독일,6650
2024,01,이탈리아,2649
2024,01,네덜란드,2514
2024,01,스페인,1767
2024,01,폴란드,1767
2024,01,우크라이나,1636
2024,01,스웨덴,1119
2024,01,스위스,1026
2024,01,핀란드,884
2024,01,오스트리아,859
2024,01,체코,832
2024,01,덴마크,779
2024,01,벨기에,725
2024,01,노르웨이,685
2024,01,루마니아,669
2024,01,아일랜드,619
2024,01,그리스,595
2024,01,포르투갈,505
2024,01,헝가리,446
2024,01,크로아티아,401
2024,01,영국보호민,388
2024,01,슬로바크,281
2024,01,불가리아,278
2024,01,라트비아,216
2024,01,리투아니아,182
2024,01,세르비아,153
2024,01,에스토니아,145
2024,01,슬로베니아,137
2024,01,조지아,126
2024,01,몬테네그로,126
2024,01,벨라루스,125
2024,01,아제르바이잔,110
2024,01,룩셈부르크,50
2024,01,아이슬란드,46
2024,01,유고슬라비아,40
2024,01,알바니아,31
2024,01,몰타,25
2024,01,아르메니아,22
2024,01,몰도바,20
2024,01,코소보,16
2024,01,영국외지민,9
2024,01,보스니아-헤르체고비나,7
2024,01,리히텐슈타인,6
2024,01,모나코,4
2024,01,북마케도니아,4
2024,01,교황청,2
2024,01,오스트레일리아,17431
2024,01,뉴질랜드,3228
2024,01,피지,35
2024,01,키리바시,19
2024,01,미이크로네시아,17
2024,01,바누아투,15
2024,01,파푸아뉴기니,10
2024,01,팔라우,9
2024,01,마샬군도,8
2024,01,투발루,7
2024,01,솔로몬군도,7
2024,01,나우루,6
2024,01,사모아,2
2024,01,통가,1
2024,01,남아프리카공화국,1088
2024,01,에티오피아,852
2024,01,이집트,428
2024,01,모로코,293
2024,01,나이지리아,203
2024,01,튀니지,169
2024,01,리비아,124
2024,01,탄자니아,108
2024,01,가나,102
2024,01,케냐,97
2024,01,알제리,95
2024,01,모리셔스,47
2024,01,우간다,47
2024,01,카메룬,39
2024,01,르완다,37
2024,01,세네갈,32
2024,01,짐바브웨,27
2024,01,부룬디,26
2024,01,코트디부아르,22
2024,01,수단,20
2024,01,잠비아,19
2024,01,콩고민주공화국,15
2024,01,가봉,15
2024,01,콩고,15
2024,01,기니,13
2024,01,말라위,13
2024,01,보츠와나,11
2024,01,라이베리아,11
2024,01,앙골라,10
2024,01,토고,9
2024,01,마다가스카르,8
2024,01,말리,8
2024,01,모잠비크,7
2024,01,감비아,6
2024,01,시에라리온,6
2024,01,소말리아,6
2024,01,레소토,6
2024,01,카보베르데,5
2024,01,세이셸,5
2024,01,에스와티니,3
2024,01,기니비사우,3
2024,01,나미비아,3
2024,01,베냉,2
2024,01,부르키나파소,2
2024,01,남수단공화국,2
2024,01,모리타니,1
2024,01,중앙아프리카공화국,1
2024,01,기타,68
2024,02,중국,343141
2024,02,일본,187103
2024,02,타이완,98817
2024,02,베트남,50654
2024,02,홍콩,35321
2024,02,한국계중국인,34119
2024,02,말레이시아,29679
2024,02,필리핀,27295
2024,02,태국,23578
2024,02,인도네시아,19716
2024,02,싱가포르,15355
2024,02,몽골,10676
2024,02,인도,9693
2024,02,우즈베키스탄,6915
2024,02,미얀마,5588
2024,02,캄보디아,4354
2024,02,카자흐스탄,4250
2024,02,네팔,3654
2024,02,마카오,3421
2024,02,방글라데시,2467
2024,02,스리랑카,2361
2024,02,튀르키예,2185
2024,02,파키스탄,1820
2024,02,라오스,1462
2024,02,사우디아라비아,1278
2024,02,키르기즈,960
2024,02,아랍에미리트연합,572
2024,02,타지키스탄,555
2024,02,브루나이,493
2024,02,이스라엘,396
2024,02,이란,249
2024,02,이라크,246
2024,02,쿠웨이트,237
2024,02,시리아,212
2024,02,티모르민주공화국,151
2024,02,요르단,134
2024,02,예멘공화국,103
2024,02,카타르,90
2024,02,투르크메니스탄,74
2024,02,레바논,66
2024,02,오만,57
2024,02,키프로스,43
2024,02,바레인,42
2024,02,아프가니스탄,33
2024,02,부탄,28
2024,02,팔레스타인,12
2024,02,몰디브,9
2024,02,홍콩거주난민,1
2024,02,미국,74346
2024,02,캐나다,14038
2024,02,브라질,1721
2024,02,멕시코,1362
2024,02,칠레,570
2024,02,콜롬비아,452
2024,02,아르헨티나,394
2024,02,페루,337
2024,02,에콰도르,156
2024,02,베네수엘라,112
2024,02,코스타리카,104
2024,02,도미니카공화국,101
2024,02,파나마,81
2024,02,과테말라,68
2024,02,엘살바도르,52
2024,02,자메이카,47
2024,02,온두라스,46
2024,02,우루과이,45
2024,02,파라과이,43
2024,02,세인트크리스토퍼네비스,37
2024,02,볼리비아,23
2024,02,쿠바,18
2024,02,니카라과,17
2024,02,도미니카연방,17
2024,02,그레나다,12
2024,02,트리니다드토바고,10
2024,02,수리남,9
2024,02,가이아나,8
2024,02,벨리즈,8
2024,02,세인트루시아,8
2024,02,아이티,8
2024,02,바베이도스,6
2024,02,앤티카바부다,4
2024,02,바하마,3
2024,02,세인트빈센트그레나딘,1
2024,02,러시아(연방),11197
2024,02,프랑스,8536
2024,02,독일,7371
2024,02,영국,7202
2024,02,네덜란드,2641
2024,02,이탈리아,2379
2024,02,폴란드,2010
2024,02,스페인,1821
2024,02,우크라이나,1784
2024,02,스위스,1031
2024,02,핀란드,947
2024,02,스웨덴,934
2024,02,벨기에,890
2024,02,오스트리아,786
2024,02,루마니아,727
2024,02,덴마크,638
2024,02,아일랜드,610
2024,02,노르웨이,605
2024,02,그리스,598
2024,02,포르투갈,590
2024,02,체코,548
2024,02,영국보호민,471
2024,02,헝가리,403
2024,02,크로아티아,327
2024,02,불가리아,271
2024,02,리투아니아,221
2024,02,라트비아,203
2024,02,슬로바크,201
2024,02,아제르바이잔,174
2024,02,세르비아,155
2024,02,에스토니아,147
2024,02,슬로베니아,138
2024,02,몬테네그로,122
2024,02,조지아,104
2024,02,벨라루스,103
2024,02,룩셈부르크,56
2024,02,알바니아,35
2024,02,유고슬라비아,34
2024,02,몰도바,28
2024,02,몰타,26
2024,02,아이슬란드,20
2024,02,아르메니아,16
2024,02,보스니아-헤르체고비나,13
2024,02,코소보,7
2024,02,영국외지민,6
2024,02,안도라,5
2024,02,리히텐슈타인,3
2024,02,교황청,1
2024,02,모나코,1
2024,02,오스트레일리아,11147
2024,02,뉴질랜드,2194
2024,02,피지,70
2024,02,키리바시,15
2024,02,미이크로네시아,13
2024,02,파푸아뉴기니,13
2024,02,나우루,9
2024,02,마샬군도,6
2024,02,바누아투,6
2024,02,통가,6
2024,02,솔로몬군도,5
2024,02,투발루,5
2024,02,팔라우,5
2024,02,사모아,4
2024,02,남아프리카공화국,1446
2024,02,에티오피아,921
2024,02,이집트,544
2024,02,모로코,336
2024,02,나이지리아,209
2024,02,튀니지,187
2024,02,리비아,178
2024,02,케냐,113
2024,02,가나,101
2024,02,알제리,99
2024,02,탄자니아,85
2024,02,부룬디,79
2024,02,르완다,67
2024,02,우간다,59
2024,02,카메룬,49
2024,02,모리셔스,44
2024,02,콩고민주공화국,30
2024,02,코트디부아르,29
2024,02,짐바브웨,27
2024,02,마다가스카르,22
2024,02,수단,22
2024,02,잠비아,21
2024,02,보츠와나,20
2024,02,기니,18
2024,02,라이베리아,18
2024,02,모잠비크,18
2024,02,가봉,17
2024,02,세네갈,15
2024,02,말라위,11
2024,02,에스와티니,11
2024,02,말리,9
2024,02,부르키나파소,9
2024,02,시에라리온,8
2024,02,레소토,7
2024,02,베냉,7
2024,02,앙골라,7
2024,02,감비아,6
2024,02,토고,6
2024,02,세이셸,4
2024,02,남수단공화국,3
2024,02,니제르,3
2024,02,모리타니,3
2024,02,소말리아,3
2024,02,지부티,3
2024,02,카보베르데,3
2024,02,콩고,3
2024,02,기니비사우,2
2024,02,나미비아,2
2024,02,적도기니,2
2024,02,중앙아프리카공화국,2
2024,02,코모로,2
2024,02,에리트레아,1
2024,02,차드,1
2024,02,기타,90
2024,03,중국,386022
2024,03,일본,341258
2024,03,타이완,117299
2024,03,베트남,61665
2024,03,필리핀,55983
2024,03,홍콩,48837
2024,03,싱가포르,38954
2024,03,태국,34669
2024,03,한국계중국인,26983
2024,03,인도네시아,26335
2024,03,말레이시아,25412
2024,03,인도,16658
2024,03,몽골,11186
2024,03,미얀마,5828
2024,03,카자흐스탄,5792
2024,03,우즈베키스탄,5321
2024,03,캄보디아,4687
2024,03,네팔,3957
2024,03,마카오,3691
2024,03,튀르키예,3360
2024,03,스리랑카,2476
2024,03,방글라데시,2125
2024,03,라오스,1992
2024,03,파키스탄,1422
2024,03,이스라엘,1104
2024,03,키르기즈,885
2024,03,사우디아라비아,635
2024,03,브루나이,548
2024,03,이란,528
2024,03,타지키스탄,504
2024,03,아랍에미리트연합,253
2024,03,시리아,247
2024,03,이라크,166
2024,03,요르단,144
2024,03,티모르민주공화국,142
2024,03,키프로스,124
2024,03,투르크메니스탄,91
2024,03,쿠웨이트,76
2024,03,레바논,68
2024,03,부탄,55
2024,03,예멘공화국,39
2024,03,오만,36
2024,03,카타르,36
2024,03,아프가니스탄,31
2024,03,바레인,25
2024,03,팔레스타인,8
2024,03,몰디브,5
2024,03,총계,150987
2024,03,미국,127595
2024,03,캐나다,23392
2024,03,총계,11381
2024,03,멕시코,3108
2024,03,브라질,3080
2024,03,콜롬비아,935
2024,03,아르헨티나,716
2024,03,칠레,607
2024,03,페루,580
2024,03,에콰도르,243
2024,03,코스타리카,234
2024,03,베네수엘라,203
2024,03,자메이카,203
2024,03,온두라스,202
2024,03,도미니카공화국,191
2024,03,파나마,141
2024,03,우루과이,134
2024,03,과테말라,128
2024,03,엘살바도르,91
2024,03,니카라과,87
2024,03,세인트크리스토퍼네비스,71
2024,03,트리니다드토바고,71
2024,03,세인트빈센트그레나딘,70
2024,03,도미니카연방,58
2024,03,세인트루시아,39
2024,03,파라과이,39
2024,03,그레나다,30
2024,03,가이아나,26
2024,03,볼리비아,26
2024,03,바베이도스,12
2024,03,앤티카바부다,12
2024,03,벨리즈,11
2024,03,아이티,11
2024,03,수리남,9
2024,03,쿠바,7
2024,03,바하마,6
2024,03,총계,110868
2024,03,독일,18755
2024,03,러시아(연방),17247
2024,03,영국,16215
2024,03,프랑스,12438
2024,03,이탈리아,5864
2024,03,스페인,4811
2024,03,네덜란드,3991
2024,03,폴란드,3409
2024,03,스위스,2702
2024,03,우크라이나,2104
2024,03,스웨덴,1912
2024,03,루마니아,1828
2024,03,덴마크,1730
2024,03,오스트리아,1666
2024,03,벨기에,1636
2024,03,노르웨이,1456
2024,03,포르투갈,1399
2024,03,핀란드,1327
2024,03,아일랜드,1312
2024,03,체코,1132
2024,03,그리스,1110
2024,03,불가리아,998
2024,03,헝가리,900
2024,03,크로아티아,709
2024,03,영국보호민,665
2024,03,리투아니아,542
2024,03,세르비아,430
2024,03,슬로바크,386
2024,03,라트비아,308
2024,03,에스토니아,252
2024,03,벨라루스,234
2024,03,몬테네그로,214
2024,03,조지아,211
2024,03,슬로베니아,193
2024,03,아제르바이잔,177
2024,03,룩셈부르크,171
2024,03,아이슬란드,88
2024,03,몰타,84
2024,03,알바니아,71
2024,03,보스니아-헤르체고비나,51
2024,03,유고슬라비아,49
2024,03,아르메니아,33
2024,03,몰도바,19
2024,03,북마케도니아,9
2024,03,안도라,7
2024,03,영국외지민,7
2024,03,모나코,6
2024,03,코소보,5
2024,03,산마리노,3
2024,03,교황청,2
2024,03,총계,27266
2024,03,오스트레일리아,23048
2024,03,뉴질랜드,4009
2024,03,피지,60
2024,03,사모아,33
2024,03,키리바시,30
2024,03,마샬군도,20
2024,03,미이크로네시아,19
2024,03,바누아투,13
2024,03,파푸아뉴기니,13
2024,03,솔로몬군도,8
2024,03,팔라우,6
2024,03,통가,5
2024,03,투발루,2
2024,03,총계,5564
2024,03,남아프리카공화국,1386
2024,03,에티오피아,948
2024,03,이집트,408
2024,03,케냐,336
2024,03,짐바브웨,287
2024,03,모로코,275
2024,03,모리셔스,219
2024,03,나이지리아,211
2024,03,튀니지,210
2024,03,가나,157
2024,03,탄자니아,157
2024,03,마다가스카르,134
2024,03,리비아,118
2024,03,알제리,79
2024,03,부룬디,70
2024,03,르완다,66
2024,03,카메룬,60
2024,03,잠비아,43
2024,03,우간다,41
2024,03,수단,35
2024,03,세네갈,33
2024,03,감비아,31
2024,03,코트디부아르,29
2024,03,보츠와나,26
2024,03,앙골라,23
2024,03,콩고민주공화국,21
2024,03,가봉,20
2024,03,모잠비크,15
2024,03,라이베리아,13
2024,03,부르키나파소,11
2024,03,말라위,10
2024,03,말리,10
2024,03,모리타니,10
2024,03,시에라리온,10
2024,03,세이셸,9
2024,03,나미비아,7
2024,03,베냉,7
2024,03,토고,7
2024,03,기니,6
2024,03,레소토,5
2024,03,카보베르데,4
2024,03,에스와티니,3
2024,03,중앙아프리카공화국,3
2024,03,남수단공화국,2
2024,03,에리트레아,2
2024,03,적도기니,2
2024,03,콩고,2
2024,03,니제르,1
2024,03,소말리아,1
2024,03,차드,1
2024,03,기타,89
2024,04,중국,408822
2024,04,일본,231551
2024,04,타이완,119288
2024,04,베트남,61110
2024,04,필리핀,51544
2024,04,태국,44547
2024,04,홍콩,42285
2024,04,인도네시아,39173
2024,04,싱가포르,32556
2024,04,말레이시아,32137
2024,04,한국계중국인,21481
2024,04,인도,17879
2024,04,몽골,9984
2024,04,캄보디아,6798
2024,04,튀르키예,6607
2024,04,미얀마,5400
2024,04,카자흐스탄,4681
2024,04,우즈베키스탄,4526
2024,04,라오스,3733
2024,04,마카오,2808
2024,04,네팔,2649
2024,04,사우디아라비아,2389
2024,04,스리랑카,2032
2024,04,방글라데시,1713
2024,04,이스라엘,1657
2024,04,파키스탄,1344
2024,04,아랍에미리트연합,982
2024,04,키르기즈,910
2024,04,브루나이,708
2024,04,타지키스탄,493
2024,04,쿠웨이트,468
2024,04,카타르,401
2024,04,이란,310
2024,04,시리아,246
2024,04,이라크,202
2024,04,요르단,176
2024,04,티모르민주공화국,175
2024,04,오만,160
2024,04,키프로스,151
2024,04,레바논,127
2024,04,투르크메니스탄,117
2024,04,바레인,115
2024,04,예멘공화국,85
2024,04,부탄,51
2024,04,아프가니스탄,38
2024,04,몰디브,28
2024,04,팔레스타인,22
2024,04,홍콩거주난민,2
2024,04,미국,129035
2024,04,캐나다,25114
2024,04,브라질,3589
2024,04,멕시코,2964
2024,04,콜롬비아,1108
2024,04,아르헨티나,848
2024,04,칠레,796
2024,04,페루,637
2024,04,에콰도르,339
2024,04,코스타리카,336
2024,04,온두라스,216
2024,04,도미니카공화국,206
2024,04,베네수엘라,203
2024,04,과테말라,179
2024,04,자메이카,173
2024,04,파나마,153
2024,04,우루과이,118
2024,04,엘살바도르,109
2024,04,파라과이,95
2024,04,세인트크리스토퍼네비스,82
2024,04,트리니다드토바고,60
2024,04,볼리비아,59
2024,04,니카라과,52
2024,04,도미니카연방,51
2024,04,가이아나,40
2024,04,세인트루시아,33
2024,04,그레나다,20
2024,04,세인트빈센트그레나딘,18
2024,04,앤티카바부다,11
2024,04,수리남,10
2024,04,쿠바,10
2024,04,바베이도스,8
2024,04,아이티,8
2024,04,바하마,7
2024,04,벨리즈,5
2024,04,프랑스,22190
2024,04,독일,21457
2024,04,러시아(연방),19703
2024,04,영국,19295
2024,04,이탈리아,6644
2024,04,네덜란드,6598
2024,04,폴란드,5249
2024,04,스페인,3777
2024,04,스위스,3060
2024,04,벨기에,2456
2024,04,스웨덴,2245
2024,04,루마니아,2159
2024,04,우크라이나,1935
2024,04,오스트리아,1746
2024,04,포르투갈,1588
2024,04,덴마크,1573
2024,04,핀란드,1418
2024,04,아일랜드,1300
2024,04,그리스,1262
2024,04,체코,1195
2024,04,헝가리,1076
2024,04,노르웨이,1061
2024,04,불가리아,812
2024,04,크로아티아,650
2024,04,영국보호민,609
2024,04,세르비아,579
2024,04,리투아니아,522
2024,04,슬로바크,494
2024,04,라트비아,332
2024,04,에스토니아,309
2024,04,슬로베니아,283
2024,04,룩셈부르크,202
2024,04,벨라루스,192
2024,04,몰타,162
2024,04,몬테네그로,160
2024,04,조지아,135
2024,04,아제르바이잔,130
2024,04,알바니아,106
2024,04,유고슬라비아,69
2024,04,아이슬란드,68
2024,04,보스니아-헤르체고비나,41
2024,04,아르메니아,36
2024,04,몰도바,23
2024,04,코소보,14
2024,04,영국외지민,10
2024,04,북마케도니아,8
2024,04,모나코,7
2024,04,리히텐슈타인,6
2024,04,안도라,4
2024,04,오스트레일리아,26675
2024,04,뉴질랜드,3993
2024,04,피지,88
2024,04,사모아,87
2024,04,파푸아뉴기니,22
2024,04,통가,19
2024,04,바누아투,17
2024,04,솔로몬군도,9
2024,04,키리바시,9
2024,04,미이크로네시아,8
2024,04,팔라우,8
2024,04,마샬군도,7
2024,04,투발루,6
2024,04,노퍽,3
2024,04,남아프리카공화국,1533
2024,04,마다가스카르,945
2024,04,에티오피아,890
2024,04,짐바브웨,570
2024,04,이집트,539
2024,04,모로코,512
2024,04,케냐,500
2024,04,튀니지,344
2024,04,모리셔스,259
2024,04,리비아,198
2024,04,앙골라,163
2024,04,가나,154
2024,04,나이지리아,152
2024,04,알제리,135
2024,04,탄자니아,101
2024,04,우간다,80
2024,04,카메룬,43
2024,04,잠비아,39
2024,04,수단,38
2024,04,세네갈,35
2024,04,감비아,31
2024,04,보츠와나,29
2024,04,나미비아,28
2024,04,모리타니,28
2024,04,르완다,26
2024,04,콩고민주공화국,25
2024,04,코트디부아르,22
2024,04,가봉,20
2024,04,라이베리아,20
2024,04,말라위,19
2024,04,부룬디,18
2024,04,말리,12
2024,04,베냉,12
2024,04,시에라리온,12
2024,04,레소토,11
2024,04,카보베르데,10
2024,04,콩고,10
2024,04,세이셸,9
2024,04,모잠비크,7
2024,04,적도기니,7
2024,04,토고,7
2024,04,기니,6
2024,04,부르키나파소,6
2024,04,에스와티니,5
2024,04,니제르,4
2024,04,지부티,4
2024,04,코모로,4
2024,04,에리트레아,3
2024,04,기니비사우,2
2024,04,남수단공화국,2
2024,04,소말리아,2
2024,04,중앙아프리카공화국,2
2024,04,차드,1
2024,05,중국,392428
2024,05,일본,281078
2024,05,타이완,118782
2024,05,필리핀,45829
2024,05,홍콩,45454
2024,05,베트남,45148
2024,05,싱가포르,37384
2024,05,인도네시아,31941
2024,05,태국,30094
2024,05,말레이시아,27509
2024,05,한국계중국인,22832
2024,05,인도,18392
2024,05,몽골,11260
2024,05,미얀마,6502
2024,05,캄보디아,5839
2024,05,카자흐스탄,4851
2024,05,우즈베키스탄,4452
2024,05,튀르키예,3948
2024,05,마카오,2922
2024,05,네팔,2811
2024,05,스리랑카,2808
2024,05,라오스,2222
2024,05,방글라데시,2076
2024,05,사우디아라비아,1926
2024,05,이스라엘,1579
2024,05,파키스탄,1414
2024,05,아랍에미리트연합,1020
2024,05,키르기즈,905
2024,05,타지키스탄,463
2024,05,브루나이,449
2024,05,이란,364
2024,05,쿠웨이트,305
2024,05,요르단,257
2024,05,시리아,208
2024,05,카타르,200
2024,05,이라크,178
2024,05,레바논,145
2024,05,오만,130
2024,05,바레인,111
2024,05,티모르민주공화국,100
2024,05,투르크메니스탄,92
2024,05,부탄,91
2024,05,키프로스,88
2024,05,예멘공화국,70
2024,05,아프가니스탄,37
2024,05,팔레스타인,21
2024,05,몰디브,13
2024,05,홍콩거주난민,1
2024,05,미국,129931
2024,05,캐나다,25112
2024,05,브라질,3072
2024,05,멕시코,2489
2024,05,콜롬비아,1165
2024,05,칠레,779
2024,05,아르헨티나,712
2024,05,페루,508
2024,05,에콰도르,250
2024,05,코스타리카,190
2024,05,베네수엘라,181
2024,05,과테말라,145
2024,05,도미니카공화국,129
2024,05,온두라스,126
2024,05,자메이카,110
2024,05,파나마,101
2024,05,우루과이,100
2024,05,엘살바도르,72
2024,05,파라과이,72
2024,05,도미니카연방,58
2024,05,트리니다드토바고,50
2024,05,세인트크리스토퍼네비스,49
2024,05,니카라과,43
2024,05,세인트루시아,34
2024,05,볼리비아,31
2024,05,그레나다,28
2024,05,가이아나,26
2024,05,앤티카바부다,14
2024,05,쿠바,13
2024,05,바베이도스,9
2024,05,세인트빈센트그레나딘,9
2024,05,수리남,8
2024,05,바하마,6
2024,05,아이티,6
2024,05,벨리즈,1
2024,05,러시아(연방),17814
2024,05,프랑스,17589
2024,05,독일,15331
2024,05,영국,13818
2024,05,네덜란드,5642
2024,05,이탈리아,5623
2024,05,폴란드,4626
2024,05,스페인,3594
2024,05,스위스,2502
2024,05,우크라이나,1991
2024,05,벨기에,1894
2024,05,스웨덴,1741
2024,05,루마니아,1637
2024,05,오스트리아,1415
2024,05,덴마크,1379
2024,05,핀란드,1375
2024,05,아일랜드,1273
2024,05,포르투갈,1251
2024,05,그리스,1076
2024,05,헝가리,951
2024,05,노르웨이,883
2024,05,체코,866
2024,05,영국보호민,602
2024,05,크로아티아,556
2024,05,슬로바크,528
2024,05,불가리아,517
2024,05,리투아니아,486
2024,05,세르비아,338
2024,05,슬로베니아,222
2024,05,라트비아,207
2024,05,에스토니아,184
2024,05,벨라루스,175
2024,05,조지아,158
2024,05,아제르바이잔,156
2024,05,몬테네그로,141
2024,05,룩셈부르크,113
2024,05,유고슬라비아,79
2024,05,알바니아,75
2024,05,몰타,61
2024,05,아이슬란드,56
2024,05,몰도바,34
2024,05,아르메니아,26
2024,05,보스니아-헤르체고비나,20
2024,05,리히텐슈타인,18
2024,05,코소보,11
2024,05,모나코,5
2024,05,영국외지민,5
2024,05,산마리노,3
2024,05,교황청,1
2024,05,북마케도니아,1
2024,05,안도라,1
2024,05,오스트레일리아,20597
2024,05,뉴질랜드,3337
2024,05,피지,86
2024,05,사모아,66
2024,05,마샬군도,27
2024,05,미이크로네시아,24
2024,05,통가,23
2024,05,파푸아뉴기니,21
2024,05,바누아투,11
2024,05,팔라우,11
2024,05,키리바시,8
2024,05,솔로몬군도,7
2024,05,투발루,4
2024,05,나우루,1
2024,05,뉴칼레도니아,1
2024,05,남아프리카공화국,1223
2024,05,에티오피아,925
2024,05,이집트,569
2024,05,모로코,530
2024,05,케냐,391
2024,05,짐바브웨,332
2024,05,탄자니아,291
2024,05,튀니지,269
2024,05,마다가스카르,203
2024,05,모리셔스,192
2024,05,리비아,186
2024,05,나이지리아,178
2024,05,가나,148
2024,05,알제리,133
2024,05,코트디부아르,83
2024,05,르완다,77
2024,05,에스와티니,69
2024,05,적도기니,65
2024,05,카메룬,58
2024,05,우간다,57
2024,05,보츠와나,45
2024,05,세네갈,39
2024,05,잠비아,39
2024,05,말라위,38
2024,05,콩고민주공화국,35
2024,05,시에라리온,32
2024,05,감비아,31
2024,05,수단,31
2024,05,모잠비크,28
2024,05,라이베리아,26
2024,05,부룬디,25
2024,05,베냉,22
2024,05,가봉,21
2024,05,기니,15
2024,05,모리타니,15
2024,05,앙골라,15
2024,05,토고,14
2024,05,말리,12
2024,05,나미비아,11
2024,05,부르키나파소,10
2024,05,중앙아프리카공화국,10
2024,05,소말리아,8
2024,05,콩고,8
2024,05,기니비사우,5
2024,05,니제르,5
2024,05,레소토,5
2024,05,세이셸,5
2024,05,에리트레아,4
2024,05,카보베르데,4
2024,05,남수단공화국,2
2024,05,지부티,2
2024,05,기타,153
2024,06,중국,396319
2024,06,일본,260943
2024,06,타이완,145988
2024,06,홍콩,54023
2024,06,베트남,53370
2024,06,필리핀,46129
2024,06,싱가포르,34226
2024,06,인도네시아,29335
2024,06,한국계중국인,21596
2024,06,태국,21215
2024,06,인도,17844
2024,06,말레이시아,16250
2024,06,몽골,13060
2024,06,미얀마,6306
2024,06,카자흐스탄,4809
2024,06,튀르키예,4775
2024,06,우즈베키스탄,4606
2024,06,사우디아라비아,3866
2024,06,마카오,3198
2024,06,캄보디아,3129
2024,06,네팔,2756
2024,06,스리랑카,2018
2024,06,방글라데시,1519
2024,06,파키스탄,1390
2024,06,라오스,1087
2024,06,키르기즈,943
2024,06,이스라엘,928
2024,06,아랍에미리트연합,764
2024,06,쿠웨이트,528
2024,06,타지키스탄,456
2024,06,브루나이,387
2024,06,이란,351
2024,06,카타르,307
2024,06,이라크,202
2024,06,오만,200
2024,06,요르단,192
2024,06,시리아,185
2024,06,티모르민주공화국,103
2024,06,레바논,101
2024,06,투르크메니스탄,98
2024,06,키프로스,86
2024,06,예멘공화국,62
2024,06,바레인,60
2024,06,부탄,59
2024,06,아프가니스탄,28
2024,06,몰디브,11
2024,06,팔레스타인,9
2024,06,미국,159042
2024,06,캐나다,20696
2024,06,멕시코,2586
2024,06,브라질,2483
2024,06,콜롬비아,933
2024,06,페루,546
2024,06,아르헨티나,499
2024,06,칠레,465
2024,06,에콰도르,194
2024,06,과테말라,185
2024,06,도미니카공화국,147
2024,06,베네수엘라,143
2024,06,온두라스,141
2024,06,자메이카,125
2024,06,파나마,106
2024,06,코스타리카,104
2024,06,파라과이,90
2024,06,엘살바도르,86
2024,06,쿠바,73
2024,06,세인트크리스토퍼네비스,66
2024,06,우루과이,65
2024,06,볼리비아,56
2024,06,트리니다드토바고,45
2024,06,그레나다,44
2024,06,니카라과,35
2024,06,도미니카연방,35
2024,06,가이아나,31
2024,06,세인트루시아,25
2024,06,세인트빈센트그레나딘,17
2024,06,앤티카바부다,15
2024,06,바베이도스,13
2024,06,아이티,12
2024,06,벨리즈,10
2024,06,바하마,7
2024,06,수리남,7
2024,06,러시아(연방),16270
2024,06,영국,11633
2024,06,프랑스,11163
2024,06,독일,10225
2024,06,이탈리아,5039
2024,06,네덜란드,3704
2024,06,폴란드,3441
2024,06,스페인,3418
2024,06,스웨덴,2342
2024,06,우크라이나,1906
2024,06,스위스,1826
2024,06,벨기에,1403
2024,06,핀란드,1342
2024,06,노르웨이,1278
2024,06,루마니아,1188
2024,06,아일랜드,1093
2024,06,포르투갈,1080
2024,06,덴마크,1057
2024,06,오스트리아,985
2024,06,체코,829
2024,06,그리스,781
2024,06,헝가리,704
2024,06,영국보호민,687
2024,06,불가리아,474
2024,06,크로아티아,446
2024,06,슬로바크,392
2024,06,리투아니아,371
2024,06,세르비아,232
2024,06,라트비아,219
2024,06,에스토니아,178
2024,06,슬로베니아,171
2024,06,아제르바이잔,159
2024,06,조지아,156
2024,06,벨라루스,150
2024,06,몬테네그로,130
2024,06,아이슬란드,85
2024,06,룩셈부르크,77
2024,06,알바니아,68
2024,06,몰타,40
2024,06,유고슬라비아,37
2024,06,몰도바,28
2024,06,아르메니아,25
2024,06,안도라,17
2024,06,보스니아-헤르체고비나,15
2024,06,코소보,11
2024,06,리히텐슈타인,7
2024,06,북마케도니아,7
2024,06,영국외지민,2
2024,06,오스트레일리아,19513
2024,06,뉴질랜드,3225
2024,06,피지,77
2024,06,미이크로네시아,42
2024,06,파푸아뉴기니,24
2024,06,사모아,23
2024,06,키리바시,19
2024,06,마샬군도,11
2024,06,바누아투,11
2024,06,팔라우,10
2024,06,솔로몬군도,9
2024,06,투발루,9
2024,06,나우루,8
2024,06,통가,8
2024,06,남아프리카공화국,1281
2024,06,에티오피아,895
2024,06,이집트,596
2024,06,케냐,522
2024,06,모로코,395
2024,06,튀니지,227
2024,06,가나,223
2024,06,짐바브웨,220
2024,06,나이지리아,188
2024,06,탄자니아,175
2024,06,마다가스카르,166
2024,06,모리셔스,150
2024,06,에스와티니,142
2024,06,리비아,135
2024,06,알제리,126
2024,06,우간다,126
2024,06,모잠비크,107
2024,06,코트디부아르,86
2024,06,르완다,64
2024,06,카메룬,62
2024,06,적도기니,61
2024,06,세네갈,52
2024,06,말라위,48
2024,06,보츠와나,48
2024,06,콩고민주공화국,41
2024,06,토고,41
2024,06,모리타니,40
2024,06,라이베리아,38
2024,06,수단,34
2024,06,앙골라,33
2024,06,감비아,31
2024,06,잠비아,31
2024,06,레소토,29
2024,06,세이셸,28
2024,06,코모로,24
2024,06,나미비아,22
2024,06,부룬디,22
2024,06,중앙아프리카공화국,20
2024,06,가봉,19
2024,06,기니비사우,18
2024,06,남수단공화국,18
2024,06,에리트레아,17
2024,06,콩고,17
2024,06,소말리아,16
2024,06,카보베르데,16
2024,06,지부티,15
2024,06,상투메프린시페,12
2024,06,말리,11
2024,06,베냉,11
2024,06,부르키나파소,11
2024,06,차드,10
2024,06,기니,9
2024,06,시에라리온,7
2024,06,니제르,1
2024,06,기타,113
2024,07,중국,457807
2024,07,일본,245667
2024,07,타이완,144637
2024,07,홍콩,57981
2024,07,베트남,51617
2024,07,필리핀,35688
2024,07,한국계중국인,24534
2024,07,인도네시아,23045
2024,07,타이,19258
2024,07,인도,14512
2024,07,싱가포르,14151
2024,07,몽골,13190
2024,07,말레이시아,12393
2024,07,미얀마,6242
2024,07,마카오,5757
2024,07,카자흐스탄,5643
2024,07,우즈베키스탄,5572
2024,07,튀르키예,4363
2024,07,캄보디아,4043
2024,07,사우디아라비아,3395
2024,07,네팔,3050
2024,07,스리랑카,2414
2024,07,방글라데시,2313
2024,07,파키스탄,1660
2024,07,라오스,1421
2024,07,이스라엘,1148
2024,07,아랍에미리트연합,1109
2024,07,키르기즈,982
2024,07,타지키스탄,522
2024,07,쿠웨이트,396
2024,07,브루나이,353
2024,07,이란,351
2024,07,카타르,298
2024,07,이라크,268
2024,07,요르단,263
2024,07,오만,248
2024,07,티모르민주공화국,182
2024,07,시리아,173
2024,07,예멘공화국,110
2024,07,투르크메니스탄,108
2024,07,레바논,94
2024,07,키프로스,83
2024,07,몰디브,74
2024,07,바레인,69
2024,07,아프가니스탄,34
2024,07,부탄,29
2024,07,팔레스타인,27
2024,07,홍콩거주난민,1
2024,07,미국,129211
2024,07,캐나다,24288
2024,07,멕시코,3950
2024,07,브라질,2752
2024,07,콜롬비아,963
2024,07,아르헨티나,572
2024,07,페루,483
2024,07,칠레,475
2024,07,에콰도르,308
2024,07,우루과이,257
2024,07,베네수엘라,158
2024,07,파나마,151
2024,07,과테말라,145
2024,07,자메이카,141
2024,07,온두라스,132
2024,07,코스타리카,129
2024,07,엘살바도르,117
2024,07,도미니카공화국,106
2024,07,파라과이,98
2024,07,세인트크리스토퍼네비스,72
2024,07,니카라과,58
2024,07,도미니카연방,52
2024,07,트리니다드토바고,43
2024,07,그레나다,41
2024,07,볼리비아,26
2024,07,세인트루시아,24
2024,07,앤티카바부다,23
2024,07,바하마,19
2024,07,가이아나,16
2024,07,바베이도스,16
2024,07,세인트빈센트그레나딘,11
2024,07,수리남,11
2024,07,벨리즈,10
2024,07,아이티,7
2024,07,쿠바,7
2024,07,러시아(연방),21478
2024,07,프랑스,14226
2024,07,영국,11500
2024,07,독일,10785
2024,07,네덜란드,5649
2024,07,이탈리아,4696
2024,07,스페인,4271
2024,07,폴란드,3548
2024,07,스위스,2745
2024,07,벨기에,2012
2024,07,스웨덴,1876
2024,07,우크라이나,1760
2024,07,덴마크,1707
2024,07,노르웨이,1624
2024,07,오스트리아,1535
2024,07,루마니아,1163
2024,07,핀란드,1018
2024,07,포르투갈,1004
2024,07,아일랜드,1000
2024,07,체코,962
2024,07,그리스,878
2024,07,헝가리,693
2024,07,영국보호민,569
2024,07,크로아티아,458
2024,07,슬로바크,434
2024,07,불가리아,423
2024,07,리투아니아,323
2024,07,아제르바이잔,319
2024,07,세르비아,254
2024,07,슬로베니아,184
2024,07,라트비아,179
2024,07,룩셈부르크,161
2024,07,벨라루스,156
2024,07,조지아,147
2024,07,몬테네그로,143
2024,07,에스토니아,127
2024,07,몰타,91
2024,07,알바니아,66
2024,07,아이슬란드,59
2024,07,몰도바,38
2024,07,유고슬라비아,30
2024,07,아르메니아,27
2024,07,북마케도니아,11
2024,07,모나코,9
2024,07,보스니아-헤르체고비나,8
2024,07,안도라,8
2024,07,코소보,7
2024,07,리히텐슈타인,5
2024,07,영국외지민,4
2024,07,교황청,1
2024,07,산마리노,1
2024,07,오스트레일리아,16410
2024,07,뉴질랜드,2736
2024,07,피지,123
2024,07,바누아투,112
2024,07,파푸아뉴기니,47
2024,07,솔로몬군도,38
2024,07,미이크로네시아,32
2024,07,키리바시,18
2024,07,통가,16
2024,07,마샬군도,14
2024,07,사모아,14
2024,07,팔라우,14
2024,07,나우루,13
2024,07,투발루,4
2024,07,남아프리카공화국,1341
2024,07,에티오피아,876
2024,07,이집트,527
2024,07,모로코,404
2024,07,케냐,401
2024,07,가나,285
2024,07,튀니지,244
2024,07,리비아,201
2024,07,짐바브웨,198
2024,07,탄자니아,162
2024,07,알제리,158
2024,07,나이지리아,153
2024,07,모리셔스,101
2024,07,우간다,91
2024,07,코트디부아르,89
2024,07,마다가스카르,84
2024,07,카메룬,68
2024,07,르완다,55
2024,07,세네갈,50
2024,07,수단,47
2024,07,콩고민주공화국,36
2024,07,베냉,30
2024,07,기니,29
2024,07,가봉,28
2024,07,라이베리아,26
2024,07,모잠비크,25
2024,07,토고,24
2024,07,잠비아,23
2024,07,앙골라,22
2024,07,말리,20
2024,07,부룬디,20
2024,07,보츠와나,19
2024,07,에스와티니,18
2024,07,감비아,14
2024,07,말라위,13
2024,07,나미비아,12
2024,07,부르키나파소,10
2024,07,세이셸,10
2024,07,시에라리온,8
2024,07,적도기니,8
2024,07,콩고,8
2024,07,중앙아프리카공화국,6
2024,07,카보베르데,6
2024,07,레소토,5
2024,07,모리타니,4
2024,07,소말리아,4
2024,07,남수단공화국,3
2024,07,니제르,3
2024,07,기타,106
2024,08,중국,510728
2024,08,일본,327711
2024,08,타이완,150714
2024,08,홍콩,61592
2024,08,베트남,54654
2024,08,필리핀,36843
2024,08,한국계중국인,31323
2024,08,인도네시아,24573
2024,08,타이,18232
2024,08,싱가포르,17369
2024,08,인도,16038
2024,08,몽골,14298
2024,08,말레이시아,13042
2024,08,미얀마,8092
2024,08,우즈베키스탄,7752
2024,08,카자흐스탄,6768
2024,08,마카오,6541
2024,08,네팔,4918
2024,08,튀르키예,4628
2024,08,캄보디아,3534
2024,08,방글라데시,3133
2024,08,스리랑카,3020
2024,08,파키스탄,1962
2024,08,사우디아라비아,1596
2024,08,키르기즈,1466
2024,08,라오스,1397
2024,08,이스라엘,1275
2024,08,쿠웨이트,759
2024,08,이란,735
2024,08,아랍에미리트연합,684
2024,08,브루나이,607
2024,08,타지키스탄,527
2024,08,요르단,290
2024,08,이라크,251
2024,08,카타르,239
2024,08,시리아,238
2024,08,오만,205
2024,08,티모르민주공화국,185
2024,08,키프로스,151
2024,08,투르크메니스탄,147
2024,08,예멘공화국,109
2024,08,레바논,91
2024,08,아프가니스탄,63
2024,08,바레인,60
2024,08,부탄,47
2024,08,몰디브,28
2024,08,팔레스타인,25
2024,08,미국,111326
2024,08,캐나다,23232
2024,08,멕시코,8233
2024,08,브라질,2490
2024,08,콜롬비아,952
2024,08,아르헨티나,588
2024,08,칠레,565
2024,08,페루,531
2024,08,에콰도르,263
2024,08,도미니카공화국,226
2024,08,베네수엘라,186
2024,08,엘살바도르,158
2024,08,코스타리카,149
2024,08,자메이카,144
2024,08,온두라스,140
2024,08,과테말라,134
2024,08,파나마,85
2024,08,파라과이,73
2024,08,니카라과,72
2024,08,볼리비아,68
2024,08,세인트크리스토퍼네비스,68
2024,08,트리니다드토바고,66
2024,08,우루과이,63
2024,08,도미니카연방,61
2024,08,쿠바,50
2024,08,그레나다,37
2024,08,가이아나,36
2024,08,세인트빈센트그레나딘,26
2024,08,세인트루시아,22
2024,08,바하마,17
2024,08,아이티,17
2024,08,바베이도스,16
2024,08,앤티카바부다,14
2024,08,벨리즈,6
2024,08,수리남,5
2024,08,러시아(연방),19827
2024,08,프랑스,18796
2024,08,독일,14700
2024,08,영국,13906
2024,08,이탈리아,9376
2024,08,스페인,7181
2024,08,네덜란드,5941
2024,08,폴란드,4402
2024,08,스위스,2383
2024,08,우크라이나,1911
2024,08,벨기에,1804
2024,08,오스트리아,1612
2024,08,포르투갈,1534
2024,08,스웨덴,1477
2024,08,루마니아,1378
2024,08,덴마크,1377
2024,08,그리스,1072
2024,08,아일랜드,1070
2024,08,핀란드,983
2024,08,체코,900
2024,08,노르웨이,857
2024,08,헝가리,821
2024,08,영국보호민,590
2024,08,불가리아,549
2024,08,슬로바크,514
2024,08,크로아티아,503
2024,08,리투아니아,400
2024,08,아제르바이잔,320
2024,08,세르비아,273
2024,08,라트비아,235
2024,08,룩셈부르크,230
2024,08,슬로베니아,219
2024,08,벨라루스,214
2024,08,조지아,177
2024,08,에스토니아,153
2024,08,몬테네그로,141
2024,08,몰타,114
2024,08,알바니아,75
2024,08,아이슬란드,51
2024,08,몰도바,43
2024,08,유고슬라비아,43
2024,08,아르메니아,38
2024,08,보스니아-헤르체고비나,16
2024,08,코소보,11
2024,08,북마케도니아,9
2024,08,리히텐슈타인,6
2024,08,안도라,5
2024,08,영국외지민,4
2024,08,모나코,3
2024,08,교황청,2
2024,08,산마리노,2
2024,08,오스트레일리아,14926
2024,08,뉴질랜드,2885
2024,08,피지,58
2024,08,사모아,32
2024,08,키리바시,29
2024,08,바누아투,20
2024,08,미이크로네시아,19
2024,08,솔로몬군도,18
2024,08,통가,18
2024,08,파푸아뉴기니,18
2024,08,투발루,12
2024,08,마샬군도,11
2024,08,팔라우,7
2024,08,나우루,3
2024,08,남아프리카공화국,2279
2024,08,에티오피아,1009
2024,08,모로코,765
2024,08,이집트,635
2024,08,케냐,409
2024,08,튀니지,309
2024,08,나이지리아,263
2024,08,짐바브웨,251
2024,08,알제리,230
2024,08,가나,213
2024,08,리비아,205
2024,08,탄자니아,194
2024,08,르완다,165
2024,08,마다가스카르,142
2024,08,모리셔스,136
2024,08,우간다,131
2024,08,부룬디,71
2024,08,카메룬,71
2024,08,콩고민주공화국,56
2024,08,모잠비크,49
2024,08,코트디부아르,49
2024,08,수단,44
2024,08,잠비아,41
2024,08,가봉,36
2024,08,세네갈,32
2024,08,말라위,30
2024,08,앙골라,29
2024,08,감비아,27
2024,08,보츠와나,23
2024,08,토고,19
2024,08,기니,17
2024,08,베냉,17
2024,08,말리,16
2024,08,시에라리온,16
2024,08,중앙아프리카공화국,14
2024,08,라이베리아,12
2024,08,부르키나파소,11
2024,08,콩고,11
2024,08,에스와티니,10
2024,08,나미비아,9
2024,08,레소토,8
2024,08,세이셸,8
2024,08,소말리아,7
2024,08,카보베르데,7
2024,08,코모로,4
2024,08,남수단공화국,3
2024,08,니제르,3
2024,08,차드,3
2024,08,기니비사우,2
2024,08,모리타니,1
2024,08,적도기니,1
2024,08,기타,87
2024,09,중국,422105
2024,09,일본,313618
2024,09,타이완,128314
2024,09,베트남,51746
2024,09,필리핀,41532
2024,09,홍콩,39815
2024,09,말레이시아,29500
2024,09,한국계중국인,29391
2024,09,인도네시아,27525
2024,09,싱가포르,26113
2024,09,타이,20121
2024,09,인도,17275
2024,09,몽골,15384
2024,09,우즈베키스탄,8054
2024,09,미얀마,7565
2024,09,카자흐스탄,5243
2024,09,튀르키예,4272
2024,09,네팔,3743
2024,09,캄보디아,3532
2024,09,스리랑카,2859
2024,09,마카오,2826
2024,09,방글라데시,2693
2024,09,파키스탄,1767
2024,09,이스라엘,1650
2024,09,사우디아라비아,1638
2024,09,키르기즈,1455
2024,09,라오스,1404
2024,09,아랍에미리트연합,630
2024,09,타지키스탄,581
2024,09,이란,486
2024,09,브루나이,406
2024,09,티모르민주공화국,367
2024,09,쿠웨이트,323
2024,09,요르단,295
2024,09,시리아,275
2024,09,오만,202
2024,09,이라크,186
2024,09,카타르,180
2024,09,키프로스,130
2024,09,투르크메니스탄,120
2024,09,레바논,113
2024,09,예멘공화국,111
2024,09,바레인,89
2024,09,부탄,77
2024,09,팔레스타인,57
2024,09,아프가니스탄,44
2024,09,몰디브,35
2024,09,미국,117734
2024,09,캐나다,23264
2024,09,멕시코,8382
2024,09,브라질,2831
2024,09,콜롬비아,1298
2024,09,아르헨티나,792
2024,09,칠레,788
2024,09,페루,606
2024,09,에콰도르,355
2024,09,코스타리카,251
2024,09,베네수엘라,213
2024,09,온두라스,196
2024,09,과테말라,173
2024,09,도미니카공화국,160
2024,09,엘살바도르,136
2024,09,자메이카,124
2024,09,파나마,115
2024,09,볼리비아,95
2024,09,도미니카연방,63
2024,09,파라과이,62
2024,09,트리니다드토바고,61
2024,09,세인트크리스토퍼네비스,57
2024,09,우루과이,57
2024,09,니카라과,40
2024,09,가이아나,32
2024,09,바하마,25
2024,09,바베이도스,19
2024,09,세인트루시아,19
2024,09,그레나다,16
2024,09,세인트빈센트그레나딘,16
2024,09,아이티,15
2024,09,쿠바,15
2024,09,수리남,14
2024,09,앤티카바부다,11
2024,09,벨리즈,4
2024,09,러시아(연방),19061
2024,09,독일,16997
2024,09,프랑스,14402
2024,09,영국,13708
2024,09,이탈리아,5789
2024,09,네덜란드,5254
2024,09,폴란드,5203
2024,09,스페인,5004
2024,09,스위스,2801
2024,09,벨기에,2238
2024,09,우크라이나,2129
2024,09,스웨덴,1993
2024,09,오스트리아,1668
2024,09,루마니아,1584
2024,09,덴마크,1542
2024,09,포르투갈,1316
2024,09,아일랜드,1268
2024,09,핀란드,1208
2024,09,노르웨이,1173
2024,09,체코,949
2024,09,그리스,946
2024,09,헝가리,818
2024,09,불가리아,694
2024,09,크로아티아,624
2024,09,영국보호민,570
2024,09,슬로바크,538
2024,09,세르비아,449
2024,09,리투아니아,446
2024,09,라트비아,330
2024,09,벨라루스,244
2024,09,슬로베니아,234
2024,09,에스토니아,223
2024,09,몬테네그로,207
2024,09,아제르바이잔,202
2024,09,조지아,190
2024,09,룩셈부르크,148
2024,09,유고슬라비아,103
2024,09,알바니아,102
2024,09,몰타,87
2024,09,아이슬란드,73
2024,09,몰도바,58
2024,09,아르메니아,55
2024,09,코소보,43
2024,09,보스니아-헤르체고비나,19
2024,09,리히텐슈타인,8
2024,09,산마리노,8
2024,09,영국외지민,8
2024,09,안도라,4
2024,09,모나코,3
2024,09,교황청,1
2024,09,오스트레일리아,22583
2024,09,뉴질랜드,3718
2024,09,피지,99
2024,09,사모아,62
2024,09,파푸아뉴기니,32
2024,09,미이크로네시아,29
2024,09,키리바시,23
2024,09,통가,23
2024,09,바누아투,18
2024,09,솔로몬군도,14
2024,09,마샬군도,12
2024,09,투발루,12
2024,09,팔라우,7
2024,09,남아프리카공화국,1644
2024,09,에티오피아,941
2024,09,이집트,820
2024,09,케냐,557
2024,09,모로코,545
2024,09,가나,331
2024,09,나이지리아,308
2024,09,튀니지,295
2024,09,짐바브웨,267
2024,09,마다가스카르,212
2024,09,알제리,201
2024,09,리비아,182
2024,09,탄자니아,169
2024,09,모리셔스,145
2024,09,우간다,131
2024,09,르완다,121
2024,09,코트디부아르,116
2024,09,카메룬,90
2024,09,세네갈,79
2024,09,잠비아,58
2024,09,콩고민주공화국,56
2024,09,부룬디,55
2024,09,수단,55
2024,09,가봉,42
2024,09,앙골라,40
2024,09,모잠비크,32
2024,09,부르키나파소,31
2024,09,보츠와나,29
2024,09,말라위,22
2024,09,시에라리온,22
2024,09,나미비아,21
2024,09,베냉,21
2024,09,감비아,19
2024,09,라이베리아,17
2024,09,말리,17
2024,09,기니,15
2024,09,모리타니,14
2024,09,토고,14
2024,09,에스와티니,13
2024,09,세이셸,10
2024,09,니제르,9
2024,09,차드,7
2024,09,콩고,6
2024,09,남수단공화국,5
2024,09,레소토,5
2024,09,소말리아,4
2024,09,에리트레아,3
2024,09,중앙아프리카공화국,3
2024,09,카보베르데,3
2024,09,기니비사우,2
2024,09,적도기니,2
2024,09,지부티,2
2024,09,기타,146
2024,10,중국,390306
2024,10,일본,326035
2024,10,타이완,135183
2024,10,필리핀,59677
2024,10,베트남,54304
2024,10,홍콩,52005
2024,10,타이,41305
2024,10,싱가포르,40940
2024,10,말레이시아,37176
2024,10,인도네시아,34569
2024,10,한국계중국인,23614
2024,10,인도,16761
2024,10,몽골,13096
2024,10,미얀마,7016
2024,10,카자흐스탄,5235
2024,10,우즈베키스탄,5115
2024,10,캄보디아,4912
2024,10,튀르키예,4638
2024,10,마카오,3305
2024,10,네팔,2987
2024,10,이스라엘,2821
2024,10,스리랑카,2052
2024,10,방글라데시,1848
2024,10,사우디아라비아,1798
2024,10,라오스,1680
2024,10,파키스탄,1283
2024,10,키르기즈,1026
2024,10,타지키스탄,859
2024,10,아랍에미리트연합,840
2024,10,브루나이,598
2024,10,쿠웨이트,465
2024,10,이라크,315
2024,10,이란,312
2024,10,요르단,265
2024,10,카타르,264
2024,10,시리아,238
2024,10,바레인,204
2024,10,오만,193
2024,10,키프로스,131
2024,10,레바논,117
2024,10,예멘공화국,108
2024,10,티모르민주공화국,98
2024,10,부탄,82
2024,10,투르크메니스탄,77
2024,10,팔레스타인,41
2024,10,몰디브,36
2024,10,아프가니스탄,34
2024,10,총계,179476
2024,10,미국,150156
2024,10,캐나다,29320
2024,10,총계,21660
2024,10,멕시코,10485
2024,10,브라질,4219
2024,10,콜롬비아,1647
2024,10,아르헨티나,913
2024,10,칠레,792
2024,10,페루,609
2024,10,에콰도르,475
2024,10,코스타리카,326
2024,10,과테말라,256
2024,10,베네수엘라,234
2024,10,파나마,208
2024,10,도미니카공화국,201
2024,10,온두라스,180
2024,10,자메이카,163
2024,10,파라과이,154
2024,10,우루과이,104
2024,10,엘살바도르,89
2024,10,트리니다드토바고,79
2024,10,세인트크리스토퍼네비스,75
2024,10,도미니카연방,63
2024,10,쿠바,56
2024,10,볼리비아,45
2024,10,그레나다,44
2024,10,세인트루시아,42
2024,10,니카라과,39
2024,10,가이아나,35
2024,10,바하마,33
2024,10,세인트빈센트그레나딘,22
2024,10,앤티카바부다,22
2024,10,수리남,16
2024,10,아이티,16
2024,10,바베이도스,13
2024,10,벨리즈,5
2024,10,총계,129617
2024,10,러시아(연방),21402
2024,10,프랑스,19277
2024,10,독일,17854
2024,10,영국,16882
2024,10,이탈리아,6870
2024,10,네덜란드,5955
2024,10,스페인,5427
2024,10,폴란드,4693
2024,10,스위스,3350
2024,10,스웨덴,2411
2024,10,벨기에,2358
2024,10,우크라이나,2246
2024,10,덴마크,2078
2024,10,루마니아,1993
2024,10,오스트리아,1634
2024,10,포르투갈,1552
2024,10,핀란드,1495
2024,10,아일랜드,1467
2024,10,체코,1285
2024,10,헝가리,1164
2024,10,노르웨이,1130
2024,10,그리스,971
2024,10,불가리아,772
2024,10,크로아티아,689
2024,10,영국보호민,686
2024,10,리투아니아,591
2024,10,슬로바크,502
2024,10,세르비아,493
2024,10,라트비아,379
2024,10,에스토니아,290
2024,10,슬로베니아,238
2024,10,벨라루스,235
2024,10,조지아,224
2024,10,몬테네그로,195
2024,10,아제르바이잔,167
2024,10,룩셈부르크,158
2024,10,알바니아,98
2024,10,몰타,95
2024,10,몰도바,75
2024,10,아이슬란드,71
2024,10,유고슬라비아,54
2024,10,아르메니아,39
2024,10,리히텐슈타인,19
2024,10,보스니아-헤르체고비나,15
2024,10,코소보,14
2024,10,북마케도니아,9
2024,10,영국외지민,5
2024,10,산마리노,4
2024,10,안도라,4
2024,10,모나코,2
2024,10,총계,32196
2024,10,오스트레일리아,26914
2024,10,뉴질랜드,4899
2024,10,피지,113
2024,10,파푸아뉴기니,84
2024,10,미이크로네시아,54
2024,10,사모아,36
2024,10,솔로몬군도,17
2024,10,바누아투,15
2024,10,마샬군도,12
2024,10,키리바시,12
2024,10,통가,12
2024,10,나우루,11
2024,10,팔라우,10
2024,10,투발루,7
2024,10,총계,7350
2024,10,남아프리카공화국,1674
2024,10,에티오피아,939
2024,10,이집트,707
2024,10,모로코,560
2024,10,케냐,486
2024,10,짐바브웨,333
2024,10,튀니지,323
2024,10,리비아,240
2024,10,나이지리아,239
2024,10,가나,233
2024,10,알제리,206
2024,10,모리셔스,204
2024,10,탄자니아,152
2024,10,마다가스카르,145
2024,10,우간다,96
2024,10,코트디부아르,88
2024,10,카메룬,81
2024,10,르완다,69
2024,10,세네갈,61
2024,10,에스와티니,57
2024,10,콩고민주공화국,56
2024,10,보츠와나,39
2024,10,앙골라,34
2024,10,잠비아,30
2024,10,수단,29
2024,10,레소토,23
2024,10,감비아,21
2024,10,부룬디,18
2024,10,콩고,18
2024,10,토고,18
2024,10,가봉,17
2024,10,베냉,16
2024,10,나미비아,15
2024,10,라이베리아,13
2024,10,모잠비크,13
2024,10,말라위,11
2024,10,말리,11
2024,10,기니,10
2024,10,모리타니,9
2024,10,부르키나파소,9
2024,10,적도기니,8
2024,10,소말리아,7
2024,10,시에라리온,6
2024,10,지부티,6
2024,10,남수단공화국,5
2024,10,에리트레아,3
2024,10,코모로,3
2024,10,기니비사우,2
2024,10,세이셸,2
2024,10,중앙아프리카공화국,2
2024,10,니제르,1
2024,10,차드,1
2024,10,카보베르데,1
2024,10,기타,169
2024,11,일본,343826
2024,11,중국,297926
2024,11,타이완,121248
2024,11,필리핀,51570
2024,11,홍콩,46366
2024,11,베트남,45653
2024,11,싱가포르,43682
2024,11,말레이시아,30766
2024,11,타이,30084
2024,11,인도네시아,29319
2024,11,한국계중국인,18891
2024,11,인도,13145
2024,11,몽골,12030
2024,11,미얀마,6595
2024,11,우즈베키스탄,4942
2024,11,카자흐스탄,4356
2024,11,캄보디아,3862
2024,11,마카오,3618
2024,11,네팔,3611
2024,11,튀르키예,3399
2024,11,사우디아라비아,2502
2024,11,스리랑카,2045
2024,11,방글라데시,1814
2024,11,라오스,1544
2024,11,이스라엘,1380
2024,11,파키스탄,1300
2024,11,키르기즈,897
2024,11,브루나이,787
2024,11,아랍에미리트연합,774
2024,11,타지키스탄,488
2024,11,쿠웨이트,322
2024,11,이란,308
2024,11,요르단,247
2024,11,카타르,212
2024,11,이라크,208
2024,11,시리아,175
2024,11,오만,165
2024,11,티모르민주공화국,144
2024,11,키프로스,100
2024,11,부탄,91
2024,11,레바논,87
2024,11,예멘공화국,86
2024,11,투르크메니스탄,86
2024,11,바레인,52
2024,11,몰디브,32
2024,11,팔레스타인,27
2024,11,아프가니스탄,18
2024,11,미국,115359
2024,11,캐나다,19300
2024,11,멕시코,8068
2024,11,브라질,3183
2024,11,콜롬비아,1132
2024,11,칠레,669
2024,11,아르헨티나,533
2024,11,페루,439
2024,11,코스타리카,262
2024,11,에콰도르,238
2024,11,과테말라,178
2024,11,파나마,165
2024,11,베네수엘라,153
2024,11,도미니카공화국,120
2024,11,온두라스,118
2024,11,자메이카,96
2024,11,트리니다드토바고,71
2024,11,엘살바도르,63
2024,11,파라과이,60
2024,11,세인트크리스토퍼네비스,58
2024,11,도미니카연방,50
2024,11,우루과이,49
2024,11,볼리비아,44
2024,11,세인트루시아,26
2024,11,니카라과,24
2024,11,그레나다,20
2024,11,바하마,17
2024,11,앤티카바부다,14
2024,11,쿠바,14
2024,11,바베이도스,13
2024,11,벨리즈,11
2024,11,가이아나,9
2024,11,세인트빈센트그레나딘,6
2024,11,수리남,5
2024,11,아이티,5
2024,11,러시아(연방),15353
2024,11,프랑스,12838
2024,11,영국,11170
2024,11,독일,10799
2024,11,이탈리아,5469
2024,11,네덜란드,4398
2024,11,스페인,4198
2024,11,폴란드,3734
2024,11,우크라이나,1878
2024,11,스웨덴,1683
2024,11,스위스,1657
2024,11,벨기에,1511
2024,11,덴마크,1316
2024,11,포르투갈,1276
2024,11,오스트리아,1176
2024,11,핀란드,1171
2024,11,루마니아,1096
2024,11,그리스,1035
2024,11,아일랜드,1023
2024,11,노르웨이,947
2024,11,체코,813
2024,11,영국보호민,657
2024,11,헝가리,625
2024,11,불가리아,451
2024,11,크로아티아,443
2024,11,리투아니아,432
2024,11,슬로바크,312
2024,11,라트비아,239
2024,11,세르비아,225
2024,11,에스토니아,209
2024,11,몬테네그로,162
2024,11,슬로베니아,161
2024,11,조지아,159
2024,11,벨라루스,150
2024,11,아제르바이잔,123
2024,11,알바니아,102
2024,11,룩셈부르크,98
2024,11,아이슬란드,75
2024,11,유고슬라비아,69
2024,11,몰타,52
2024,11,몰도바,37
2024,11,아르메니아,22
2024,11,안도라,13
2024,11,코소보,11
2024,11,보스니아-헤르체고비나,9
2024,11,모나코,6
2024,11,북마케도니아,4
2024,11,영국외지민,4
2024,11,리히텐슈타인,1
2024,11,오스트레일리아,20687
2024,11,뉴질랜드,3887
2024,11,피지,104
2024,11,파푸아뉴기니,65
2024,11,사모아,49
2024,11,미이크로네시아,39
2024,11,바누아투,23
2024,11,마샬군도,19
2024,11,팔라우,14
2024,11,솔로몬군도,13
2024,11,통가,13
2024,11,투발루,10
2024,11,키리바시,9
2024,11,나우루,5
2024,11,에티오피아,1047
2024,11,남아프리카공화국,982
2024,11,이집트,590
2024,11,모로코,385
2024,11,케냐,282
2024,11,튀니지,271
2024,11,나이지리아,267
2024,11,가나,244
2024,11,리비아,180
2024,11,짐바브웨,180
2024,11,알제리,160
2024,11,탄자니아,150
2024,11,마다가스카르,113
2024,11,카메룬,105
2024,11,모리셔스,103
2024,11,코트디부아르,69
2024,11,르완다,66
2024,11,우간다,61
2024,11,세네갈,45
2024,11,수단,43
2024,11,앙골라,43
2024,11,잠비아,26
2024,11,콩고민주공화국,24
2024,11,모잠비크,23
2024,11,가봉,21
2024,11,말리,16
2024,11,베냉,16
2024,11,나미비아,14
2024,11,시에라리온,14
2024,11,기니,13
2024,11,라이베리아,13
2024,11,말라위,13
2024,11,감비아,12
2024,11,부룬디,11
2024,11,토고,11
2024,11,보츠와나,10
2024,11,부르키나파소,10
2024,11,적도기니,8
2024,11,지부티,8
2024,11,코모로,8
2024,11,세이셸,7
2024,11,에스와티니,7
2024,11,기니비사우,5
2024,11,레소토,5
2024,11,소말리아,5
2024,11,콩고,4
2024,11,니제르,3
2024,11,에리트레아,3
2024,11,남수단공화국,2
2024,11,모리타니,2
2024,11,카보베르데,2
2024,11,중앙아프리카공화국,1
2024,11,차드,1
2024,11,기타,287
2024,12,중국,307513
2024,12,일본,253074
2024,12,타이완,120359
2024,12,싱가포르,61661
2024,12,홍콩,58347
2024,12,필리핀,50253
2024,12,베트남,40892
2024,12,인도네시아,33935
2024,12,타이,33817
2024,12,말레이시아,31528
2024,12,한국계중국인,17359
2024,12,몽골,12939
2024,12,인도,10835
2024,12,미얀마,6632
2024,12,마카오,5762
2024,12,우즈베키스탄,4227
2024,12,캄보디아,4173
2024,12,네팔,3534
2024,12,카자흐스탄,3433
2024,12,튀르키예,2646
2024,12,스리랑카,1870
2024,12,방글라데시,1802
2024,12,라오스,1587
2024,12,브루나이,1465
2024,12,파키스탄,1151
2024,12,아랍에미리트연합,1002
2024,12,사우디아라비아,959
2024,12,키르기즈,828
2024,12,이스라엘,597
2024,12,타지키스탄,435
2024,12,카타르,221
2024,12,이란,219
2024,12,쿠웨이트,206
2024,12,요르단,167
2024,12,이라크,133
2024,12,시리아,130
2024,12,오만,119
2024,12,티모르민주공화국,100
2024,12,레바논,95
2024,12,투르크메니스탄,82
2024,12,키프로스,58
2024,12,예멘공화국,50
2024,12,바레인,44
2024,12,몰디브,32
2024,12,부탄,32
2024,12,아프가니스탄,26
2024,12,팔레스타인,19
2024,12,미국,102818
2024,12,캐나다,17015
2024,12,멕시코,5524
2024,12,브라질,2646
2024,12,콜롬비아,753
2024,12,아르헨티나,401
2024,12,페루,371
2024,12,칠레,295
2024,12,에콰도르,130
2024,12,코스타리카,113
2024,12,베네수엘라,107
2024,12,과테말라,89
2024,12,도미니카공화국,78
2024,12,온두라스,59
2024,12,엘살바도르,58
2024,12,우루과이,57
2024,12,세인트크리스토퍼네비스,55
2024,12,파라과이,54
2024,12,자메이카,52
2024,12,파나마,51
2024,12,도미니카연방,48
2024,12,볼리비아,38
2024,12,트리니다드토바고,18
2024,12,그레나다,17
2024,12,바하마,14
2024,12,바베이도스,12
2024,12,세인트루시아,12
2024,12,쿠바,10
2024,12,니카라과,9
2024,12,가이아나,7
2024,12,수리남,7
2024,12,아이티,6
2024,12,벨리즈,3
2024,12,앤티카바부다,2
2024,12,세인트빈센트그레나딘,1
2024,12,러시아(연방),12925
2024,12,프랑스,9304
2024,12,영국,8549
2024,12,독일,8339
2024,12,이탈리아,3868
2024,12,네덜란드,3285
2024,12,스페인,2505
2024,12,폴란드,1985
2024,12,우크라이나,1641
2024,12,스웨덴,1505
2024,12,스위스,1171
2024,12,벨기에,1035
2024,12,포르투갈,991
2024,12,핀란드,956
2024,12,덴마크,873
2024,12,루마니아,842
2024,12,오스트리아,823
2024,12,노르웨이,771
2024,12,아일랜드,666
2024,12,영국보호민,650
2024,12,그리스,630
2024,12,체코,577
2024,12,헝가리,505
2024,12,크로아티아,379
2024,12,불가리아,360
2024,12,슬로바크,305
2024,12,리투아니아,239
2024,12,라트비아,198
2024,12,세르비아,189
2024,12,몬테네그로,137
2024,12,아제르바이잔,131
2024,12,벨라루스,122
2024,12,에스토니아,121
2024,12,조지아,120
2024,12,슬로베니아,106
2024,12,룩셈부르크,77
2024,12,알바니아,57
2024,12,몰타,34
2024,12,유고슬라비아,34
2024,12,아이슬란드,23
2024,12,아르메니아,22
2024,12,보스니아-헤르체고비나,15
2024,12,몰도바,13
2024,12,코소보,10
2024,12,북마케도니아,6
2024,12,리히텐슈타인,5
2024,12,영국외지민,5
2024,12,교황청,2
2024,12,산마리노,2
2024,12,영국해외영토시민,1
2024,12,오스트레일리아,26548
2024,12,뉴질랜드,4830
2024,12,피지,95
2024,12,파푸아뉴기니,28
2024,12,미이크로네시아,22
2024,12,마샬군도,19
2024,12,투발루,11
2024,12,바누아투,10
2024,12,키리바시,10
2024,12,통가,10
2024,12,팔라우,6
2024,12,사모아,5
2024,12,솔로몬군도,4
2024,12,나우루,2
2024,12,토켈라우,2
2024,12,남아프리카공화국,1082
2024,12,에티오피아,829
2024,12,이집트,503
2024,12,모로코,342
2024,12,튀니지,260
2024,12,리비아,186
2024,12,알제리,146
2024,12,나이지리아,133
2024,12,탄자니아,125
2024,12,가나,111
2024,12,케냐,99
2024,12,모리셔스,79
2024,12,우간다,55
2024,12,콩고민주공화국,34
2024,12,르완다,31
2024,12,코트디부아르,27
2024,12,세네갈,25
2024,12,카메룬,25
2024,12,짐바브웨,24
2024,12,마다가스카르,17
2024,12,부룬디,17
2024,12,수단,17
2024,12,가봉,16
2024,12,모잠비크,13
2024,12,감비아,12
2024,12,보츠와나,12
2024,12,라이베리아,11
2024,12,기니,9
2024,12,말리,9
2024,12,세이셸,9
2024,12,카보베르데,8
2024,12,레소토,7
2024,12,부르키나파소,7
2024,12,시에라리온,6
2024,12,앙골라,6
2024,12,잠비아,6
2024,12,남수단공화국,4
2024,12,말라위,4
2024,12,베냉,4
2024,12,콩고,4
2024,12,토고,4
2024,12,나미비아,3
2024,12,모리타니,2
2024,12,에스와티니,2
2024,12,차드,2
2024,12,에리트레아,1
2024,12,적도기니,1
2024,12,코모로,1
2024,12,기타,147
2025,01,중국,364584
2025,01,일본,178970
2025,01,타이완,137414
2025,01,홍콩,44107
2025,01,필리핀,38602
2025,01,베트남,28797
2025,01,인도네시아,27744
2025,01,말레이시아,26296
2025,01,한국계중국인,22319
2025,01,타이,21923
2025,01,싱가포르,17645
2025,01,몽골,16266
2025,01,인도,11040
2025,01,우즈베키스탄,6033
2025,01,미얀마,5849
2025,01,카자흐스탄,4361
2025,01,캄보디아,4281
2025,01,마카오,2876
2025,01,네팔,2573
2025,01,튀르키예,2545
2025,01,스리랑카,2514
2025,01,방글라데시,1877
2025,01,라오스,1320
2025,01,파키스탄,1227
2025,01,사우디아라비아,898
2025,01,키르기즈,792
2025,01,브루나이,666
2025,01,이스라엘,506
2025,01,타지키스탄,416
2025,01,쿠웨이트,345
2025,01,아랍에미리트연합,334
2025,01,이란,218
2025,01,요르단,143
2025,01,이라크,141
2025,01,티모르민주공화국,124
2025,01,시리아,108
2025,01,카타르,97
2025,01,투르크메니스탄,83
2025,01,레바논,70
2025,01,오만,56
2025,01,키프로스,54
2025,01,예멘공화국,52
2025,01,바레인,43
2025,01,부탄,30
2025,01,팔레스타인,15
2025,01,아프가니스탄,12
2025,01,몰디브,7
2025,01,미국,82444
2025,01,캐나다,14405
2025,01,멕시코,4288
2025,01,브라질,2562
2025,01,콜롬비아,596
2025,01,아르헨티나,555
2025,01,칠레,459
2025,01,페루,348
2025,01,에콰도르,135
2025,01,코스타리카,127
2025,01,베네수엘라,118
2025,01,과테말라,90
2025,01,온두라스,77
2025,01,파라과이,75
2025,01,도미니카공화국,73
2025,01,파나마,70
2025,01,세인트크리스토퍼네비스,55
2025,01,자메이카,49
2025,01,우루과이,45
2025,01,엘살바도르,44
2025,01,볼리비아,27
2025,01,도미니카연방,18
2025,01,트리니다드토바고,16
2025,01,니카라과,14
2025,01,쿠바,10
2025,01,세인트루시아,8
2025,01,바하마,6
2025,01,벨리즈,6
2025,01,앤티카바부다,6
2025,01,가이아나,5
2025,01,그레나다,5
2025,01,세인트빈센트그레나딘,4
2025,01,바베이도스,3
2025,01,아이티,3
2025,01,미국인근섬,1
2025,01,수리남,1
2025,01,러시아(연방),12242
2025,01,영국,7329
2025,01,프랑스,7072
2025,01,독일,6246
2025,01,이탈리아,3047
2025,01,네덜란드,2718
2025,01,폴란드,2057
2025,01,스페인,1927
2025,01,우크라이나,1589
2025,01,스웨덴,894
2025,01,벨기에,817
2025,01,스위스,812
2025,01,핀란드,802
2025,01,체코,732
2025,01,아일랜드,731
2025,01,루마니아,713
2025,01,오스트리아,708
2025,01,덴마크,689
2025,01,노르웨이,641
2025,01,포르투갈,621
2025,01,그리스,580
2025,01,영국보호민,454
2025,01,헝가리,437
2025,01,크로아티아,395
2025,01,불가리아,260
2025,01,슬로바크,259
2025,01,리투아니아,211
2025,01,라트비아,166
2025,01,몬테네그로,151
2025,01,세르비아,133
2025,01,조지아,130
2025,01,에스토니아,116
2025,01,벨라루스,100
2025,01,슬로베니아,93
2025,01,아제르바이잔,81
2025,01,룩셈부르크,64
2025,01,알바니아,36
2025,01,몰타,30
2025,01,아이슬란드,30
2025,01,몰도바,27
2025,01,보스니아-헤르체고비나,17
2025,01,아르메니아,17
2025,01,유고슬라비아,14
2025,01,코소보,5
2025,01,리히텐슈타인,4
2025,01,영국외지민,4
2025,01,산마리노,3
2025,01,안도라,2
2025,01,모나코,1
2025,01,북마케도니아,1
2025,01,오스트레일리아,19682
2025,01,뉴질랜드,3305
2025,01,피지,43
2025,01,파푸아뉴기니,35
2025,01,미이크로네시아,26
2025,01,마샬군도,19
2025,01,솔로몬군도,19
2025,01,사모아,10
2025,01,키리바시,9
2025,01,바누아투,6
2025,01,토켈라우,4
2025,01,통가,4
2025,01,팔라우,4
2025,01,투발루,3
2025,01,나우루,2
2025,01,남아프리카공화국,1418
2025,01,에티오피아,825
2025,01,이집트,454
2025,01,모로코,342
2025,01,튀니지,246
2025,01,케냐,200
2025,01,리비아,194
2025,01,나이지리아,150
2025,01,가나,149
2025,01,알제리,131
2025,01,탄자니아,87
2025,01,모리셔스,65
2025,01,우간다,58
2025,01,르완다,57
2025,01,짐바브웨,52
2025,01,마다가스카르,51
2025,01,카메룬,38
2025,01,콩고민주공화국,31
2025,01,베냉,24
2025,01,코트디부아르,24
2025,01,말라위,22
2025,01,세네갈,22
2025,01,부룬디,20
2025,01,수단,16
2025,01,말리,15
2025,01,라이베리아,13
2025,01,기니,12
2025,01,모잠비크,12
2025,01,앙골라,12
2025,01,카보베르데,12
2025,01,토고,12
2025,01,감비아,11
2025,01,보츠와나,11
2025,01,나미비아,10
2025,01,가봉,8
2025,01,모리타니,6
2025,01,잠비아,6
2025,01,세이셸,5
2025,01,시에라리온,5
2025,01,에스와티니,5
2025,01,부르키나파소,4
2025,01,적도기니,4
2025,01,남수단공화국,3
2025,01,기니비사우,1
2025,01,레소토,1
2025,01,소말리아,1
2025,01,에리트레아,1
2025,01,중앙아프리카공화국,1
2025,01,차드,1
2025,01,콩고,1
2025,01,기타,68
2025,02,중국,345096
2025,02,일본,227761
2025,02,타이완,122010
2025,02,베트남,65760
2025,02,필리핀,39118
2025,02,한국계중국인,35745
2025,02,홍콩,30292
2025,02,말레이시아,25387
2025,02,인도네시아,24920
2025,02,타이,22001
2025,02,싱가포르,15611
2025,02,인도,11838
2025,02,몽골,11759
2025,02,우즈베키스탄,7258
2025,02,미얀마,6977
2025,02,네팔,5767
2025,02,카자흐스탄,4649
2025,02,캄보디아,4608
2025,02,방글라데시,2859
2025,02,스리랑카,2676
2025,02,튀르키예,2474
2025,02,마카오,2110
2025,02,라오스,1947
2025,02,파키스탄,1845
2025,02,키르기즈,1136
2025,02,사우디아라비아,926
2025,02,이스라엘,693
2025,02,브루나이,510
2025,02,타지키스탄,481
2025,02,아랍에미리트연합,377
2025,02,이란,212
2025,02,요르단,201
2025,02,이라크,195
2025,02,시리아,186
2025,02,쿠웨이트,160
2025,02,티모르민주공화국,131
2025,02,오만,127
2025,02,예멘공화국,100
2025,02,투르크메니스탄,99
2025,02,카타르,98
2025,02,레바논,66
2025,02,바레인,51
2025,02,키프로스,41
2025,02,아프가니스탄,35
2025,02,부탄,27
2025,02,팔레스타인,11
2025,02,몰디브,10
2025,02,홍콩거주난민,1
2025,02,미국,80437
2025,02,캐나다,14647
2025,02,멕시코,4623
2025,02,브라질,2038
2025,02,칠레,745
2025,02,아르헨티나,561
2025,02,콜롬비아,560
2025,02,페루,414
2025,02,에콰도르,156
2025,02,파나마,138
2025,02,코스타리카,93
2025,02,베네수엘라,87
2025,02,온두라스,83
2025,02,도미니카공화국,81
2025,02,과테말라,70
2025,02,자메이카,55
2025,02,엘살바도르,54
2025,02,파라과이,49
2025,02,우루과이,43
2025,02,세인트크리스토퍼네비스,36
2025,02,도미니카연방,34
2025,02,니카라과,21
2025,02,볼리비아,21
2025,02,트리니다드토바고,20
2025,02,그레나다,14
2025,02,바하마,14
2025,02,아이티,12
2025,02,바베이도스,9
2025,02,앤티카바부다,9
2025,02,벨리즈,7
2025,02,세인트루시아,7
2025,02,쿠바,7
2025,02,세인트빈센트그레나딘,6
2025,02,가이아나,2
2025,02,러시아(연방),12568
2025,02,프랑스,9141
2025,02,영국,7768
2025,02,독일,7741
2025,02,이탈리아,3193
2025,02,네덜란드,2860
2025,02,폴란드,2502
2025,02,스페인,2089
2025,02,우크라이나,1875
2025,02,스웨덴,1086
2025,02,스위스,1010
2025,02,핀란드,976
2025,02,벨기에,970
2025,02,오스트리아,845
2025,02,루마니아,789
2025,02,체코,713
2025,02,덴마크,702
2025,02,아일랜드,684
2025,02,노르웨이,633
2025,02,그리스,632
2025,02,포르투갈,621
2025,02,헝가리,453
2025,02,크로아티아,400
2025,02,영국보호민,383
2025,02,불가리아,277
2025,02,슬로바크,272
2025,02,라트비아,227
2025,02,리투아니아,219
2025,02,세르비아,184
2025,02,벨라루스,172
2025,02,에스토니아,169
2025,02,몬테네그로,135
2025,02,아제르바이잔,131
2025,02,슬로베니아,96
2025,02,조지아,87
2025,02,룩셈부르크,78
2025,02,알바니아,48
2025,02,아이슬란드,34
2025,02,몰타,30
2025,02,아르메니아,29
2025,02,몰도바,17
2025,02,북마케도니아,17
2025,02,보스니아-헤르체고비나,15
2025,02,유고슬라비아,14
2025,02,코소보,8
2025,02,영국외지민,5
2025,02,리히텐슈타인,4
2025,02,교황청,1
2025,02,모나코,1
2025,02,산마리노,1
2025,02,안도라,1
2025,02,오스트레일리아,12800
2025,02,뉴질랜드,2366
2025,02,피지,44
2025,02,파푸아뉴기니,37
2025,02,미이크로네시아,20
2025,02,바누아투,14
2025,02,솔로몬군도,13
2025,02,마샬군도,9
2025,02,키리바시,9
2025,02,투발루,6
2025,02,나우루,3
2025,02,사모아,3
2025,02,통가,2
2025,02,팔라우,2
2025,02,남아프리카공화국,1581
2025,02,에티오피아,838
2025,02,이집트,566
2025,02,모로코,374
2025,02,리비아,237
2025,02,튀니지,205
2025,02,케냐,189
2025,02,나이지리아,180
2025,02,가나,156
2025,02,알제리,131
2025,02,탄자니아,117
2025,02,모리셔스,96
2025,02,우간다,87
2025,02,부룬디,86
2025,02,르완다,78
2025,02,코트디부아르,57
2025,02,수단,49
2025,02,짐바브웨,47
2025,02,세네갈,35
2025,02,콩고민주공화국,32
2025,02,카메룬,27
2025,02,가봉,20
2025,02,말라위,17
2025,02,에스와티니,16
2025,02,잠비아,15
2025,02,마다가스카르,14
2025,02,라이베리아,12
2025,02,보츠와나,12
2025,02,토고,12
2025,02,모잠비크,9
2025,02,부르키나파소,8
2025,02,앙골라,8
2025,02,감비아,7
2025,02,기니,7
2025,02,레소토,7
2025,02,베냉,7
2025,02,시에라리온,7
2025,02,말리,5
2025,02,세이셸,5
2025,02,니제르,4
2025,02,적도기니,4
2025,02,중앙아프리카공화국,3
2025,02,카보베르데,3
2025,02,기니비사우,2
2025,02,나미비아,2
2025,02,남수단공화국,2
2025,02,소말리아,2
2025,02,에리트레아,2
2025,02,차드,2
2025,02,코모로,2
2025,02,콩고,2
2025,02,모리타니,1
2025,02,기타,67
2025,03,중국,416197
2025,03,일본,386208
2025,03,타이완,141874
2025,03,베트남,64428
2025,03,필리핀,52044
2025,03,홍콩,43733
2025,03,싱가포르,36465
2025,03,인도네시아,32514
2025,03,타이,29387
2025,03,말레이시아,24902
2025,03,한국계중국인,22510
2025,03,인도,16344
2025,03,몽골,15668
2025,03,미얀마,7082
2025,03,네팔,6884
2025,03,카자흐스탄,6538
2025,03,우즈베키스탄,6347
2025,03,캄보디아,5605
2025,03,튀르키예,5507
2025,03,라오스,4086
2025,03,마카오,3093
2025,03,스리랑카,2618
2025,03,이스라엘,2060
2025,03,방글라데시,1914
2025,03,파키스탄,1279
2025,03,키르기즈,997
2025,03,사우디아라비아,816
2025,03,브루나이,688
2025,03,이란,659
2025,03,아랍에미리트연합,516
2025,03,타지키스탄,448
2025,03,이라크,231
2025,03,쿠웨이트,225
2025,03,요르단,200
2025,03,키프로스,151
2025,03,티모르민주공화국,130
2025,03,오만,116
2025,03,레바논,113
2025,03,카타르,112
2025,03,시리아,100
2025,03,투르크메니스탄,77
2025,03,예멘공화국,47
2025,03,바레인,38
2025,03,부탄,37
2025,03,아프가니스탄,14
2025,03,팔레스타인,13
2025,03,몰디브,8
2025,03,미국,141786
2025,03,캐나다,25390
2025,03,멕시코,6594
2025,03,브라질,4070
2025,03,콜롬비아,1279
2025,03,아르헨티나,1116
2025,03,칠레,706
2025,03,페루,641
2025,03,에콰도르,312
2025,03,코스타리카,308
2025,03,온두라스,207
2025,03,베네수엘라,202
2025,03,파나마,187
2025,03,과테말라,179
2025,03,자메이카,122
2025,03,도미니카공화국,114
2025,03,니카라과,86
2025,03,엘살바도르,83
2025,03,볼리비아,82
2025,03,트리니다드토바고,68
2025,03,파라과이,67
2025,03,우루과이,60
2025,03,세인트크리스토퍼네비스,45
2025,03,도미니카연방,37
2025,03,세인트루시아,33
2025,03,바하마,27
2025,03,그레나다,23
2025,03,바베이도스,21
2025,03,가이아나,16
2025,03,쿠바,12
2025,03,수리남,11
2025,03,아이티,10
2025,03,세인트빈센트그레나딘,8
2025,03,앤티카바부다,7
2025,03,벨리즈,5
2025,03,러시아(연방),19821
2025,03,독일,18515
2025,03,영국,16021
2025,03,프랑스,13069
2025,03,이탈리아,5773
2025,03,폴란드,5013
2025,03,네덜란드,4624
2025,03,스페인,4130
2025,03,스위스,2336
2025,03,우크라이나,2019
2025,03,루마니아,1944
2025,03,스웨덴,1932
2025,03,벨기에,1603
2025,03,오스트리아,1524
2025,03,덴마크,1422
2025,03,포르투갈,1381
2025,03,핀란드,1296
2025,03,아일랜드,1257
2025,03,노르웨이,1214
2025,03,그리스,1212
2025,03,체코,1036
2025,03,불가리아,953
2025,03,헝가리,904
2025,03,영국보호민,613
2025,03,리투아니아,573
2025,03,크로아티아,564
2025,03,슬로바크,462
2025,03,세르비아,448
2025,03,라트비아,284
2025,03,에스토니아,239
2025,03,아제르바이잔,236
2025,03,슬로베니아,212
2025,03,벨라루스,193
2025,03,몬테네그로,190
2025,03,조지아,171
2025,03,룩셈부르크,131
2025,03,몰타,116
2025,03,유고슬라비아,78
2025,03,알바니아,75
2025,03,아이슬란드,44
2025,03,아르메니아,35
2025,03,보스니아-헤르체고비나,30
2025,03,북마케도니아,23
2025,03,몰도바,21
2025,03,리히텐슈타인,14
2025,03,안도라,9
2025,03,코소보,6
2025,03,영국외지민,4
2025,03,산마리노,2
2025,03,모나코,1
2025,03,오스트레일리아,20776
2025,03,뉴질랜드,4066
2025,03,파푸아뉴기니,57
2025,03,피지,55
2025,03,미이크로네시아,32
2025,03,사모아,27
2025,03,바누아투,20
2025,03,마샬군도,19
2025,03,솔로몬군도,15
2025,03,팔라우,9
2025,03,통가,8
2025,03,키리바시,6
2025,03,투발루,5
2025,03,나우루,4
2025,03,남아프리카공화국,1349
2025,03,에티오피아,949
2025,03,이집트,466
2025,03,케냐,360
2025,03,모로코,311
2025,03,짐바브웨,311
2025,03,가나,186
2025,03,튀니지,186
2025,03,모리셔스,184
2025,03,나이지리아,177
2025,03,탄자니아,123
2025,03,마다가스카르,112
2025,03,알제리,109
2025,03,우간다,105
2025,03,리비아,85
2025,03,콩고민주공화국,71
2025,03,르완다,56
2025,03,부룬디,52
2025,03,카메룬,42
2025,03,잠비아,31
2025,03,수단,27
2025,03,세네갈,24
2025,03,코트디부아르,17
2025,03,가봉,14
2025,03,라이베리아,13
2025,03,감비아,12
2025,03,말리,12
2025,03,앙골라,12
2025,03,나미비아,11
2025,03,말라위,11
2025,03,보츠와나,11
2025,03,모잠비크,8
2025,03,부르키나파소,8
2025,03,시에라리온,8
2025,03,기니,7
2025,03,에스와티니,7
2025,03,토고,7
2025,03,베냉,6
2025,03,카보베르데,6
2025,03,세이셸,5
2025,03,남수단공화국,4
2025,03,모리타니,4
2025,03,차드,3
2025,03,코모로,3
2025,03,니제르,2
2025,03,소말리아,2
2025,03,에리트레아,2
2025,03,중앙아프리카공화국,2
2025,03,콩고,2
2025,03,적도기니,1
2025,03,기타,110
2025,04,중국,443424
2025,04,일본,260523
2025,04,타이완,153348
2025,04,필리핀,70377
2025,04,홍콩,64174
2025,04,베트남,60016
2025,04,타이,42324
2025,04,싱가포르,38037
2025,04,인도네시아,36846
2025,04,말레이시아,30948
2025,04,인도,21364
2025,04,한국계중국인,20564
2025,04,몽골,13550
2025,04,캄보디아,7676
2025,04,튀르키예,7209
2025,04,미얀마,6925
2025,04,카자흐스탄,6266
2025,04,라오스,4863
2025,04,우즈베키스탄,4550
2025,04,네팔,3362
2025,04,마카오,3238
2025,04,이스라엘,3064
2025,04,스리랑카,2300
2025,04,사우디아라비아,2092
2025,04,방글라데시,1975
2025,04,파키스탄,1439
2025,04,키르기즈,1365
2025,04,아랍에미리트연합,1236
2025,04,타지키스탄,638
2025,04,브루나이,603
2025,04,이란,475
2025,04,쿠웨이트,440
2025,04,카타르,341
2025,04,오만,292
2025,04,이라크,280
2025,04,시리아,269
2025,04,키프로스,225
2025,04,요르단,214
2025,04,예멘공화국,147
2025,04,바레인,146
2025,04,레바논,144
2025,04,티모르민주공화국,124
2025,04,투르크메니스탄,104
2025,04,부탄,57
2025,04,몰디브,38
2025,04,아프가니스탄,29
2025,04,팔레스타인,25
2025,04,미국,160605
2025,04,캐나다,31305
2025,04,멕시코,10015
2025,04,브라질,4556
2025,04,콜롬비아,1884
2025,04,아르헨티나,1233
2025,04,칠레,870
2025,04,페루,862
2025,04,코스타리카,464
2025,04,파나마,333
2025,04,에콰도르,324
2025,04,베네수엘라,232
2025,04,온두라스,228
2025,04,과테말라,214
2025,04,도미니카공화국,190
2025,04,자메이카,148
2025,04,우루과이,143
2025,04,엘살바도르,137
2025,04,트리니다드토바고,101
2025,04,니카라과,81
2025,04,파라과이,80
2025,04,세인트크리스토퍼네비스,69
2025,04,볼리비아,63
2025,04,도미니카연방,59
2025,04,세인트루시아,48
2025,04,그레나다,40
2025,04,가이아나,35
2025,04,바베이도스,26
2025,04,앤티카바부다,23
2025,04,세인트빈센트그레나딘,20
2025,04,수리남,19
2025,04,아이티,13
2025,04,쿠바,10
2025,04,벨리즈,9
2025,04,바하마,5
2025,04,독일,28053
2025,04,러시아(연방),27283
2025,04,영국,24728
2025,04,프랑스,23032
2025,04,이탈리아,9273
2025,04,네덜란드,7283
2025,04,폴란드,6053
2025,04,스페인,5963
2025,04,스위스,4299
2025,04,벨기에,2905
2025,04,스웨덴,2712
2025,04,루마니아,2711
2025,04,포르투갈,2339
2025,04,우크라이나,2225
2025,04,덴마크,2163
2025,04,오스트리아,2150
2025,04,아일랜드,1944
2025,04,노르웨이,1878
2025,04,핀란드,1622
2025,04,체코,1577
2025,04,그리스,1481
2025,04,불가리아,1392
2025,04,헝가리,1271
2025,04,크로아티아,853
2025,04,영국보호민,724
2025,04,리투아니아,721
2025,04,세르비아,616
2025,04,라트비아,572
2025,04,슬로바크,524
2025,04,룩셈부르크,420
2025,04,에스토니아,358
2025,04,슬로베니아,322
2025,04,벨라루스,284
2025,04,몬테네그로,231
2025,04,아제르바이잔,202
2025,04,조지아,198
2025,04,몰타,164
2025,04,알바니아,158
2025,04,유고슬라비아,107
2025,04,아이슬란드,104
2025,04,아르메니아,50
2025,04,몰도바,48
2025,04,북마케도니아,46
2025,04,보스니아-헤르체고비나,43
2025,04,코소보,19
2025,04,모나코,18
2025,04,영국외지민,12
2025,04,안도라,11
2025,04,리히텐슈타인,6
2025,04,산마리노,3
2025,04,오스트레일리아,36403
2025,04,뉴질랜드,5111
2025,04,피지,91
2025,04,파푸아뉴기니,71
2025,04,사모아,42
2025,04,마샬군도,33
2025,04,미이크로네시아,29
2025,04,팔라우,29
2025,04,바누아투,22
2025,04,솔로몬군도,18
2025,04,키리바시,18
2025,04,통가,18
2025,04,투발루,17
2025,04,나우루,1
2025,04,남아프리카공화국,1863
2025,04,에티오피아,918
2025,04,이집트,728
2025,04,케냐,656
2025,04,모로코,559
2025,04,짐바브웨,499
2025,04,튀니지,414
2025,04,모리셔스,402
2025,04,마다가스카르,234
2025,04,가나,231
2025,04,리비아,231
2025,04,탄자니아,212
2025,04,알제리,160
2025,04,나이지리아,144
2025,04,우간다,93
2025,04,콩고민주공화국,88
2025,04,코트디부아르,80
2025,04,잠비아,72
2025,04,수단,61
2025,04,적도기니,54
2025,04,르완다,50
2025,04,카메룬,48
2025,04,감비아,39
2025,04,모잠비크,37
2025,04,세네갈,37
2025,04,부룬디,30
2025,04,베냉,23
2025,04,토고,23
2025,04,기니,22
2025,04,나미비아,22
2025,04,앙골라,20
2025,04,라이베리아,19
2025,04,보츠와나,19
2025,04,세이셸,19
2025,04,콩고,17
2025,04,말라위,16
2025,04,에스와티니,14
2025,04,부르키나파소,11
2025,04,말리,9
2025,04,차드,9
2025,04,모리타니,8
2025,04,상투메프린시페,8
2025,04,시에라리온,8
2025,04,중앙아프리카공화국,8
2025,04,카보베르데,5
2025,04,지부티,4
2025,04,가봉,3
2025,04,니제르,3
2025,04,소말리아,2
2025,04,에리트레아,2
2025,04,남수단공화국,1
2025,04,기타,103
2025,05,중국,485832
2025,05,일본,294577
2025,05,타이완,152238
2025,05,필리핀,61781
2025,05,홍콩,51103
2025,05,베트남,48279
2025,05,싱가포르,37845
2025,05,인도네시아,34916
2025,05,타이,30978
2025,05,말레이시아,27558
2025,05,인도,22484
2025,05,한국계중국인,21993
2025,05,몽골,12243
2025,05,미얀마,7634
2025,05,캄보디아,6051
2025,05,카자흐스탄,5490
2025,05,튀르키예,5025
2025,05,우즈베키스탄,4905
2025,05,네팔,3817
2025,05,마카오,3299
2025,05,라오스,2668
2025,05,스리랑카,2470
2025,05,이스라엘,2223
2025,05,사우디아라비아,1953
2025,05,방글라데시,1912
2025,05,파키스탄,1196
2025,05,키르기즈,869
2025,05,아랍에미리트연합,729
2025,05,타지키스탄,525
2025,05,브루나이,520
2025,05,쿠웨이트,365
2025,05,이란,344
2025,05,시리아,315
2025,05,요르단,253
2025,05,이라크,226
2025,05,오만,191
2025,05,카타르,177
2025,05,티모르민주공화국,146
2025,05,키프로스,117
2025,05,예멘공화국,114
2025,05,레바논,112
2025,05,투르크메니스탄,109
2025,05,바레인,92
2025,05,부탄,57
2025,05,아프가니스탄,25
2025,05,몰디브,23
2025,05,팔레스타인,21
2025,05,홍콩거주난민,1
2025,05,총계,169040
2025,05,미국,140885
2025,05,캐나다,28155
2025,05,총계,17238
2025,05,멕시코,6609
2025,05,브라질,3729
2025,05,콜롬비아,1513
2025,05,아르헨티나,1095
2025,05,칠레,900
2025,05,페루,716
2025,05,에콰도르,343
2025,05,코스타리카,294
2025,05,자메이카,225
2025,05,온두라스,211
2025,05,파나마,206
2025,05,베네수엘라,199
2025,05,도미니카공화국,171
2025,05,과테말라,165
2025,05,엘살바도르,126
2025,05,우루과이,115
2025,05,파라과이,85
2025,05,트리니다드토바고,71
2025,05,세인트크리스토퍼네비스,60
2025,05,니카라과,56
2025,05,도미니카연방,51
2025,05,세인트루시아,45
2025,05,세인트빈센트그레나딘,39
2025,05,가이아나,37
2025,05,볼리비아,37
2025,05,그레나다,29
2025,05,바베이도스,26
2025,05,앤티카바부다,18
2025,05,바하마,17
2025,05,쿠바,16
2025,05,벨리즈,13
2025,05,수리남,11
2025,05,아이티,10
2025,05,총계,123282
2025,05,러시아(연방),22116
2025,05,프랑스,17738
2025,05,영국,16882
2025,05,독일,15420
2025,05,네덜란드,6449
2025,05,이탈리아,6430
2025,05,폴란드,5267
2025,05,스페인,4497
2025,05,스위스,2822
2025,05,우크라이나,2152
2025,05,벨기에,2096
2025,05,스웨덴,1991
2025,05,루마니아,1688
2025,05,포르투갈,1609
2025,05,핀란드,1601
2025,05,아일랜드,1494
2025,05,오스트리아,1431
2025,05,덴마크,1329
2025,05,체코,1134
2025,05,그리스,1078
2025,05,노르웨이,1024
2025,05,헝가리,789
2025,05,불가리아,764
2025,05,크로아티아,684
2025,05,리투아니아,663
2025,05,슬로바크,574
2025,05,영국보호민,573
2025,05,세르비아,402
2025,05,벨라루스,348
2025,05,라트비아,301
2025,05,슬로베니아,267
2025,05,에스토니아,247
2025,05,몬테네그로,237
2025,05,아제르바이잔,171
2025,05,몰타,169
2025,05,룩셈부르크,164
2025,05,조지아,163
2025,05,알바니아,115
2025,05,아이슬란드,89
2025,05,유고슬라비아,87
2025,05,몰도바,53
2025,05,아르메니아,43
2025,05,북마케도니아,34
2025,05,안도라,27
2025,05,코소보,24
2025,05,보스니아-헤르체고비나,22
2025,05,영국외지민,9
2025,05,리히텐슈타인,7
2025,05,모나코,6
2025,05,산마리노,2
2025,05,총계,27510
2025,05,오스트레일리아,23194
2025,05,뉴질랜드,4022
2025,05,피지,84
2025,05,파푸아뉴기니,51
2025,05,미이크로네시아,35
2025,05,사모아,25
2025,05,마샬군도,22
2025,05,바누아투,18
2025,05,솔로몬군도,17
2025,05,통가,17
2025,05,팔라우,9
2025,05,투발루,6
2025,05,나우루,5
2025,05,키리바시,5
2025,05,총계,7219
2025,05,남아프리카공화국,1875
2025,05,에티오피아,841
2025,05,모로코,663
2025,05,이집트,649
2025,05,케냐,434
2025,05,짐바브웨,382
2025,05,모리셔스,337
2025,05,튀니지,322
2025,05,리비아,209
2025,05,마다가스카르,204
2025,05,알제리,193
2025,05,탄자니아,182
2025,05,가나,158
2025,05,나이지리아,133
2025,05,르완다,69
2025,05,우간다,69
2025,05,감비아,54
2025,05,코트디부아르,51
2025,05,카메룬,43
2025,05,수단,40
2025,05,콩고민주공화국,38
2025,05,세네갈,32
2025,05,모잠비크,27
2025,05,보츠와나,23
2025,05,잠비아,23
2025,05,말라위,17
2025,05,나미비아,15
2025,05,베냉,13
2025,05,에스와티니,12
2025,05,세이셸,11
2025,05,라이베리아,10
2025,05,말리,10
2025,05,부룬디,10
2025,05,앙골라,9
2025,05,가봉,8
2025,05,콩고,8
2025,05,시에라리온,7
2025,05,토고,7
2025,05,기니,5
2025,05,에리트레아,4
2025,05,부르키나파소,3
2025,05,코모로,3
2025,05,니제르,2
2025,05,소말리아,2
2025,05,적도기니,2
2025,05,중앙아프리카공화국,2
2025,05,차드,2
2025,05,카보베르데,2
2025,05,기니비사우,1
2025,05,남수단공화국,1
2025,05,레소토,1
2025,05,모리타니,1
2025,05,기타,130
2025,06,중국,479542
2025,06,일본,290001
2025,06,타이완,166811
2025,06,홍콩,55866
2025,06,필리핀,54248
2025,06,베트남,51715
2025,06,싱가포르,40318
2025,06,인도네시아,32304
2025,06,타이,22414
2025,06,한국계중국인,20237
2025,06,인도,20120
2025,06,말레이시아,20102
2025,06,몽골,17589
2025,06,미얀마,7639
2025,06,카자흐스탄,5918
2025,06,튀르키예,5448
2025,06,우즈베키스탄,5026
2025,06,네팔,4170
2025,06,캄보디아,3646
2025,06,마카오,3156
2025,06,스리랑카,2637
2025,06,사우디아라비아,2552
2025,06,방글라데시,1923
2025,06,라오스,1582
2025,06,파키스탄,1437
2025,06,이스라엘,1332
2025,06,키르기즈,1038
2025,06,아랍에미리트연합,641
2025,06,브루나이,560
2025,06,타지키스탄,548
2025,06,쿠웨이트,445
2025,06,요르단,257
2025,06,오만,252
2025,06,이란,211
2025,06,시리아,204
2025,06,카타르,180
2025,06,이라크,178
2025,06,티모르민주공화국,127
2025,06,키프로스,115
2025,06,투르크메니스탄,101
2025,06,바레인,99
2025,06,예멘공화국,98
2025,06,레바논,93
2025,06,몰디브,40
2025,06,아프가니스탄,33
2025,06,부탄,32
2025,06,팔레스타인,18
2025,06,미국,174757
2025,06,캐나다,22409
2025,06,멕시코,6337
2025,06,브라질,3242
2025,06,콜롬비아,1568
2025,06,칠레,806
2025,06,아르헨티나,777
2025,06,페루,727
2025,06,에콰도르,326
2025,06,우루과이,288
2025,06,베네수엘라,214
2025,06,과테말라,209
2025,06,도미니카공화국,190
2025,06,파라과이,169
2025,06,코스타리카,156
2025,06,온두라스,155
2025,06,파나마,124
2025,06,엘살바도르,108
2025,06,자메이카,105
2025,06,트리니다드토바고,77
2025,06,도미니카연방,69
2025,06,세인트크리스토퍼네비스,66
2025,06,니카라과,56
2025,06,볼리비아,43
2025,06,세인트루시아,41
2025,06,쿠바,38
2025,06,그레나다,37
2025,06,바하마,25
2025,06,가이아나,22
2025,06,앤티카바부다,22
2025,06,벨리즈,9
2025,06,세인트빈센트그레나딘,8
2025,06,아이티,7
2025,06,수리남,5
2025,06,바베이도스,4
2025,06,러시아(연방),19525
2025,06,영국,14224
2025,06,프랑스,12440
2025,06,독일,12060
2025,06,이탈리아,6115
2025,06,네덜란드,5078
2025,06,스페인,4483
2025,06,폴란드,4126
2025,06,스웨덴,2466
2025,06,스위스,2258
2025,06,우크라이나,2015
2025,06,핀란드,1586
2025,06,루마니아,1444
2025,06,노르웨이,1406
2025,06,벨기에,1403
2025,06,포르투갈,1385
2025,06,아일랜드,1324
2025,06,오스트리아,1131
2025,06,덴마크,1077
2025,06,체코,1050
2025,06,그리스,951
2025,06,헝가리,717
2025,06,리투아니아,561
2025,06,영국보호민,544
2025,06,크로아티아,522
2025,06,불가리아,459
2025,06,슬로바크,375
2025,06,세르비아,264
2025,06,에스토니아,239
2025,06,라트비아,232
2025,06,벨라루스,232
2025,06,몬테네그로,183
2025,06,조지아,179
2025,06,슬로베니아,164
2025,06,아제르바이잔,134
2025,06,아이슬란드,95
2025,06,룩셈부르크,90
2025,06,몰도바,64
2025,06,몰타,57
2025,06,알바니아,57
2025,06,유고슬라비아,38
2025,06,보스니아-헤르체고비나,35
2025,06,북마케도니아,29
2025,06,아르메니아,29
2025,06,코소보,8
2025,06,리히텐슈타인,6
2025,06,영국외지민,5
2025,06,모나코,2
2025,06,산마리노,2
2025,06,안도라,2
2025,06,교황청,1
2025,06,오스트레일리아,19552
2025,06,뉴질랜드,3363
2025,06,피지,74
2025,06,미이크로네시아,50
2025,06,파푸아뉴기니,29
2025,06,바누아투,20
2025,06,마샬군도,16
2025,06,사모아,14
2025,06,키리바시,11
2025,06,통가,11
2025,06,팔라우,11
2025,06,나우루,5
2025,06,솔로몬군도,5
2025,06,투발루,2
2025,06,남아프리카공화국,1568
2025,06,에티오피아,800
2025,06,이집트,651
2025,06,모로코,474
2025,06,케냐,459
2025,06,짐바브웨,284
2025,06,튀니지,233
2025,06,탄자니아,208
2025,06,가나,182
2025,06,마다가스카르,181
2025,06,모리셔스,179
2025,06,리비아,169
2025,06,나이지리아,152
2025,06,알제리,128
2025,06,우간다,59
2025,06,콩고민주공화국,55
2025,06,카메룬,49
2025,06,코트디부아르,49
2025,06,세네갈,42
2025,06,감비아,39
2025,06,르완다,36
2025,06,수단,33
2025,06,기니,23
2025,06,모잠비크,20
2025,06,보츠와나,20
2025,06,잠비아,19
2025,06,가봉,18
2025,06,토고,18
2025,06,말리,16
2025,06,나미비아,15
2025,06,부룬디,14
2025,06,말라위,11
2025,06,앙골라,11
2025,06,에스와티니,10
2025,06,베냉,9
2025,06,니제르,8
2025,06,세이셸,7
2025,06,남수단공화국,6
2025,06,라이베리아,6
2025,06,모리타니,6
2025,06,부르키나파소,6
2025,06,시에라리온,6
2025,06,카보베르데,5
2025,06,코모로,4
2025,06,기니비사우,3
2025,06,소말리아,3
2025,06,적도기니,3
2025,06,차드,3
2025,06,콩고,3
2025,06,에리트레아,2
2025,06,지부티,2
2025,06,레소토,1
2025,06,기타,103
2025,07,중국,603261
2025,07,일본,302951
2025,07,타이완,201270
2025,07,홍콩,63962
2025,07,베트남,54061
2025,07,필리핀,42707
2025,07,인도네시아,28866
2025,07,한국계중국인,23016
2025,07,타이,22140
2025,07,인도,16803
2025,07,싱가포르,16100
2025,07,몽골,15209
2025,07,말레이시아,13980
2025,07,미얀마,7121
2025,07,카자흐스탄,6605
2025,07,우즈베키스탄,6306
2025,07,튀르키예,6091
2025,07,마카오,5008
2025,07,네팔,3613
2025,07,캄보디아,3353
2025,07,사우디아라비아,2658
2025,07,스리랑카,2263
2025,07,방글라데시,1969
2025,07,이스라엘,1710
2025,07,라오스,1588
2025,07,파키스탄,1408
2025,07,키르기즈,1045
2025,07,아랍에미리트연합,993
2025,07,타지키스탄,631
2025,07,브루나이,438
2025,07,쿠웨이트,361
2025,07,카타르,299
2025,07,투르크메니스탄,286
2025,07,이라크,277
2025,07,이란,274
2025,07,티모르민주공화국,214
2025,07,시리아,213
2025,07,요르단,209
2025,07,오만,196
2025,07,키프로스,112
2025,07,바레인,109
2025,07,레바논,105
2025,07,예멘공화국,96
2025,07,부탄,32
2025,07,팔레스타인,29
2025,07,아프가니스탄,27
2025,07,몰디브,20
2025,07,홍콩거주난민,1
2025,07,미국,141035
2025,07,캐나다,24747
2025,07,멕시코,8481
2025,07,브라질,3503
2025,07,콜롬비아,1381
2025,07,아르헨티나,682
2025,07,칠레,556
2025,07,페루,552
2025,07,에콰도르,266
2025,07,베네수엘라,202
2025,07,코스타리카,183
2025,07,도미니카공화국,145
2025,07,파나마,142
2025,07,파라과이,127
2025,07,온두라스,118
2025,07,과테말라,105
2025,07,엘살바도르,102
2025,07,자메이카,92
2025,07,세인트크리스토퍼네비스,90
2025,07,트리니다드토바고,85
2025,07,도미니카연방,73
2025,07,니카라과,67
2025,07,우루과이,52
2025,07,볼리비아,44
2025,07,그레나다,36
2025,07,아이티,24
2025,07,세인트루시아,20
2025,07,쿠바,19
2025,07,바하마,17
2025,07,가이아나,16
2025,07,앤티카바부다,14
2025,07,바베이도스,9
2025,07,세인트빈센트그레나딘,9
2025,07,벨리즈,8
2025,07,수리남,7
2025,07,러시아(연방),21041
2025,07,프랑스,17115
2025,07,영국,13394
2025,07,독일,11498
2025,07,네덜란드,6955
2025,07,스페인,5982
2025,07,이탈리아,5802
2025,07,폴란드,4665
2025,07,스위스,3095
2025,07,벨기에,2262
2025,07,우크라이나,2166
2025,07,덴마크,1956
2025,07,스웨덴,1942
2025,07,노르웨이,1785
2025,07,오스트리아,1638
2025,07,루마니아,1414
2025,07,포르투갈,1412
2025,07,체코,1231
2025,07,아일랜드,1169
2025,07,핀란드,1085
2025,07,그리스,945
2025,07,헝가리,831
2025,07,크로아티아,685
2025,07,영국보호민,555
2025,07,불가리아,532
2025,07,슬로바크,495
2025,07,리투아니아,440
2025,07,라트비아,271
2025,07,슬로베니아,250
2025,07,몬테네그로,235
2025,07,세르비아,229
2025,07,벨라루스,213
2025,07,조지아,174
2025,07,룩셈부르크,167
2025,07,아제르바이잔,153
2025,07,에스토니아,152
2025,07,아이슬란드,93
2025,07,몰도바,65
2025,07,몰타,61
2025,07,알바니아,47
2025,07,유고슬라비아,41
2025,07,아르메니아,32
2025,07,보스니아-헤르체고비나,22
2025,07,북마케도니아,15
2025,07,리히텐슈타인,14
2025,07,안도라,10
2025,07,모나코,9
2025,07,영국외지민,9
2025,07,산마리노,8
2025,07,코소보,6
2025,07,교황청,1
2025,07,오스트레일리아,17061
2025,07,뉴질랜드,3125
2025,07,피지,101
2025,07,바누아투,70
2025,07,사모아,58
2025,07,솔로몬군도,40
2025,07,미이크로네시아,32
2025,07,파푸아뉴기니,32
2025,07,마샬군도,25
2025,07,팔라우,21
2025,07,키리바시,12
2025,07,통가,9
2025,07,투발루,3
2025,07,남아프리카공화국,1776
2025,07,에티오피아,895
2025,07,이집트,639
2025,07,케냐,619
2025,07,모로코,542
2025,07,짐바브웨,376
2025,07,튀니지,344
2025,07,탄자니아,274
2025,07,가나,257
2025,07,마다가스카르,254
2025,07,알제리,203
2025,07,리비아,185
2025,07,나이지리아,183
2025,07,모리셔스,146
2025,07,우간다,128
2025,07,르완다,94
2025,07,콩고민주공화국,82
2025,07,코트디부아르,79
2025,07,세네갈,62
2025,07,카메룬,59
2025,07,수단,44
2025,07,감비아,36
2025,07,잠비아,36
2025,07,모잠비크,34
2025,07,보츠와나,24
2025,07,부룬디,24
2025,07,나미비아,22
2025,07,베냉,22
2025,07,부르키나파소,21
2025,07,가봉,20
2025,07,기니,20
2025,07,라이베리아,20
2025,07,말라위,19
2025,07,말리,16
2025,07,에스와티니,15
2025,07,레소토,13
2025,07,콩고,13
2025,07,시에라리온,12
2025,07,앙골라,12
2025,07,토고,12
2025,07,남수단공화국,11
2025,07,모리타니,8
2025,07,세이셸,7
2025,07,중앙아프리카공화국,7
2025,07,적도기니,5
2025,07,코모로,5
2025,07,니제르,4
2025,07,카보베르데,4
2025,07,에리트레아,3
2025,07,차드,3
2025,07,소말리아,2
2025,07,기타,98
2025,08,중국,613177
2025,08,일본,383508
2025,08,타이완,193799
2025,08,홍콩,64732
2025,08,베트남,59437
2025,08,필리핀,42479
2025,08,한국계중국인,27355
2025,08,인도네시아,25162
2025,08,타이,20372
2025,08,몽골,17206
2025,08,인도,16145
2025,08,싱가포르,16013
2025,08,말레이시아,15679
2025,08,우즈베키스탄,9828
2025,08,미얀마,8168
2025,08,카자흐스탄,7833
2025,08,튀르키예,6461
2025,08,마카오,6216
2025,08,네팔,5676
2025,08,캄보디아,3531
2025,08,방글라데시,3291
2025,08,스리랑카,3134
2025,08,라오스,2235
2025,08,이스라엘,1865
2025,08,파키스탄,1846
2025,08,사우디아라비아,1811
2025,08,키르기즈,1775
2025,08,타지키스탄,890
2025,08,아랍에미리트연합,759
2025,08,쿠웨이트,745
2025,08,브루나이,562
2025,08,이란,412
2025,08,티모르민주공화국,283
2025,08,투르크메니스탄,283
2025,08,이라크,250
2025,08,요르단,233
2025,08,시리아,221
2025,08,카타르,215
2025,08,키프로스,189
2025,08,오만,158
2025,08,예멘공화국,123
2025,08,바레인,81
2025,08,레바논,78
2025,08,부탄,35
2025,08,아프가니스탄,34
2025,08,팔레스타인,23
2025,08,몰디브,14
2025,08,홍콩거주난민,1
2025,08,미국,120154
2025,08,캐나다,24752
2025,08,멕시코,7647
2025,08,브라질,3186
2025,08,콜롬비아,1256
2025,08,페루,738
2025,08,아르헨티나,661
2025,08,칠레,643
2025,08,에콰도르,382
2025,08,베네수엘라,209
2025,08,도미니카공화국,176
2025,08,코스타리카,156
2025,08,파나마,145
2025,08,과테말라,135
2025,08,온두라스,122
2025,08,파라과이,114
2025,08,자메이카,111
2025,08,엘살바도르,109
2025,08,세인트크리스토퍼네비스,85
2025,08,트리니다드토바고,72
2025,08,우루과이,70
2025,08,니카라과,62
2025,08,도미니카연방,55
2025,08,그레나다,43
2025,08,바하마,37
2025,08,볼리비아,37
2025,08,세인트루시아,33
2025,08,쿠바,24
2025,08,앤티카바부다,22
2025,08,아이티,21
2025,08,가이아나,13
2025,08,벨리즈,9
2025,08,바베이도스,7
2025,08,수리남,5
2025,08,세인트빈센트그레나딘,4
2025,08,러시아(연방),22571
2025,08,프랑스,22008
2025,08,독일,16756
2025,08,영국,16076
2025,08,이탈리아,13087
2025,08,스페인,9561
2025,08,네덜란드,6954
2025,08,폴란드,5200
2025,08,스위스,2417
2025,08,우크라이나,1942
2025,08,포르투갈,1907
2025,08,벨기에,1851
2025,08,오스트리아,1824
2025,08,루마니아,1760
2025,08,스웨덴,1737
2025,08,덴마크,1486
2025,08,그리스,1412
2025,08,체코,1254
2025,08,아일랜드,1246
2025,08,핀란드,1065
2025,08,노르웨이,971
2025,08,헝가리,816
2025,08,크로아티아,722
2025,08,불가리아,585
2025,08,영국보호민,504
2025,08,리투아니아,464
2025,08,슬로바크,438
2025,08,아제르바이잔,398
2025,08,벨라루스,321
2025,08,세르비아,320
2025,08,라트비아,297
2025,08,룩셈부르크,257
2025,08,슬로베니아,244
2025,08,에스토니아,208
2025,08,조지아,149
2025,08,몬테네그로,137
2025,08,몰타,115
2025,08,알바니아,84
2025,08,몰도바,66
2025,08,아르메니아,55
2025,08,유고슬라비아,50
2025,08,아이슬란드,44
2025,08,보스니아-헤르체고비나,21
2025,08,안도라,13
2025,08,코소보,9
2025,08,북마케도니아,9
2025,08,영국외지민,8
2025,08,모나코,7
2025,08,리히텐슈타인,5
2025,08,산마리노,3
2025,08,교황청,2
2025,08,오스트레일리아,14789
2025,08,뉴질랜드,2842
2025,08,피지,80
2025,08,파푸아뉴기니,68
2025,08,미이크로네시아,22
2025,08,바누아투,20
2025,08,마샬군도,18
2025,08,팔라우,18
2025,08,솔로몬군도,18
2025,08,사모아,17
2025,08,통가,16
2025,08,나우루,9
2025,08,투발루,7
2025,08,키리바시,4
2025,08,남아프리카공화국,2376
2025,08,에티오피아,1005
2025,08,모로코,848
2025,08,이집트,635
2025,08,케냐,611
2025,08,튀니지,332
2025,08,짐바브웨,288
2025,08,가나,258
2025,08,나이지리아,247
2025,08,탄자니아,240
2025,08,마다가스카르,233
2025,08,알제리,205
2025,08,우간다,168
2025,08,리비아,147
2025,08,르완다,134
2025,08,모리셔스,129
2025,08,코트디부아르,111
2025,08,카메룬,94
2025,08,콩고민주공화국,70
2025,08,세네갈,57
2025,08,수단,53
2025,08,감비아,50
2025,08,보츠와나,44
2025,08,부룬디,44
2025,08,모잠비크,43
2025,08,앙골라,35
2025,08,기니,33
2025,08,말라위,33
2025,08,잠비아,31
2025,08,라이베리아,29
2025,08,부르키나파소,27
2025,08,나미비아,24
2025,08,베냉,23
2025,08,시에라리온,23
2025,08,가봉,21
2025,08,에스와티니,19
2025,08,말리,18
2025,08,중앙아프리카공화국,16
2025,08,적도기니,16
2025,08,모리타니,14
2025,08,토고,14
2025,08,세이셸,11
2025,08,카보베르데,10
2025,08,콩고,7
2025,08,기니비사우,4
2025,08,니제르,4
2025,08,소말리아,4
2025,08,레소토,3
2025,08,남수단공화국,3
2025,08,차드,1
2025,08,지부티,1
2025,08,에스트레아,1
2025,08,기타,139
2025,09,중국,505556
2025,09,일본,373475
2025,09,타이완,156743
2025,09,베트남,52839
2025,09,필리핀,48651
2025,09,홍콩,40647
2025,09,말레이시아,31500
2025,09,싱가포르,29905
2025,09,인도네시아,26928
2025,09,타이,22794
2025,09,한국계중국인,19840
2025,09,인도,19510
2025,09,몽골,14570
2025,09,우즈베키스탄,9093
2025,09,미얀마,7394
2025,09,튀르키예,6119
2025,09,카자흐스탄,5921
2025,09,네팔,4084
2025,09,이스라엘,3898
2025,09,캄보디아,3668
2025,09,마카오,2791
2025,09,스리랑카,2740
2025,09,방글라데시,2318
2025,09,라오스,1982
2025,09,사우디아라비아,1713
2025,09,키르기즈,1571
2025,09,파키스탄,1502
2025,09,타지키스탄,933
2025,09,아랍에미리트연합,609
2025,09,이란,587
2025,09,브루나이,430
2025,09,시리아,323
2025,09,쿠웨이트,310
2025,09,이라크,271
2025,09,요르단,256
2025,09,티모르민주공화국,221
2025,09,투르크메니스탄,216
2025,09,오만,195
2025,09,카타르,158
2025,09,키프로스,149
2025,09,예멘공화국,106
2025,09,부탄,101
2025,09,레바논,100
2025,09,바레인,84
2025,09,팔레스타인,43
2025,09,몰디브,35
2025,09,아프가니스탄,26
2025,09,미국,128322
2025,09,캐나다,27860
2025,09,멕시코,8908
2025,09,브라질,3816
2025,09,콜롬비아,1726
2025,09,칠레,953
2025,09,아르헨티나,885
2025,09,페루,798
2025,09,에콰도르,407
2025,09,코스타리카,323
2025,09,베네수엘라,283
2025,09,과테말라,241
2025,09,도미니카공화국,230
2025,09,온두라스,227
2025,09,파나마,180
2025,09,엘살바도르,151
2025,09,자메이카,127
2025,09,우루과이,99
2025,09,세인트크리스토퍼네비스,93
2025,09,볼리비아,84
2025,09,파라과이,82
2025,09,도미니카연방,76
2025,09,트리니다드토바고,66
2025,09,니카라과,59
2025,09,그레나다,57
2025,09,바하마,51
2025,09,쿠바,48
2025,09,수리남,45
2025,09,세인트루시아,40
2025,09,바베이도스,31
2025,09,앤티카바부다,25
2025,09,벨리즈,17
2025,09,가이아나,16
2025,09,아이티,8
2025,09,세인트빈센트그레나딘,1
2025,09,러시아(연방),20135
2025,09,독일,19530
2025,09,영국,16466
2025,09,프랑스,16329
2025,09,이탈리아,7579
2025,09,폴란드,6804
2025,09,네덜란드,6227
2025,09,스페인,6059
2025,09,스위스,3330
2025,09,벨기에,2604
2025,09,스웨덴,2565
2025,09,우크라이나,2154
2025,09,덴마크,2029
2025,09,오스트리아,2005
2025,09,루마니아,1899
2025,09,포르투갈,1671
2025,09,아일랜드,1594
2025,09,노르웨이,1556
2025,09,핀란드,1509
2025,09,체코,1303
2025,09,그리스,1187
2025,09,헝가리,972
2025,09,불가리아,813
2025,09,크로아티아,785
2025,09,슬로바크,721
2025,09,리투아니아,570
2025,09,영국보호민,504
2025,09,세르비아,503
2025,09,슬로베니아,458
2025,09,라트비아,383
2025,09,에스토니아,267
2025,09,벨라루스,234
2025,09,몬테네그로,232
2025,09,조지아,226
2025,09,아제르바이잔,203
2025,09,룩셈부르크,188
2025,09,몰타,125
2025,09,알바니아,120
2025,09,아이슬란드,95
2025,09,유고슬라비아,67
2025,09,몰도바,54
2025,09,아르메니아,39
2025,09,코소보,28
2025,09,보스니아-헤르체고비나,23
2025,09,북마케도니아,20
2025,09,리히텐슈타인,15
2025,09,영국외지민,9
2025,09,안도라,8
2025,09,모나코,6
2025,09,산마리노,4
2025,09,오스트레일리아,26161
2025,09,뉴질랜드,4713
2025,09,피지,82
2025,09,파푸아뉴기니,50
2025,09,미이크로네시아,37
2025,09,사모아,26
2025,09,마샬군도,25
2025,09,바누아투,24
2025,09,키리바시,22
2025,09,팔라우,15
2025,09,솔로몬군도,15
2025,09,투발루,12
2025,09,통가,8
2025,09,나우루,7
2025,09,남아프리카공화국,1630
2025,09,에티오피아,839
2025,09,이집트,756
2025,09,모로코,636
2025,09,케냐,530
2025,09,튀니지,355
2025,09,짐바브웨,344
2025,09,리비아,267
2025,09,나이지리아,245
2025,09,마다가스카르,244
2025,09,가나,229
2025,09,탄자니아,212
2025,09,모리셔스,184
2025,09,알제리,168
2025,09,우간다,104
2025,09,르완다,94
2025,09,코트디부아르,71
2025,09,부룬디,69
2025,09,보츠와나,67
2025,09,감비아,67
2025,09,세네갈,60
2025,09,잠비아,48
2025,09,카메룬,45
2025,09,수단,44
2025,09,모잠비크,43
2025,09,콩고민주공화국,42
2025,09,시에라리온,36
2025,09,나미비아,35
2025,09,가봉,28
2025,09,앙골라,23
2025,09,말리,21
2025,09,에스와티니,20
2025,09,레소토,17
2025,09,부르키나파소,16
2025,09,라이베리아,15
2025,09,말라위,15
2025,09,모리타니,15
2025,09,베냉,14
2025,09,세이셸,13
2025,09,기니,12
2025,09,남수단공화국,12
2025,09,차드,8
2025,09,소말리아,8
2025,09,토고,8
2025,09,카보베르데,7
2025,09,콩고,7
2025,09,적도기니,7
2025,09,에리트레아,6
2025,09,중앙아프리카공화국,3
2025,09,니제르,3
2025,09,상투메프린시페,3
2025,09,코모로,1
2025,09,지부티,1
2025,09,기니비사우,1
2025,09,기타,184
2025,10,중국,480180
2025,10,일본,320448
2025,10,타이완,163398
2025,10,필리핀,64280
2025,10,베트남,57377
2025,10,홍콩,44545
2025,10,타이,42477
2025,10,싱가포르,40157
2025,10,말레이시아,34255
2025,10,인도네시아,33747
2025,10,한국계중국인,25865
2025,10,인도,17716
2025,10,몽골,14652
2025,10,미얀마,7971
2025,10,우즈베키스탄,6846
2025,10,카자흐스탄,6366
2025,10,튀르키예,6127
2025,10,캄보디아,5333
2025,10,이스라엘,4728
2025,10,네팔,3868
2025,10,방글라데시,3267
2025,10,라오스,3165
2025,10,마카오,3123
2025,10,스리랑카,3076
2025,10,사우디아라비아,2227
2025,10,파키스탄,1660
2025,10,키르기즈,1429
2025,10,아랍에미리트연합,1056
2025,10,브루나이,583
2025,10,타지키스탄,520
2025,10,쿠웨이트,398
2025,10,이란,390
2025,10,시리아,321
2025,10,요르단,319
2025,10,이라크,286
2025,10,카타르,231
2025,10,오만,228
2025,10,투르크메니스탄,225
2025,10,티모르민주공화국,225
2025,10,키프로스,166
2025,10,예멘공화국,130
2025,10,레바논,114
2025,10,바레인,99
2025,10,부탄,71
2025,10,아프가니스탄,25
2025,10,몰디브,24
2025,10,팔레스타인,22
2025,10,미국,155762
2025,10,캐나다,31452
2025,10,멕시코,9981
2025,10,브라질,5061
2025,10,콜롬비아,1973
2025,10,아르헨티나,1192
2025,10,칠레,1117
2025,10,페루,911
2025,10,에콰도르,474
2025,10,코스타리카,399
2025,10,도미니카공화국,291
2025,10,과테말라,257
2025,10,베네수엘라,256
2025,10,파나마,232
2025,10,바하마,192
2025,10,온두라스,190
2025,10,엘살바도르,175
2025,10,파라과이,139
2025,10,자메이카,135
2025,10,우루과이,74
2025,10,니카라과,70
2025,10,트리니다드토바고,68
2025,10,도미니카연방,66
2025,10,세인트크리스토퍼네비스,63
2025,10,볼리비아,61
2025,10,쿠바,49
2025,10,그레나다,46
2025,10,세인트루시아,30
2025,10,바베이도스,20
2025,10,아이티,20
2025,10,가이아나,16
2025,10,벨리즈,16
2025,10,세인트빈센트그레나딘,16
2025,10,앤티카바부다,16
2025,10,수리남,10
2025,10,미국인근섬,1
2025,10,러시아(연방),24627
2025,10,프랑스,21002
2025,10,독일,19890
2025,10,영국,19574
2025,10,이탈리아,7779
2025,10,네덜란드,6472
2025,10,스페인,6238
2025,10,폴란드,5442
2025,10,스위스,3852
2025,10,스웨덴,3241
2025,10,덴마크,2695
2025,10,벨기에,2552
2025,10,우크라이나,2315
2025,10,루마니아,2170
2025,10,포르투갈,2002
2025,10,오스트리아,1803
2025,10,아일랜드,1787
2025,10,핀란드,1633
2025,10,노르웨이,1591
2025,10,체코,1504
2025,10,헝가리,1199
2025,10,그리스,1158
2025,10,불가리아,796
2025,10,리투아니아,702
2025,10,크로아티아,628
2025,10,슬로바크,572
2025,10,영국보호민,538
2025,10,세르비아,531
2025,10,라트비아,337
2025,10,슬로베니아,323
2025,10,에스토니아,310
2025,10,벨라루스,291
2025,10,몬테네그로,244
2025,10,룩셈부르크,172
2025,10,아제르바이잔,171
2025,10,조지아,155
2025,10,알바니아,131
2025,10,유고슬라비아,93
2025,10,몰타,90
2025,10,몰도바,83
2025,10,아이슬란드,78
2025,10,아르메니아,77
2025,10,보스니아-헤르체고비나,41
2025,10,코소보,22
2025,10,북마케도니아,17
2025,10,리히텐슈타인,16
2025,10,안도라,16
2025,10,영국외지민,12
2025,10,모나코,7
2025,10,산마리노,4
2025,10,오스트레일리아,27457
2025,10,뉴질랜드,4557
2025,10,피지,78
2025,10,파푸아뉴기니,66
2025,10,사모아,45
2025,10,미이크로네시아,31
2025,10,바누아투,28
2025,10,마샬군도,20
2025,10,팔라우,19
2025,10,키리바시,17
2025,10,솔로몬군도,9
2025,10,통가,9
2025,10,투발루,2
2025,10,남아프리카공화국,2183
2025,10,에티오피아,918
2025,10,이집트,867
2025,10,모로코,694
2025,10,케냐,657
2025,10,짐바브웨,377
2025,10,튀니지,362
2025,10,리비아,308
2025,10,마다가스카르,301
2025,10,알제리,266
2025,10,나이지리아,226
2025,10,가나,223
2025,10,모리셔스,176
2025,10,탄자니아,108
2025,10,우간다,106
2025,10,르완다,91
2025,10,모잠비크,72
2025,10,세네갈,58
2025,10,카메룬,52
2025,10,콩고민주공화국,48
2025,10,코트디부아르,47
2025,10,수단,45
2025,10,잠비아,43
2025,10,감비아,42
2025,10,부룬디,40
2025,10,보츠와나,27
2025,10,앙골라,21
2025,10,모리타니,20
2025,10,나미비아,19
2025,10,베냉,18
2025,10,말리,17
2025,10,기니,15
2025,10,말라위,15
2025,10,부르키나파소,15
2025,10,라이베리아,13
2025,10,레소토,12
2025,10,토고,12
2025,10,가봉,10
2025,10,에스와티니,10
2025,10,세이셸,8
2025,10,콩고,8
2025,10,카보베르데,7
2025,10,시에라리온,5
2025,10,남수단공화국,4
2025,10,소말리아,4
2025,10,에리트레아,3
2025,10,중앙아프리카공화국,3
2025,10,코모로,3
2025,10,니제르,2
2025,10,적도기니,2
2025,10,지부티,2
2025,10,차드,2
2025,10,기니비사우,1
2025,11,중국,381087
2025,11,일본,365630
2025,11,타이완,160169
2025,11,필리핀,60970
2025,11,홍콩,49360
2025,11,싱가포르,48657
2025,11,베트남,48593
2025,11,말레이시아,36401
2025,11,타이,33527
2025,11,인도네시아,30577
2025,11,한국계중국인,17084
2025,11,인도,16777
2025,11,몽골,13378
2025,11,미얀마,6408
2025,11,튀르키예,5890
2025,11,카자흐스탄,5370
2025,11,우즈베키스탄,5336
2025,11,네팔,5170
2025,11,캄보디아,4345
2025,11,마카오,3753
2025,11,사우디아라비아,2593
2025,11,이스라엘,2231
2025,11,방글라데시,2001
2025,11,스리랑카,1964
2025,11,라오스,1949
2025,11,파키스탄,1307
2025,11,키르기즈,1040
2025,11,아랍에미리트연합,934
2025,11,브루나이,791
2025,11,타지키스탄,547
2025,11,쿠웨이트,333
2025,11,이란,318
2025,11,요르단,284
2025,11,이라크,263
2025,11,오만,201
2025,11,시리아,190
2025,11,투르크메니스탄,140
2025,11,레바논,139
2025,11,카타르,134
2025,11,바레인,122
2025,11,키프로스,122
2025,11,티모르민주공화국,119
2025,11,부탄,67
2025,11,예멘공화국,66
2025,11,팔레스타인,34
2025,11,몰디브,32
2025,11,아프가니스탄,20
2025,11,미국,138997
2025,11,캐나다,23461
2025,11,멕시코,7969
2025,11,브라질,3590
2025,11,콜롬비아,1594
2025,11,칠레,833
2025,11,아르헨티나,780
2025,11,페루,697
2025,11,코스타리카,309
2025,11,에콰도르,237
2025,11,파나마,234
2025,11,베네수엘라,206
2025,11,과테말라,169
2025,11,온두라스,157
2025,11,도미니카공화국,151
2025,11,자메이카,124
2025,11,엘살바도르,114
2025,11,볼리비아,99
2025,11,세인트크리스토퍼네비스,73
2025,11,니카라과,70
2025,11,파라과이,70
2025,11,도미니카연방,65
2025,11,우루과이,60
2025,11,트리니다드토바고,56
2025,11,쿠바,37
2025,11,그레나다,34
2025,11,바하마,25
2025,11,세인트루시아,23
2025,11,바베이도스,18
2025,11,앤티카바부다,16
2025,11,아이티,14
2025,11,세인트빈센트그레나딘,14
2025,11,벨리즈,11
2025,11,가이아나,8
2025,11,수리남,8
2025,11,러시아(연방),17681
2025,11,영국,13954
2025,11,프랑스,13754
2025,11,독일,13114
2025,11,이탈리아,7389
2025,11,스페인,5339
2025,11,폴란드,5281
2025,11,네덜란드,4947
2025,11,스웨덴,2686
2025,11,우크라이나,2118
2025,11,스위스,1847
2025,11,벨기에,1679
2025,11,덴마크,1632
2025,11,루마니아,1488
2025,11,포르투갈,1475
2025,11,핀란드,1443
2025,11,오스트리아,1378
2025,11,아일랜드,1305
2025,11,노르웨이,1283
2025,11,그리스,1219
2025,11,체코,1197
2025,11,불가리아,638
2025,11,헝가리,603
2025,11,리투아니아,593
2025,11,크로아티아,573
2025,11,영국보호민,565
2025,11,세르비아,412
2025,11,슬로바크,374
2025,11,라트비아,293
2025,11,슬로베니아,265
2025,11,에스토니아,260
2025,11,벨라루스,251
2025,11,아제르바이잔,178
2025,11,몬테네그로,174
2025,11,룩셈부르크,139
2025,11,몰타,117
2025,11,조지아,113
2025,11,아이슬란드,98
2025,11,알바니아,91
2025,11,유고슬라비아,61
2025,11,아르메니아,45
2025,11,몰도바,32
2025,11,보스니아-헤르체고비나,24
2025,11,코소보,21
2025,11,안도라,10
2025,11,리히텐슈타인,10
2025,11,모나코,6
2025,11,산마리노,6
2025,11,북마케도니아,5
2025,11,영국외지민,3
2025,11,교황청,1
2025,11,오스트레일리아,23839
2025,11,뉴질랜드,4003
2025,11,피지,114
2025,11,미이크로네시아,46
2025,11,파푸아뉴기니,31
2025,11,사모아,26
2025,11,통가,21
2025,11,바누아투,21
2025,11,마샬군도,12
2025,11,팔라우,11
2025,11,솔로몬군도,9
2025,11,키리바시,7
2025,11,투발루,7
2025,11,나우루,3
2025,11,남아프리카공화국,1087
2025,11,에티오피아,988
2025,11,이집트,730
2025,11,모로코,542
2025,11,케냐,343
2025,11,튀니지,337
2025,11,짐바브웨,236
2025,11,가나,219
2025,11,리비아,204
2025,11,나이지리아,191
2025,11,모리셔스,173
2025,11,알제리,168
2025,11,탄자니아,128
2025,11,마다가스카르,108
2025,11,우간다,74
2025,11,카메룬,57
2025,11,르완다,56
2025,11,수단,45
2025,11,세네갈,40
2025,11,코트디부아르,32
2025,11,잠비아,30
2025,11,모잠비크,21
2025,11,보츠와나,20
2025,11,콩고민주공화국,20
2025,11,앙골라,16
2025,11,말리,15
2025,11,가봉,14
2025,11,모리타니,14
2025,11,라이베리아,13
2025,11,나미비아,12
2025,11,감비아,11
2025,11,부룬디,9
2025,11,말라위,9
2025,11,세이셸,9
2025,11,카보베르데,8
2025,11,중앙아프리카공화국,8
2025,11,기니,8
2025,11,부르키나파소,8
2025,11,베냉,7
2025,11,니제르,7
2025,11,에스와티니,7
2025,11,콩고,6
2025,11,적도기니,6
2025,11,레소토,6
2025,11,소말리아,6
2025,11,에리트레아,5
2025,11,기니비사우,5
2025,11,토고,5
2025,11,지부티,4
2025,11,시에라리온,4
2025,11,남수단공화국,4
2025,11,차드,2
2025,11,코모로,1
2025,11,기타,195
2025,12,중국,397895
2025,12,일본,307730
2025,12,타이완,165658
2025,12,홍콩,68000
2025,12,싱가포르,64162
2025,12,필리핀,54515
2025,12,말레이시아,44050
2025,12,타이,40356
2025,12,베트남,39191
2025,12,인도네시아,34339
2025,12,한국계중국인,14686
2025,12,몽골,13990
2025,12,인도,11821
2025,12,미얀마,7967
2025,12,마카오,6912
2025,12,캄보디아,4691
2025,12,우즈베키스탄,4355
2025,12,카자흐스탄,3473
2025,12,네팔,3309
2025,12,튀르키예,2540
2025,12,라오스,1924
2025,12,방글라데시,1867
2025,12,브루나이,1830
2025,12,스리랑카,1684
2025,12,사우디아라비아,1263
2025,12,파키스탄,1231
2025,12,아랍에미리트연합,1224
2025,12,키르기즈,889
2025,12,이스라엘,868
2025,12,타지키스탄,434
2025,12,쿠웨이트,305
2025,12,이란,260
2025,12,시리아,218
2025,12,이라크,209
2025,12,카타르,205
2025,12,요르단,168
2025,12,오만,147
2025,12,투르크메니스탄,125
2025,12,바레인,112
2025,12,티모르민주공화국,98
2025,12,예멘공화국,87
2025,12,키프로스,84
2025,12,레바논,37
2025,12,아프가니스탄,26
2025,12,팔레스타인,12
2025,12,몰디브,11
2025,12,부탄,8
2025,12,미국,111933
2025,12,캐나다,18834
2025,12,멕시코,4643
2025,12,브라질,3027
2025,12,콜롬비아,934
2025,12,아르헨티나,509
2025,12,칠레,439
2025,12,페루,424
2025,12,코스타리카,199
2025,12,과테말라,148
2025,12,베네수엘라,122
2025,12,에콰도르,113
2025,12,도미니카공화국,111
2025,12,파나마,89
2025,12,세인트크리스토퍼네비스,60
2025,12,도미니카연방,49
2025,12,온두라스,47
2025,12,우루과이,43
2025,12,파라과이,40
2025,12,엘살바도르,36
2025,12,자메이카,26
2025,12,트리니다드토바고,25
2025,12,그레나다,24
2025,12,세인트루시아,22
2025,12,바하마,21
2025,12,볼리비아,19
2025,12,쿠바,13
2025,12,아이티,12
2025,12,앤티카바부다,11
2025,12,니카라과,11
2025,12,바베이도스,10
2025,12,벨리즈,10
2025,12,가이아나,6
2025,12,러시아(연방),12454
2025,12,프랑스,10663
2025,12,영국,9507
2025,12,독일,9225
2025,12,이탈리아,6894
2025,12,스페인,3739
2025,12,네덜란드,2747
2025,12,폴란드,2506
2025,12,스웨덴,2384
2025,12,스위스,1563
2025,12,우크라이나,1512
2025,12,핀란드,1288
2025,12,포르투갈,1241
2025,12,노르웨이,1060
2025,12,루마니아,1018
2025,12,벨기에,1002
2025,12,덴마크,981
2025,12,오스트리아,978
2025,12,그리스,836
2025,12,아일랜드,803
2025,12,체코,623
2025,12,영국보호민,590
2025,12,헝가리,428
2025,12,불가리아,399
2025,12,크로아티아,332
2025,12,리투아니아,296
2025,12,라트비아,252
2025,12,슬로바크,195
2025,12,몬테네그로,161
2025,12,세르비아,146
2025,12,에스토니아,141
2025,12,아제르바이잔,130
2025,12,조지아,123
2025,12,슬로베니아,115
2025,12,룩셈부르크,112
2025,12,벨라루스,98
2025,12,알바니아,66
2025,12,아이슬란드,55
2025,12,몰타,47
2025,12,유고슬라비아,44
2025,12,아르메니아,19
2025,12,몰도바,19
2025,12,안도라,18
2025,12,리히텐슈타인,10
2025,12,코소보,7
2025,12,모나코,7
2025,12,산마리노,5
2025,12,교황청,1
2025,12,오스트레일리아,27773
2025,12,뉴질랜드,4083
2025,12,피지,98
2025,12,파푸아뉴기니,47
2025,12,미이크로네시아,39
2025,12,바누아투,30
2025,12,사모아,20
2025,12,팔라우,17
2025,12,마샬군도,13
2025,12,통가,13
2025,12,솔로몬군도,9
2025,12,나우루,7
2025,12,투발루,7
2025,12,키리바시,3
2025,12,남아프리카공화국,1176
2025,12,이집트,499
2025,12,모로코,399
2025,12,리비아,212
2025,12,튀니지,202
2025,12,모리셔스,190
2025,12,에티오피아,149
2025,12,나이지리아,149
2025,12,탄자니아,149
2025,12,알제리,106
2025,12,가나,96
2025,12,케냐,89
2025,12,콩고민주공화국,47
2025,12,르완다,42
2025,12,우간다,42
2025,12,수단,33
2025,12,마다가스카르,30
2025,12,카메룬,28
2025,12,세네갈,28
2025,12,가봉,24
2025,12,잠비아,20
2025,12,짐바브웨,17
2025,12,앙골라,13
2025,12,부룬디,13
2025,12,코트디부아르,13
2025,12,세이셸,11
2025,12,토고,11
2025,12,보츠와나,10
2025,12,라이베리아,10
2025,12,모잠비크,10
2025,12,말리,9
2025,12,기니,8
2025,12,말라위,8
2025,12,감비아,7
2025,12,부르키나파소,7
2025,12,베냉,6
2025,12,시에라리온,6
2025,12,에스와티니,5
2025,12,카보베르데,4
2025,12,니제르,4
2025,12,차드,3
2025,12,모리타니,3
2025,12,코모로,2
2025,12,나미비아,2
2025,12,콩고,1
2025,12,지부티,1
2025,12,적도기니,1
2025,12,레소토,1
2025,12,남수단공화국,1
2025,12,기타,102
2026,01,중국,425419
2026,01,일본,229946
2026,01,타이완,168664
2026,01,필리핀,41968
2026,01,홍콩,37653
2026,01,베트남,28279
2026,01,말레이시아,27601
2026,01,인도네시아,26693
2026,01,태국,22113
2026,01,몽골,17625
2026,01,한국계중국인,16960
2026,01,싱가포르,16902
2026,01,인도,10931
2026,01,미얀마,7330
2026,01,우즈베키스탄,6727
2026,01,카자흐스탄,4300
2026,01,캄보디아,4200
2026,01,네팔,3684
2026,01,튀르키예,2771
2026,01,마카오,2374
2026,01,방글라데시,2339
2026,01,라오스,2080
2026,01,스리랑카,1926
2026,01,파키스탄,1480
2026,01,사우디아라비아,1417
2026,01,키르기즈,935
2026,01,이스라엘,681
2026,01,브루나이,670
2026,01,타지키스탄,488
2026,01,아랍에미리트연합,485
2026,01,쿠웨이트,447
2026,01,티모르민주공화국,252
2026,01,이란,226
2026,01,이라크,200
2026,01,카타르,158
2026,01,시리아,154
2026,01,투르크메니스탄,154
2026,01,요르단,140
2026,01,오만,99
2026,01,예멘공화국,69
2026,01,키프로스,47
2026,01,바레인,45
2026,01,레바논,42
2026,01,아프가니스탄,20
2026,01,팔레스타인,19
2026,01,부탄,14
2026,01,몰디브,14
2026,01,홍콩거주난민,1
2026,01,미국,86085
2026,01,캐나다,15023
2026,01,멕시코,4019
2026,01,브라질,2964
2026,01,콜롬비아,810
2026,01,아르헨티나,753
2026,01,칠레,585
2026,01,페루,491
2026,01,코스타리카,188
2026,01,파나마,129
2026,01,베네수엘라,118
2026,01,에콰도르,106
2026,01,도미니카공화국,103
2026,01,과테말라,71
2026,01,우루과이,66
2026,01,온두라스,61
2026,01,세인트크리스토퍼네비스,60
2026,01,파라과이,47
2026,01,자메이카,36
2026,01,엘살바도르,35
2026,01,볼리비아,30
2026,01,도미니카연방,26
2026,01,니카라과,15
2026,01,아이티,13
2026,01,세인트루시아,13
2026,01,트리니다드토바고,13
2026,01,그레나다,11
2026,01,바베이도스,7
2026,01,바하마,5
2026,01,벨리즈,5
2026,01,쿠바,4
2026,01,가이아나,4
2026,01,앤티카바부다,3
2026,01,세인트빈센트그레나딘,1
2026,01,러시아(연방),12871
2026,01,독일,8625
2026,01,영국,7780
2026,01,프랑스,7601
2026,01,이탈리아,4506
2026,01,스페인,2513
2026,01,폴란드,2271
2026,01,네덜란드,2020
2026,01,스웨덴,1665
2026,01,우크라이나,1575
2026,01,스위스,1101
2026,01,노르웨이,961
2026,01,핀란드,886
2026,01,루마니아,866
2026,01,덴마크,842
2026,01,오스트리아,809
2026,01,벨기에,805
2026,01,아일랜드,788
2026,01,그리스,746
2026,01,포르투갈,669
2026,01,체코,618
2026,01,헝가리,380
2026,01,영국보호민,353
2026,01,크로아티아,318
2026,01,리투아니아,317
2026,01,불가리아,295
2026,01,슬로바크,224
2026,01,라트비아,198
2026,01,몬테네그로,126
2026,01,세르비아,119
2026,01,아제르바이잔,106
2026,01,조지아,99
2026,01,에스토니아,91
2026,01,슬로베니아,88
2026,01,벨라루스,87
2026,01,룩셈부르크,72
2026,01,알바니아,34
2026,01,아이슬란드,33
2026,01,몰타,29
2026,01,유고슬라비아,27
2026,01,몰도바,20
2026,01,아르메니아,16
2026,01,코소보,15
2026,01,리히텐슈타인,8
2026,01,안도라,5
2026,01,모나코,4
2026,01,보스니아-헤르체고비나,1
2026,01,산마리노,1
2026,01,오스트레일리아,23166
2026,01,뉴질랜드,2961
2026,01,피지,82
2026,01,바누아투,27
2026,01,미이크로네시아,25
2026,01,파푸아뉴기니,21
2026,01,마샬군도,14
2026,01,솔로몬군도,13
2026,01,사모아,10
2026,01,통가,6
2026,01,팔라우,4
2026,01,투발루,4
2026,01,키리바시,2
2026,01,나우루,2
2026,01,남아프리카공화국,1201
2026,01,이집트,449
2026,01,모로코,308
2026,01,리비아,172
2026,01,케냐,143
2026,01,나이지리아,142
2026,01,에티오피아,141
2026,01,튀니지,132
2026,01,가나,114
2026,01,모리셔스,62
2026,01,알제리,61
2026,01,마다가스카르,54
2026,01,르완다,44
2026,01,짐바브웨,39
2026,01,탄자니아,39
2026,01,우간다,35
2026,01,수단,33
2026,01,부룬디,31
2026,01,세네갈,27
2026,01,카메룬,26
2026,01,콩고민주공화국,26
2026,01,모잠비크,26
2026,01,잠비아,25
2026,01,말라위,18
2026,01,코트디부아르,17
2026,01,라이베리아,17
2026,01,앙골라,15
2026,01,말리,14
2026,01,에스와티니,10
2026,01,가봉,9
2026,01,보츠와나,8
2026,01,감비아,8
2026,01,기니,6
2026,01,남수단공화국,6
2026,01,토고,4
2026,01,부르키나파소,4
2026,01,시에라리온,3
2026,01,베냉,2
2026,01,적도기니,2
2026,01,기니비사우,2
2026,01,모리타니,2
2026,01,나미비아,2
2026,01,소말리아,2
2026,01,중앙아프리카공화국,1
2026,01,코모로,1
2026,01,콩고,1
2026,01,지부티,1
2026,01,레소토,1
2026,01,기타,51
2026,02,중국,516274
2026,02,일본,236627
2026,02,타이완,186201
2026,02,베트남,59304
2026,02,홍콩,47177
2026,02,필리핀,44728
2026,02,태국,27118
2026,02,인도네시아,26893
2026,02,한국계중국인,23953
2026,02,말레이시아,23080
2026,02,싱가포르,17205
2026,02,몽골,13569
2026,02,인도,13464
2026,02,미얀마,8501
2026,02,우즈베키스탄,8045
2026,02,카자흐스탄,5208
2026,02,네팔,4995
2026,02,캄보디아,4980
2026,02,마카오,4027
2026,02,튀르키예,3030
2026,02,방글라데시,2944
2026,02,스리랑카,2709
2026,02,라오스,2620
2026,02,파키스탄,1798
2026,02,키르기즈,1330
2026,02,이스라엘,823
2026,02,브루나이,553
2026,02,타지키스탄,473
2026,02,사우디아라비아,452
2026,02,아랍에미리트연합,259
2026,02,투르크메니스탄,200
2026,02,티모르민주공화국,196
2026,02,이란,190
2026,02,시리아,185
2026,02,이라크,181
2026,02,요르단,164
2026,02,예멘공화국,75
2026,02,레바논,71
2026,02,카타르,71
2026,02,오만,70
2026,02,쿠웨이트,61
2026,02,키프로스,58
2026,02,바레인,41
2026,02,아프가니스탄,29
2026,02,부탄,29
2026,02,팔레스타인,18
2026,02,몰디브,10
2026,02,미국,90433
2026,02,캐나다,16504
2026,02,멕시코,3884
2026,02,브라질,2739
2026,02,칠레,917
2026,02,아르헨티나,784
2026,02,콜롬비아,704
2026,02,페루,610
2026,02,코스타리카,271
2026,02,에콰도르,184
2026,02,베네수엘라,160
2026,02,온두라스,138
2026,02,파나마,115
2026,02,도미니카공화국,103
2026,02,엘살바도르,85
2026,02,과테말라,81
2026,02,자메이카,80
2026,02,우루과이,59
2026,02,파라과이,56
2026,02,세인트크리스토퍼네비스,52
2026,02,트리니다드토바고,30
2026,02,도미니카연방,27
2026,02,볼리비아,25
2026,02,쿠바,22
2026,02,니카라과,22
2026,02,그레나다,20
2026,02,세인트루시아,18
2026,02,앤티카바부다,16
2026,02,가이아나,13
2026,02,바하마,11
2026,02,아이티,8
2026,02,벨리즈,7
2026,02,바베이도스,6
2026,02,수리남,6
2026,02,세인트빈센트그레나딘,2
2026,02,러시아(연방),14628
2026,02,프랑스,10596
2026,02,영국,8939
2026,02,독일,8482
2026,02,이탈리아,3932
2026,02,폴란드,3168
2026,02,네덜란드,3097
2026,02,스페인,2635
2026,02,우크라이나,1865
2026,02,스웨덴,1596
2026,02,스위스,1529
2026,02,핀란드,1142
2026,02,벨기에,1072
2026,02,덴마크,1042
2026,02,노르웨이,1042
2026,02,포르투갈,1029
2026,02,오스트리아,947
2026,02,루마니아,912
2026,02,아일랜드,891
2026,02,체코,793
2026,02,그리스,745
2026,02,크로아티아,483
2026,02,영국보호민,439
2026,02,불가리아,372
2026,02,헝가리,364
2026,02,리투아니아,300
2026,02,슬로바크,293
2026,02,세르비아,236
2026,02,라트비아,192
2026,02,아제르바이잔,187
2026,02,조지아,178
2026,02,에스토니아,164
2026,02,몬테네그로,160
2026,02,벨라루스,136
2026,02,슬로베니아,106
2026,02,룩셈부르크,92
2026,02,알바니아,57
2026,02,몰타,49
2026,02,아르메니아,36
2026,02,몰도바,36
2026,02,아이슬란드,32
2026,02,유고슬라비아,26
2026,02,보스니아-헤르체고비나,23
2026,02,북마케도니아,8
2026,02,안도라,7
2026,02,코소보,7
2026,02,리히텐슈타인,7
2026,02,영국외지민,4
2026,02,모나코,4
2026,02,산마리노,2
2026,02,오스트레일리아,12695
2026,02,뉴질랜드,2147
2026,02,피지,52
2026,02,사모아,47
2026,02,통가,36
2026,02,파푸아뉴기니,21
2026,02,바누아투,15
2026,02,미이크로네시아,9
2026,02,나우루,8
2026,02,투발루,7
2026,02,솔로몬군도,6
2026,02,키리바시,5
2026,02,마샬군도,5
2026,02,팔라우,4
2026,02,남아프리카공화국,2037
2026,02,에티오피아,868
2026,02,케냐,498
2026,02,이집트,468
2026,02,모로코,372
2026,02,마다가스카르,274
2026,02,튀니지,232
2026,02,가나,202
2026,02,나이지리아,184
2026,02,짐바브웨,180
2026,02,탄자니아,167
2026,02,알제리,135
2026,02,르완다,124
2026,02,리비아,115
2026,02,모리셔스,88
2026,02,부룬디,81
2026,02,코트디부아르,55
2026,02,우간다,51
2026,02,콩고민주공화국,45
2026,02,세네갈,34
2026,02,감비아,33
2026,02,수단,29
2026,02,카메룬,27
2026,02,가봉,18
2026,02,라이베리아,16
2026,02,에스와티니,14
2026,02,토고,14
2026,02,앙골라,13
2026,02,기니,13
2026,02,모잠비크,10
2026,02,중앙아프리카공화국,9
2026,02,말라위,9
2026,02,카보베르데,8
2026,02,부르키나파소,8
2026,02,모리타니,7
2026,02,나미비아,7
2026,02,보츠와나,6
2026,02,말리,6
2026,02,시에라리온,6
2026,02,남수단공화국,6
2026,02,잠비아,6
2026,02,세이셀,5
2026,02,콩고,4
2026,02,베냉,4
2026,02,차드,3
2026,02,적도기니,3
2026,02,에리트레아,3
2026,02,레소토,3
2026,02,기니비사우,1
2026,02,기타,60
2026,03,중국,506785
2026,03,일본,484853
2026,03,타이완,194224
2026,03,베트남,89413
2026,03,필리핀,71196
2026,03,홍콩,59115
2026,03,인도네시아,45245
2026,03,싱가포르,42106
2026,03,태국,41447
2026,03,말레이시아,33826
2026,03,한국계중국인,21950
2026,03,인도,21516
2026,03,몽골,16289
2026,03,미얀마,10830
2026,03,우즈베키스탄,8357
2026,03,네팔,7789
2026,03,카자흐스탄,6966
2026,03,튀르키예,6498
2026,03,캄보디아,6206
2026,03,라오스,6009
2026,03,마카오,3798
2026,03,방글라데시,3672
2026,03,스리랑카,2849
2026,03,파키스탄,1524
2026,03,키르기즈,1313
2026,03,이스라엘,1275
2026,03,브루나이,780
2026,03,타지키스탄,725
2026,03,사우디아라비아,544
2026,03,아랍에미리트연합,343
2026,03,티모르민주공화국,184
2026,03,투르크메니스탄,179
2026,03,키프로스,177
2026,03,이란,118
2026,03,요르단,115
2026,03,요만,89
2026,03,예멘공화국,78
2026,03,시리아,69
2026,03,레바논,68
2026,03,부탄,58
2026,03,이라크,37
2026,03,쿠웨이트,21
2026,03,카타르,21
2026,03,아프가니스탄,13
2026,03,몰디브,11
2026,03,바레인,9
2026,03,팔레스타인,7
2026,03,홍콩거주난민,1
2026,03,미국,162258
2026,03,캐나다,33227
2026,03,멕시코,9041
2026,03,브라질,4163
2026,03,콜롬비아,1867
2026,03,아르헨티나,1460
2026,03,페루,939
2026,03,칠레,866
2026,03,에콰도르,415
2026,03,코스타리카,316
2026,03,온두라스,227
2026,03,과테말라,223
2026,03,베네수엘라,222
2026,03,도미니카공화국,181
2026,03,파나마,176
2026,03,우루과이,168
2026,03,자메이카,129
2026,03,엘살바도르,107
2026,03,니카라과,74
2026,03,트리니다드토바고,72
2026,03,파라과이,66
2026,03,세인트크리스토퍼네비스,58
2026,03,볼리비아,38
2026,03,도미니카연방,33
2026,03,바하마,23
2026,03,세인트루시아,21
2026,03,그레나다,18
2026,03,가이아나,13
2026,03,바베이도스,12
2026,03,쿠바,12
2026,03,앤티카바부다,10
2026,03,수리남,8
2026,03,아이티,6
2026,03,세인트빈센트그레나딘,5
2026,03,벨리즈,2
2026,03,독일,25827
2026,03,영국,22145
2026,03,러시아(연방),21978
2026,03,프랑스,17160
2026,03,이탈리아,9028
2026,03,폴란드,8636
2026,03,스페인,7043
2026,03,네덜란드,5918
2026,03,스웨덴,3329
2026,03,덴마크,3198
2026,03,스위스,2957
2026,03,루마니아,2575
2026,03,우크라이나,2457
2026,03,노르웨이,2382
2026,03,포르투갈,2354
2026,03,오스트리아,2292
2026,03,체코,2266
2026,03,핀란드,2007
2026,03,아일랜드,1938
2026,03,벨기에,1928
2026,03,그리스,1506
2026,03,불가리아,1238
2026,03,헝가리,1117
2026,03,크로아티아,893
2026,03,리투아니아,824
2026,03,슬로바크,691
2026,03,영국보호민,583
2026,03,세르비아,442
2026,03,에스토니아,440
2026,03,라트비아,423
2026,03,룩셈부르크,339
2026,03,아제르바이잔,244
2026,03,슬로베니아,244
2026,03,벨라루스,224
2026,03,몬테네그로,217
2026,03,몰타,208
2026,03,조지아,163
2026,03,알바니아,148
2026,03,아이슬란드,146
2026,03,유고슬라비아,73
2026,03,아르메니아,63
2026,03,몰도바,44
2026,03,보스니아-헤르체고비나,29
2026,03,코소보,14
2026,03,안도라,11
2026,03,리히텐슈타인,11
2026,03,북마케도니아,11
2026,03,모나코,9
2026,03,영국외지민,5
2026,03,산마리노,2
2026,03,오스트레일리아,27927
2026,03,뉴질랜드,3903
2026,03,키리바시,62
2026,03,피지,58
2026,03,미이크로네시아,47
2026,03,사모아,35
2026,03,마샬군도,32
2026,03,바누아투,32
2026,03,파푸아뉴기니,26
2026,03,솔로몬군도,20
2026,03,팔라우,19
2026,03,투발루,4
2026,03,노퍽,3
2026,03,통가,3
2026,03,나우루,1
2026,03,남아프리카공화국,1645
2026,03,에티오피아,884
2026,03,케냐,552
2026,03,이집트,412
2026,03,짐바브웨,377
2026,03,모로코,328
2026,03,가나,239
2026,03,모리셔스,235
2026,03,나이지리아,223
2026,03,튀니지,223
2026,03,마다가스카르,221
2026,03,르완다,120
2026,03,탄자니아,102
2026,03,부룬디,101
2026,03,우간다,100
2026,03,리비아,93
2026,03,알제리,80
2026,03,카메룬,50
2026,03,콩고민주공화국,46
2026,03,감비아,41
2026,03,세네갈,33
2026,03,잠비아,33
2026,03,수단,29
2026,03,코트디부아르,26
2026,03,말라위,25
2026,03,앙골라,20
2026,03,보츠와나,20
2026,03,라이베리아,20
2026,03,나미비아,17
2026,03,모잠비크,16
2026,03,토고,10
2026,03,부르키나파소,10
2026,03,기니,9
2026,03,카보베르데,8
2026,03,가봉,8
2026,03,말리,7
2026,03,모리타니,7
2026,03,차드,6
2026,03,베냉,6
2026,03,에스와티니,6
2026,03,시에라리온,5
2026,03,남수단공화국,4
2026,03,레소토,3
2026,03,중앙아프리카공화국,2
2026,03,지부티,2
2026,03,코모로,1
2026,03,니제르,1
2026,03,세이셸,1
2026,03,기타,119
2026,04,중국,579349
2026,04,일본,307109
2026,04,타이완,194749
2026,04,필리핀,78088
2026,04,홍콩,70464
2026,04,베트남,69490
2026,04,태국,53038
2026,04,싱가포르,44903
2026,04,인도네시아,42658
2026,04,말레이시아,35995
2026,04,인도,22568
2026,04,한국계중국인,16832
2026,04,몽골,13838
2026,04,미얀마,11173
2026,04,캄보디아,8790
2026,04,튀르키예,8355
2026,04,카자흐스탄,7508
2026,04,라오스,6503
2026,04,우즈베키스탄,5661
2026,04,마카오,4274
2026,04,네팔,3317
2026,04,방글라데시,2312
2026,04,스리랑카,2292
2026,04,이스라엘,2233
2026,04,파키스탄,1611
2026,04,키르기즈,1277
2026,04,사우디아라비아,810
2026,04,타지키스탄,795
2026,04,브루나이,532
2026,04,아랍에미리트연합,397
2026,04,키프로스,284
2026,04,시리아,260
2026,04,요르단,195
2026,04,투르크메니스탄,186
2026,04,오만,167
2026,04,티모르민주공화국,157
2026,04,이란,131
2026,04,이라크,92
2026,04,예멘공화국,90
2026,04,카타르,85
2026,04,부탄,68
2026,04,레바논,62
2026,04,몰디브,50
2026,04,쿠웨이트,48
2026,04,아프가니스탄,28
2026,04,바레인,27
2026,04,팔레스타인,7
2026,04,미국,180405
2026,04,미국,24
2026,04,캐나다,36184
2026,04,캐나다,2
2026,04,멕시코,11857
2026,04,브라질,5889
2026,04,콜롬비아,2496
2026,04,아르헨티나,1517
2026,04,칠레,1070
2026,04,페루,1041
2026,04,에콰도르,493
2026,04,코스타리카,452
2026,04,과테말라,307
2026,04,파나마,294
2026,04,도미니카공화국,292
2026,04,베네수엘라,270
2026,04,온두라스,188
2026,04,우루과이,180
2026,04,엘살바도르,177
2026,04,자메이카,121
2026,04,니카라과,118
2026,04,트리니다드토바고,96
2026,04,세인트크리스토퍼네비스,80
2026,04,파라과이,64
2026,04,도미니카연방,62
2026,04,볼리비아,48
2026,04,세인트루시아,43
2026,04,벨리즈,34
2026,04,그레나다,32
2026,04,바베이도스,30
2026,04,가이아나,28
2026,04,앤티카바부다,21
2026,04,바하마,19
2026,04,쿠바,19
2026,04,아이티,14
2026,04,수리남,9
2026,04,세인트빈센트그레나딘,5
2026,04,미국인근섬,1
2026,04,러시아(연방),28563
2026,04,영국,27884
2026,04,프랑스,26691
2026,04,독일,25238
2026,04,독일,5
2026,04,이탈리아,9491
2026,04,네덜란드,9175
2026,04,폴란드,7195
2026,04,스위스,5969
2026,04,스페인,5703
2026,04,스웨덴,3723
2026,04,벨기에,3681
2026,04,루마니아,3321
2026,04,우크라이나,2585
2026,04,덴마크,2315
2026,04,포르투갈,2306
2026,04,체코,2260
2026,04,오스트리아,2219
2026,04,핀란드,2036
2026,04,아일랜드,1884
2026,04,그리스,1798
2026,04,노르웨이,1787
2026,04,헝가리,1401
2026,04,불가리아,1295
2026,04,리투아니아,909
2026,04,크로아티아,753
2026,04,슬로바크,741
2026,04,영국보호민,615
2026,04,세르비아,568
2026,04,에스토니아,531
2026,04,라트비아,454
2026,04,슬로베니아,416
2026,04,벨라루스,381
2026,04,아제르바이잔,237
2026,04,룩셈부르크,233
2026,04,조지아,209
2026,04,몬테네그로,197
2026,04,유고슬라비아,149
2026,04,알바니아,139
2026,04,몰타,128
2026,04,아이슬란드,103
2026,04,몰도바,49
2026,04,아르메니아,42
2026,04,보스니아-헤르체고비나,41
2026,04,리히텐슈타인,30
2026,04,코소보,29
2026,04,북마케도니아,24
2026,04,안도라,15
2026,04,모나코,13
2026,04,영국외지민,6
2026,04,교황청,2
2026,04,오스트레일리아,34998
2026,04,뉴질랜드,5111
2026,04,피지,81
2026,04,파푸아뉴기니,38
2026,04,바누아투,37
2026,04,미이크로네시아,28
2026,04,사모아,18
2026,04,키리바시,11
2026,04,마샬군도,11
2026,04,투발루,10
2026,04,팔라우,9
2026,04,솔로몬군도,6
2026,04,통가,5
2026,04,나우루,2
2026,04,노퍽,2
2026,04,남아프리카공화국,1935
2026,04,에티오피아,1036
2026,04,케냐,695
2026,04,이집트,674
2026,04,모로코,590
2026,04,짐바브웨,440
2026,04,튀니지,360
2026,04,모리셔스,348
2026,04,리비아,266
2026,04,나이지리아,236
2026,04,마다가스카르,232
2026,04,탄자니아,226
2026,04,가나,216
2026,04,알제리,131
2026,04,우간다,109
2026,04,세네갈,79
2026,04,르완다,69
2026,04,콩고민주공화국,62
2026,04,카메룬,57
2026,04,잠비아,53
2026,04,코트디부아르,49
2026,04,말라위,40
2026,04,감비아,37
2026,04,수단,37
2026,04,부룬디,32
2026,04,보츠와나,27
2026,04,시에라리온,26
2026,04,나미비아,25
2026,04,앙골라,24
2026,04,모잠비크,24
2026,04,라이베리아,21
2026,04,가봉,18
2026,04,부르키나파소,17
2026,04,에스와티니,16
2026,04,콩고,12
2026,04,카보베르데,11
2026,04,베냉,11
2026,04,말리,9
2026,04,토고,9
2026,04,레소토,7
2026,04,기니,6
2026,04,모리타니,6
2026,04,소말리아,6
2026,04,세이셸,5
2026,04,차드,4
2026,04,지부티,3
2026,04,적도기니,3
2026,04,니제르,3
2026,04,상투메프린시페,3
2026,04,중앙아프리카공화국,2
2026,04,남수단공화국,2
2026,04,코모로,1
2026,04,에리트레아,1
2026,04,기니비사우,1
2026,04,기타,177
2026,05,중국,570345
2026,05,일본,360761
2026,05,타이완,193723
2026,05,필리핀,70968
2026,05,홍콩,59666
2026,05,베트남,49340
2026,05,싱가포르,44904
2026,05,인도네시아,44639
2026,05,말레이시아,33572
2026,05,태국,30881
2026,05,인도,27667
2026,05,한국계중국인,15726
2026,05,미얀마,14512
2026,05,몽골,12574
2026,05,튀르키예,12038
2026,05,카자흐스탄,6810
2026,05,캄보디아,6197
2026,05,라오스,5277
2026,05,우즈베키스탄,4903
2026,05,네팔,4900
2026,05,마카오,3454
2026,05,이스라엘,3227
2026,05,스리랑카,2377
2026,05,방글라데시,1865
2026,05,사우디아라비아,1742
2026,05,키르기즈,1325
2026,05,파키스탄,1134
2026,05,아랍에미리트연합,997
2026,05,타지키스탄,559
2026,05,브루나이,510
2026,05,시리아,274
2026,05,이란,213
2026,05,투르크메니스탄,193
2026,05,요르단,192
2026,05,키프로스,184
2026,05,이라크,174
2026,05,오만,174
2026,05,티모르민주공화국,164
2026,05,카타르,132
2026,05,레바논,111
2026,05,쿠웨이트,97
2026,05,바레인,87
2026,05,예멘공화국,79
2026,05,부탄,71
2026,05,팔레스타인,35
2026,05,몰디브,30
2026,05,아프가니스탄,24
2026,05,미국,158747
2026,05,캐나다,32951
2026,05,멕시코,9435
2026,05,브라질,4753
2026,05,콜롬비아,1911
2026,05,아르헨티나,1336
2026,05,칠레,1121
2026,05,페루,887
2026,05,에콰도르,423
2026,05,코스타리카,339
2026,05,베네수엘라,258
2026,05,도미니카공화국,247
2026,05,우루과이,243
2026,05,온두라스,231
2026,05,과테말라,158
2026,05,엘살바도르,146
2026,05,자메이카,126
2026,05,파나마,122
2026,05,트리니다드토바고,90
2026,05,파라과이,88
2026,05,세인트크리스토퍼네비스,65
2026,05,볼리비아,63
2026,05,도미니카연방,50
2026,05,니카라과,48
2026,05,세인트루시아,38
2026,05,쿠바,34
2026,05,바하마,28
2026,05,가이아나,25
2026,05,바베이도스,20
2026,05,그레나다,18
2026,05,아이티,18
2026,05,앤티카바부다,14
2026,05,수리남,14
2026,05,세인트빈센트그레나딘,11
2026,05,벨리즈,10
2026,05,러시아(연방),24103
2026,05,영국,22160
2026,05,프랑스,20654
2026,05,독일,20473
2026,05,이탈리아,8986
2026,05,네덜란드,7392
2026,05,폴란드,6928
2026,05,스페인,5843
2026,05,스위스,3553
2026,05,스웨덴,2998
2026,05,우크라이나,2677
2026,05,벨기에,2592
2026,05,루마니아,2296
2026,05,포르투갈,2075
2026,05,덴마크,1999
2026,05,아일랜드,1906
2026,05,핀란드,1821
2026,05,오스트리아,1810
2026,05,체코,1567
2026,05,노르웨이,1334
2026,05,헝가리,1296
2026,05,그리스,1233
2026,05,불가리아,925
2026,05,리투아니아,798
2026,05,크로아티아,762
2026,05,슬로바크,608
2026,05,영국보호민,517
2026,05,세르비아,421
2026,05,에스토니아,319
2026,05,벨라루스,318
2026,05,라트비아,311
2026,05,몬테네그로,236
2026,05,아제르바이잔,225
2026,05,룩셈부르크,198
2026,05,슬로베니아,198
2026,05,알바니아,168
2026,05,조지아,152
2026,05,아이슬란드,104
2026,05,몰타,94
2026,05,유고슬라비아,76
2026,05,아르메니아,58
2026,05,몰도바,53
2026,05,보스니아-헤르체고비나,38
2026,05,코소보,29
2026,05,리히텐슈타인,13
2026,05,북마케도니아,12
2026,05,안도라,11
2026,05,모나코,2
2026,05,산마리노,2
2026,05,영국외지민,1
2026,05,오스트레일리아,26602
2026,05,뉴질랜드,4515
2026,05,피지,70
2026,05,바누아투,44
2026,05,미이크로네시아,42
2026,05,팔라우,42
2026,05,파푸아뉴기니,21
2026,05,마샬군도,20
2026,05,사모아,19
2026,05,솔로몬군도,18
2026,05,통가,16
2026,05,나우루,12
2026,05,투발루,7
2026,05,키리바시,5
2026,05,남아프리카공화국,1626
2026,05,에티오피아,1059
2026,05,케냐,742
2026,05,이집트,647
2026,05,모로코,646
2026,05,튀니지,375
2026,05,짐바브웨,351
2026,05,탄자니아,304
2026,05,마다가스카르,292
2026,05,가나,270
2026,05,나이지리아,259
2026,05,모리셔스,222
2026,05,리비아,199
2026,05,알제리,169
2026,05,우간다,129
2026,05,르완다,92
2026,05,코트디부아르,86
2026,05,감비아,83
2026,05,카메룬,80
2026,05,말라위,70
2026,05,모잠비크,48
2026,05,잠비아,44
2026,05,수단,35
2026,05,앙골라,29
2026,05,콩고민주공화국,28
2026,05,가봉,28
2026,05,세네갈,28
2026,05,나미비아,25
2026,05,보츠와나,23
2026,05,기니,21
2026,05,토고,21
2026,05,부룬디,19
2026,05,라이베리아,19
2026,05,베냉,17
2026,05,부르키나파소,13
2026,05,남수단공화국,12
2026,05,말리,10
2026,05,모리타니,10
2026,05,시에라리온,9
2026,05,에스와티니,9
2026,05,적도기니,8
2026,05,세이셸,8
2026,05,레소토,7
2026,05,차드,6
2026,05,니제르,6
2026,05,소말리아,6
2026,05,중앙아프리카공화국,5
2026,05,코모로,5
2026,05,콩고,4
2026,05,에리트레아,4
2026,05,기니비사우,4
2026,05,지부티,3
2026,05,상투메프린시페,3
2026,05,카보베르데,1
2026,05,기타,197
2026,06,중국,655375
2026,06,일본,351276
2026,06,타이완,225047
2026,06,홍콩,65504
2026,06,필리핀,59099
2026,06,베트남,51939
2026,06,싱가포르,43335
2026,06,인도네시아,40290
2026,06,타이,23063
2026,06,인도,22598
2026,06,말레이시아,20816
2026,06,몽골,17727
2026,06,한국계중국인,14316
2026,06,미얀마,12271
2026,06,카자흐스탄,7462
2026,06,튀르키예,6907
2026,06,우즈베키스탄,5494
2026,06,마카오,4436
2026,06,네팔,4206
2026,06,캄보디아,3361
2026,06,방글라데시,3019
2026,06,스리랑카,2453
2026,06,이스라엘,2267
2026,06,라오스,1993
2026,06,사우디아라비아,1468
2026,06,파키스탄,1435
2026,06,키르기즈,1237
2026,06,타지키스탄,726
2026,06,아랍에미리트연합,652
2026,06,브루나이,581
2026,06,투르크메니스탄,277
2026,06,요르단,263
2026,06,시리아,257
2026,06,이란,251
2026,06,이라크,241
2026,06,오만,209
2026,06,티모르민주공화국,165
2026,06,카타르,164
2026,06,쿠웨이트,117
2026,06,키프로스,95
2026,06,레바논,86
2026,06,부탄,74
2026,06,예멘공화국,73
2026,06,바레인,62
2026,06,팔레스타인,37
2026,06,아프가니스탄,36
2026,06,몰디브,26
2026,06,홍콩거주난민,1
2026,06,미국,184996
2026,06,캐나다,25439
2026,06,멕시코,6457
2026,06,브라질,4182
2026,06,콜롬비아,1953
2026,06,아르헨티나,831
2026,06,칠레,789
2026,06,페루,776
2026,06,에콰도르,273
2026,06,베네수엘라,214
2026,06,코스타리카,181
2026,06,과테말라,174
2026,06,온두라스,167
2026,06,도미니카공화국,156
2026,06,엘살바도르,147
2026,06,파라과이,137
2026,06,자메이카,129
2026,06,우루과이,103
2026,06,파나마,98
2026,06,트리니다드토바고,93
2026,06,세인트크리스토퍼네비스,85
2026,06,볼리비아,70
2026,06,니카라과,64
2026,06,도미니카연방,51
2026,06,앤티카바부다,36
2026,06,세인트루시아,33
2026,06,쿠바,28
2026,06,가이아나,26
2026,06,그레나다,16
2026,06,바하마,15
2026,06,아이티,13
2026,06,바베이도스,12
2026,06,세인트빈센트그레나딘,11
2026,06,수리남,5
2026,06,벨리즈,2
2026,06,러시아(연방),22320
2026,06,영국,16824
2026,06,프랑스,13851
2026,06,독일,12909
2026,06,이탈리아,7672
2026,06,스페인,5416
2026,06,폴란드,5191
2026,06,네덜란드,5121
2026,06,스웨덴,4004
2026,06,스위스,2655
2026,06,노르웨이,2465
2026,06,우크라이나,2378
2026,06,핀란드,1878
2026,06,루마니아,1865
2026,06,덴마크,1803
2026,06,포르투갈,1789
2026,06,벨기에,1651
2026,06,아일랜드,1623
2026,06,체코,1304
2026,06,오스트리아,1212
2026,06,그리스,1096
2026,06,헝가리,935
2026,06,리투아니아,752
2026,06,슬로바크,705
2026,06,불가리아,667
2026,06,크로아티아,579
2026,06,영국보호민,469
2026,06,라트비아,356
2026,06,에스토니아,325
2026,06,세르비아,270
2026,06,벨라루스,246
2026,06,슬로베니아,213
2026,06,몬테네그로,197
2026,06,아제르바이잔,174
2026,06,조지아,148
2026,06,룩셈부르크,126
2026,06,아이슬란드,120
2026,06,몰타,89
2026,06,알바니아,78
2026,06,유고슬라비아,75
2026,06,아르메니아,49
2026,06,몰도바,37
2026,06,보스니아-헤르체고비나,29
2026,06,한국계러시아인,18
2026,06,안도라,9
2026,06,모나코,9
2026,06,영국외지민,8
2026,06,코소보,7
2026,06,리히텐슈타인,6
2026,06,북마케도니아,3
2026,06,산마리노,2
2026,06,교황청,1
2026,06,오스트레일리아,24406
2026,06,뉴질랜드,3922
2026,06,피지,70
2026,06,파푸아뉴기니,36
2026,06,바누아투,29
2026,06,마샬군도,28
2026,06,미이크로네시아,26
2026,06,사모아,17
2026,06,팔라우,16
2026,06,투발루,14
2026,06,키리바시,12
2026,06,통가,11
2026,06,솔로몬군도,10
2026,06,나우루,2
2026,06,남아프리카공화국,1453
2026,06,에티오피아,977
2026,06,이집트,685
2026,06,케냐,527
2026,06,모로코,509
2026,06,탄자니아,352
2026,06,가나,311
2026,06,튀니지,304
2026,06,짐바브웨,277
2026,06,나이지리아,257
2026,06,리비아,218
2026,06,모리셔스,187
2026,06,마다가스카르,177
2026,06,알제리,142
2026,06,르완다,110
2026,06,우간다,78
2026,06,카메룬,66
2026,06,감비아,64
2026,06,콩고민주공화국,57
2026,06,코트디부아르,53
2026,06,잠비아,43
2026,06,말라위,41
2026,06,수단,38
2026,06,세네갈,37
2026,06,시에라리온,37
2026,06,모잠비크,35
2026,06,앙골라,34
2026,06,부룬디,24
2026,06,나미비아,21
2026,06,에스와티니,21
2026,06,토고,20
2026,06,가봉,18
2026,06,보츠와나,16
2026,06,라이베리아,16
2026,06,모리타니,16
2026,06,부르키나파소,16
2026,06,말리,14
2026,06,남수단공화국,13
2026,06,베냉,12
2026,06,기니,11
2026,06,레소토,8
2026,06,세이셸,8
2026,06,콩고,7
2026,06,기니비사우,7
2026,06,니제르,6
2026,06,카보베르데,5
2026,06,차드,4
2026,06,소말리아,4
2026,06,적도기니,3
2026,06,지부티,2
2026,06,중앙아프리카공화국,1
2026,06,코모로,1
2026,06,에리트레아,1
2026,06,기타,143
2026,07,중국,784112
2026,07,일본,333678
2026,07,타이완,262433
2026,07,홍콩,76116
2026,07,베트남,54038
2026,07,필리핀,48347
2026,07,인도네시아,35276
2026,07,타이,22505
2026,07,인도,21116
2026,07,한국계중국인,16145
2026,07,싱가포르,15637
2026,07,몽골,15501
2026,07,미얀마,14201
2026,07,말레이시아,13397
2026,07,튀르키예,8925
2026,07,마카오,6693
2026,07,카자흐스탄,6630
2026,07,우즈베키스탄,6571
2026,07,네팔,4463
2026,07,캄보디아,3709
2026,07,이스라엘,2545
2026,07,사우디아라비아,2527
2026,07,스리랑카,2409
2026,07,방글라데시,2349
2026,07,파키스탄,1520
2026,07,라오스,1453
2026,07,키르기즈,1148
2026,07,아랍에미리트연합,818
2026,07,타지키스탄,724
2026,07,이란,381
2026,07,브루나이,331
2026,07,티모르민주공화국,293
2026,07,오만,289
2026,07,시리아,256
2026,07,카타르,220
2026,07,이라크,214
2026,07,투르크메니스탄,208
2026,07,요르단,204
2026,07,쿠웨이트,199
2026,07,레바논,112
2026,07,키프로스,105
2026,07,바레인,99
2026,07,예멘공화국,82
2026,07,아프가니스탄,56
2026,07,부탄,53
2026,07,팔레스타인,27
2026,07,몰디브,18
2026,07,미국,159356
2026,07,캐나다,28041
2026,07,멕시코,9870
2026,07,브라질,3805
2026,07,콜롬비아,1660
2026,07,아르헨티나,652
2026,07,페루,645
2026,07,칠레,578
2026,07,에콰도르,259
2026,07,코스타리카,215
2026,07,자메이카,184
2026,07,베네수엘라,181
2026,07,파나마,170
2026,07,도미니카공화국,159
2026,07,파라과이,153
2026,07,과테말라,136
2026,07,온두라스,124
2026,07,엘살바도르,121
2026,07,트리니다드토바고,104
2026,07,볼리비아,71
2026,07,세인트크리스토퍼네비스,70
2026,07,니카라과,54
2026,07,바하마,47
2026,07,도미니카연방,45
2026,07,쿠바,39
2026,07,우루과이,38
2026,07,가이아나,31
2026,07,세인트루시아,31
2026,07,바베이도스,29
2026,07,그레나다,26
2026,07,앤티카바부다,19
2026,07,세인트빈센트그레나딘,16
2026,07,수리남,13
2026,07,아이티,7
2026,07,벨리즈,5
2026,07,미국인근섬,1
2026,07,러시아(연방),22031
2026,07,프랑스,20936
2026,07,영국,18275
2026,07,독일,13711
2026,07,네덜란드,8782
2026,07,이탈리아,7411
2026,07,스페인,7018
2026,07,폴란드,5070
2026,07,스위스,3811
2026,07,스웨덴,3017
2026,07,덴마크,2817
2026,07,벨기에,2792
2026,07,노르웨이,2750
2026,07,우크라이나,2733
2026,07,오스트리아,1927
2026,07,루마니아,1693
2026,07,체코,1601
2026,07,아일랜드,1535
2026,07,포르투갈,1492
2026,07,그리스,1249
2026,07,핀란드,1145
2026,07,헝가리,952
2026,07,크로아티아,659
2026,07,불가리아,626
2026,07,슬로바크,497
2026,07,리투아니아,487
2026,07,영국보호민,474
2026,07,슬로베니아,337
2026,07,라트비아,295
2026,07,세르비아,268
2026,07,벨라루스,252
2026,07,에스토니아,228
2026,07,룩셈부르크,199
2026,07,아제르바이잔,194
2026,07,몬테네그로,160
2026,07,조지아,159
2026,07,몰타,80
2026,07,아이슬란드,79
2026,07,알바니아,73
2026,07,유고슬라비아,47
2026,07,아르메니아,42
2026,07,보스니아-헤르체고비나,37
2026,07,몰도바,25
2026,07,한국계러시아인,23
2026,07,리히텐슈타인,15
2026,07,북마케도니아,14
2026,07,안도라,12
2026,07,영국외지민,9
2026,07,코소보,8
2026,07,모나코,4
2026,07,교황청,2
2026,07,산마리노,1
2026,07,오스트레일리아,20323
2026,07,뉴질랜드,3469
2026,07,피지,127
2026,07,바누아투,74
2026,07,파푸아뉴기니,44
2026,07,사모아,44
2026,07,미이크로네시아,42
2026,07,솔로몬군도,34
2026,07,마샬군도,31
2026,07,팔라우,28
2026,07,통가,22
2026,07,키리바시,20
2026,07,나우루,4
2026,07,투발루,1
2026,07,남아프리카공화국,1875
2026,07,에티오피아,1131
2026,07,케냐,886
2026,07,이집트,682
2026,07,모로코,500
2026,07,튀니지,362
2026,07,짐바브웨,329
2026,07,나이지리아,287
2026,07,탄자니아,279
2026,07,리비아,262
2026,07,마다가스카르,262
2026,07,가나,215
2026,07,알제리,192
2026,07,모리셔스,182
2026,07,르완다,110
2026,07,잠비아,97
2026,07,코트디부아르,93
2026,07,감비아,82
2026,07,카메룬,81
2026,07,우간다,78
2026,07,말라위,74
2026,07,세네갈,70
2026,07,앙골라,48
2026,07,모잠비크,46
2026,07,콩고민주공화국,43
2026,07,수단,42
2026,07,코모로,37
2026,07,나미비아,26
2026,07,에스와티니,25
2026,07,부룬디,24
2026,07,베냉,24
2026,07,기니,24
2026,07,부르키나파소,23
2026,07,가봉,22
2026,07,보츠와나,20
2026,07,라이베리아,20
2026,07,세이셸,17
2026,07,남수단공화국,17
2026,07,토고,17
2026,07,레소토,10
2026,07,말리,9
2026,07,니제르,9
2026,07,카보베르데,8
2026,07,콩고,7
2026,07,시에라리온,7
2026,07,적도기니,6
2026,07,중앙아프리카공화국,5
2026,07,모리타니,3
2026,07,상투메프린시페,3
2026,07,지부티,2
2026,07,에리트레아,2
2026,07,기니비사우,2
2026,07,소말리아,2
2026,07,차드,1
2026,07,기타,133
