게시판,artclId,제목,등록일,URL
공지사항,312514,에볼라바이러스병 중점검역관리지역 및 검역관리지역 변경 지정 안내,2026.09.04,https://www.kdca.go.kr/bbs/kdca/50/312514/artclView.do
공지사항,312390,2026년 감염병 위기 사회대응 포럼 개최 안내,2026.09.02,https://www.kdca.go.kr/bbs/kdca/50/312390/artclView.do
지침,312398,2026년 제1급감염병(바이러스성출혈열) 대응지침(2026.8월),2026.08.28,https://www.kdca.go.kr/bbs/kdca/55/312398/artclView.do
지침,312381,2026년 코로나바이러스감염증-19 관리지침,2026.08.27,https://www.kdca.go.kr/bbs/kdca/55/312381/artclView.do
공지사항,312370,2026년 제8차 코로나19예방접종 피해보상 재심위원회 회의록,2026.08.26,https://www.kdca.go.kr/bbs/kdca/50/312370/artclView.do
공지사항,312306,2026년 제5차 코로나19 예방접종 피해보상위원회 회의록,2026.08.24,https://www.kdca.go.kr/bbs/kdca/50/312306/artclView.do
지침,312241,감염병 위기 사회대응 매뉴얼(2026),2026.08.18,https://www.kdca.go.kr/bbs/kdca/55/312241/artclView.do
공지사항,312169,2026년 제4차 코로나19 예방접종 피해보상위원회 회의록,2026.08.11,https://www.kdca.go.kr/bbs/kdca/50/312169/artclView.do
공지사항,312158,2026년 제7차 코로나19 예방접종 피해보상 재심위원회 회의록,2026.08.11,https://www.kdca.go.kr/bbs/kdca/50/312158/artclView.do
공지사항,312000,2026년 제6차 코로나19 예방접종 피해보상 재심위원회 회의록,2026.07.28,https://www.kdca.go.kr/bbs/kdca/50/312000/artclView.do
서식,311968,연구원 경력증명서 신청(최신),2026.07.27,https://www.kdca.go.kr/bbs/kdca/57/311968/artclView.do
공지사항,311969,"[공모전] 에이즈 및 성매개감염병 제대로, 제로로 숏폼 영상 콘텐츠 공모전(7.27.~8.30.)",2026.07.27,https://www.kdca.go.kr/bbs/kdca/50/311969/artclView.do
지침,311933,의료관련감염 자율보고 운영안내(제3판),2026.07.24,https://www.kdca.go.kr/bbs/kdca/55/311933/artclView.do
교육자료,311953,아이와 함께하는 물놀이 안전수칙,2026.07.24,https://www.kdca.go.kr/bbs/kdca/49/311953/artclView.do
지침,311901,법정감염병 진단검사 통합지침(제5판),2026.07.23,https://www.kdca.go.kr/bbs/kdca/55/311901/artclView.do
지침,311900,2026 검역감염병 대응지침,2026.07.23,https://www.kdca.go.kr/bbs/kdca/55/311900/artclView.do
공지사항,311732,2026년 제5차 코로나19 예방접종 피해보상 재심위원회 회의록,2026.07.09,https://www.kdca.go.kr/bbs/kdca/50/311732/artclView.do
지침,311716,2025년도 감염병 역학조사 연보,2026.07.08,https://www.kdca.go.kr/bbs/kdca/55/311716/artclView.do
공지사항,311707,감염병 재난 코로나19 위기경보 '관심' 단계 해제 알림,2026.07.07,https://www.kdca.go.kr/bbs/kdca/50/311707/artclView.do
교육자료,311695,2026 만성콩팥병 팩트시트(KOREA CKD FACT SHEET),2026.07.06,https://www.kdca.go.kr/bbs/kdca/49/311695/artclView.do
지침,311621,「항생제 적정사용 관리(ASP) 시범사업」 FAQ 개정 안내(2026.6.30. 기준),2026.06.30,https://www.kdca.go.kr/bbs/kdca/55/311621/artclView.do
교육자료,311630,응급실 열사병 진료 지침,2026.06.30,https://www.kdca.go.kr/bbs/kdca/49/311630/artclView.do
교육자료,311570,"의료기관 간병인 대상 감염예방관리 교육자료(베트남어, 우즈벡어, 중국어)",2026.06.25,https://www.kdca.go.kr/bbs/kdca/49/311570/artclView.do
공지사항,311514,2026년 3분기 중점검역관리지역 및 검역관리지역 안내,2026.06.22,https://www.kdca.go.kr/bbs/kdca/50/311514/artclView.do
공지사항,311490,2026년 제4차 코로나19 예방접종 피해보상 재심위원회 회의록,2026.06.19,https://www.kdca.go.kr/bbs/kdca/50/311490/artclView.do
공지사항,311370,2026년 제3차 코로나19 예방접종 피해보상 재심위원회 회의록,2026.06.09,https://www.kdca.go.kr/bbs/kdca/50/311370/artclView.do
공지사항,311356,2026년 제2차 코로나19 예방접종 피해보상 재심위원회 회의록(서면),2026.06.08,https://www.kdca.go.kr/bbs/kdca/50/311356/artclView.do
공지사항,311355,2026년 제3차 코로나19 예방접종 피해보상위원회 회의록(서면),2026.06.08,https://www.kdca.go.kr/bbs/kdca/50/311355/artclView.do
공지사항,311354,2026년 제2차 코로나19 예방접종 피해보상위원회 회의록(서면),2026.06.08,https://www.kdca.go.kr/bbs/kdca/50/311354/artclView.do
지침,311300,코로나19예방접종 피해보상 특별법 업무지침(2판),2026.06.02,https://www.kdca.go.kr/bbs/kdca/55/311300/artclView.do
서식,311301,코로나19예방접종 피해보상 특별법 업무지침(2판) 서식,2026.06.02,https://www.kdca.go.kr/bbs/kdca/57/311301/artclView.do
지침,311285,2026년도 엔테로바이러스감염증·수족구병 관리지침 재안내,2026.06.01,https://www.kdca.go.kr/bbs/kdca/55/311285/artclView.do
지침,311284,2026년 수인성·식품매개감염병 관리지침 재안내,2026.06.01,https://www.kdca.go.kr/bbs/kdca/55/311284/artclView.do
지침,311278,엠폭스 관리지침(제3-1판),2026.06.01,https://www.kdca.go.kr/bbs/kdca/55/311278/artclView.do
지침,311258,2026년 한타바이러스 심폐증후군(안데스바이러스 감염) 대응지침 제정 안내,2026.05.29,https://www.kdca.go.kr/bbs/kdca/55/311258/artclView.do
지침,311242,2026년 감염병 관리 사업 안내 지침,2026.05.28,https://www.kdca.go.kr/bbs/kdca/55/311242/artclView.do
공지사항,311217,2026년 질병 관리 유공(감염병 관리 유공) 후보자 공모,2026.05.27,https://www.kdca.go.kr/bbs/kdca/50/311217/artclView.do
지침,311214,2026년 아토피·천식 안심학교 운영안내서(초등학교용),2026.05.26,https://www.kdca.go.kr/bbs/kdca/55/311214/artclView.do
공지사항,311203,에볼라바이러스병 중점검역관리지역 추가 지정 안내,2026.05.26,https://www.kdca.go.kr/bbs/kdca/50/311203/artclView.do
지침,311153,2026년 CRE 감염증 감소전략 운영 사업 지침,2026.05.20,https://www.kdca.go.kr/bbs/kdca/55/311153/artclView.do
공지사항,311133,에볼라바이러스병 중점검역관리지역 지정 안내,2026.05.19,https://www.kdca.go.kr/bbs/kdca/50/311133/artclView.do
지침,311073,2026년 법정감염병 진단·신고기준 지침,2026.05.14,https://www.kdca.go.kr/bbs/kdca/55/311073/artclView.do
공지사항,310897,감염병 위기관리체계 고도화 관련 2차 민·관 합동포럼 개최 안내,2026.05.12,https://www.kdca.go.kr/bbs/kdca/50/310897/artclView.do
지침,311032,2026년도 예방접종 대상 감염병 관리 지침,2026.05.11,https://www.kdca.go.kr/bbs/kdca/55/311032/artclView.do
지침,311031,홍역 대응 지침(2026.5.),2026.05.11,https://www.kdca.go.kr/bbs/kdca/55/311031/artclView.do
지침,310916,2026년 다빈도 감염증 5종 항생제 적정사용을 위한 실무지침,2026.04.29,https://www.kdca.go.kr/bbs/kdca/55/310916/artclView.do
서식,310882,감염병 발생/사망 신고서('24.12.6.),2026.04.27,https://www.kdca.go.kr/bbs/kdca/57/310882/artclView.do
교육자료,310813,칸디다 오리스 치료 권고안,2026.04.20,https://www.kdca.go.kr/bbs/kdca/49/310813/artclView.do
지침,310715,고위험병원체 취급 및 보존 안전관리 가이드(2023),2026.04.10,https://www.kdca.go.kr/bbs/kdca/55/310715/artclView.do
지침,310657,2026년 국가지정 입원치료병상 운영과 관리 지침,2026.04.03,https://www.kdca.go.kr/bbs/kdca/55/310657/artclView.do
지침,310651,2026 검역업무지침,2026.04.02,https://www.kdca.go.kr/bbs/kdca/55/310651/artclView.do
교육자료,310643,다제내성결핵 치료 부작용 매뉴얼,2026.04.02,https://www.kdca.go.kr/bbs/kdca/49/310643/artclView.do
지침,310611,2026년도 호흡기감염병 관리지침(일부개정판),2026.03.30,https://www.kdca.go.kr/bbs/kdca/55/310611/artclView.do
지침,310605,말라리아 진료가이드(제3판),2026.03.30,https://www.kdca.go.kr/bbs/kdca/55/310605/artclView.do
지침,310557,2026년 예방접종 후 이상반응 관리지침,2026.03.26,https://www.kdca.go.kr/bbs/kdca/55/310557/artclView.do
공지사항,310533,2026년 2분기 중점검역관리지역 및 검역관리지역 안내,2026.03.24,https://www.kdca.go.kr/bbs/kdca/50/310533/artclView.do
지침,310524,2026년도 크로이츠펠트-야콥병 관리지침,2026.03.23,https://www.kdca.go.kr/bbs/kdca/55/310524/artclView.do
지침,310522,2026년도 기생충감염병 관리지침,2026.03.23,https://www.kdca.go.kr/bbs/kdca/55/310522/artclView.do
지침,310521,"2026년도 인수공통감염병(브루셀라증, 공수병, 큐열, 유비저) 관리지침",2026.03.23,https://www.kdca.go.kr/bbs/kdca/55/310521/artclView.do
공지사항,310525,「코로나19 예방접종 피해보상 등에 관한 특별법」 관련 위원회 위원 명단(3.18.기준),2026.03.23,https://www.kdca.go.kr/bbs/kdca/50/310525/artclView.do
지침,310488,2026년도 칸디다 오리스 관리지침,2026.03.19,https://www.kdca.go.kr/bbs/kdca/55/310488/artclView.do
지침,310475,의료감염관리 지침·안내서 가이드맵 안내,2026.03.17,https://www.kdca.go.kr/bbs/kdca/55/310475/artclView.do
코로나19지침,310468,[중앙방역대책본부]  코로나바이러스감염증-19 치료제 사용 관련 변경 안내,2026.03.17,https://www.kdca.go.kr/bbs/kdca/245/310468/artclView.do
교육자료,310476,의료감염관리 지침·안내서 가이드맵 안내,2026.03.17,https://www.kdca.go.kr/bbs/kdca/49/310476/artclView.do
지침,310439,2026년 의료관련감염병 지역 의료기관 네트워크 운영 사업 지침,2026.03.13,https://www.kdca.go.kr/bbs/kdca/55/310439/artclView.do
지침,310434,2026년도 바이러스성 모기매개감염병 관리지침,2026.03.12,https://www.kdca.go.kr/bbs/kdca/55/310434/artclView.do
지침,310433,2026년도 말라리아 관리지침,2026.03.12,https://www.kdca.go.kr/bbs/kdca/55/310433/artclView.do
지침,310390,2026년도 진드기·설치류매개감염병 관리지침,2026.03.06,https://www.kdca.go.kr/bbs/kdca/55/310390/artclView.do
지침,310382,2026년 의료관련감염병 표본감시 운영 및 예산집행 안내,2026.03.06,https://www.kdca.go.kr/bbs/kdca/55/310382/artclView.do
지침,310321,2026년 성매개감염병 관리지침,2026.03.03,https://www.kdca.go.kr/bbs/kdca/55/310321/artclView.do
교육자료,310307,2025 원헬스 연차보고서,2026.03.03,https://www.kdca.go.kr/bbs/kdca/49/310307/artclView.do
지침,310222,2026년도 한센병사업관리지침,2026.02.24,https://www.kdca.go.kr/bbs/kdca/55/310222/artclView.do
지침,310098,2025년 CRE 감염증 감소전략 운영 사업 지침,2026.02.12,https://www.kdca.go.kr/bbs/kdca/55/310098/artclView.do
공지사항,310091,니파바이러스감염증 중점검역관리지역 지정 안내,2026.02.11,https://www.kdca.go.kr/bbs/kdca/50/310091/artclView.do
지침,310062,소독업 관련 질의응답집(2026.1월),2026.02.09,https://www.kdca.go.kr/bbs/kdca/55/310062/artclView.do
공지사항,310015,2026년 제1차 코로나19 예방접종 피해보상 재심위원회 회의록(서면),2026.02.05,https://www.kdca.go.kr/bbs/kdca/50/310015/artclView.do
공지사항,310014,2026년 제1차 코로나19 예방접종 피해보상위원회 회의록(서면),2026.02.05,https://www.kdca.go.kr/bbs/kdca/50/310014/artclView.do
서식,309994,조류인플루엔자(AI) 인체감염증 관리조사서 14개 언어,2026.02.04,https://www.kdca.go.kr/bbs/kdca/57/309994/artclView.do
지침,309990,2026년도 엔테로바이러스감염증·수족구병 관리지침,2026.02.03,https://www.kdca.go.kr/bbs/kdca/55/309990/artclView.do
교육자료,309982,칸디다 오리스(C. auris) 의료기관 감염관리 권고안,2026.02.03,https://www.kdca.go.kr/bbs/kdca/49/309982/artclView.do
지침,309970,2026년 HIV/AIDS 관리지침,2026.02.02,https://www.kdca.go.kr/bbs/kdca/55/309970/artclView.do
지침,309968,2026년도 의료관련감염병 관리지침,2026.02.02,https://www.kdca.go.kr/bbs/kdca/55/309968/artclView.do
지침,309941,2026년도 레지오넬라증 관리지침,2026.01.30,https://www.kdca.go.kr/bbs/kdca/55/309941/artclView.do
지침,309937,2026년도 호흡기감염병 관리지침,2026.01.30,https://www.kdca.go.kr/bbs/kdca/55/309937/artclView.do
교육자료,309908,2025년 한국 심폐소생술 가이드라인,2026.01.29,https://www.kdca.go.kr/bbs/kdca/49/309908/artclView.do
지침,309847,2026년 제1급감염병(중동호흡기증후군(MERS)·중증급성호흡기증후군(SARS)) 대응지침,2026.01.22,https://www.kdca.go.kr/bbs/kdca/55/309847/artclView.do
지침,309846,2026년 제1급감염병(동물인플루엔자 인체감염증) 대응지침,2026.01.22,https://www.kdca.go.kr/bbs/kdca/55/309846/artclView.do
지침,309845,요양병원 감염관리 toolkit,2026.01.22,https://www.kdca.go.kr/bbs/kdca/55/309845/artclView.do
교육자료,309843,요양병원 종사자를 위한 감염관리 교육자료,2026.01.22,https://www.kdca.go.kr/bbs/kdca/49/309843/artclView.do
교육자료,309795,의료인을 위한 중증열성혈소판감소증후군(SFTS) 안내서,2026.01.20,https://www.kdca.go.kr/bbs/kdca/49/309795/artclView.do
지침,309785,2026년 주요감염병 표본감시사업 안내,2026.01.19,https://www.kdca.go.kr/bbs/kdca/55/309785/artclView.do
지침,309745,2026년도 제1급감염병(바이러스성출혈열) 대응지침,2026.01.15,https://www.kdca.go.kr/bbs/kdca/55/309745/artclView.do
지침,309744,2026년도 제1급감염병(두창·페스트·탄저·보툴리눔독소증·야토병) 대응지침,2026.01.15,https://www.kdca.go.kr/bbs/kdca/55/309744/artclView.do
지침,309706,2026년 지역사회 통합건강증진사업 안내(아토피·천식 예방관리),2026.01.13,https://www.kdca.go.kr/bbs/kdca/55/309706/artclView.do
지침,309683,(7.27.수정)2026년 국가예방접종 지침,2026.01.09,https://www.kdca.go.kr/bbs/kdca/55/309683/artclView.do
지침,309608,2026 국가결핵관리지침,2026.01.05,https://www.kdca.go.kr/bbs/kdca/55/309608/artclView.do
지침,309605,2026년 지역사회 통합건강증진사업 안내(심뇌혈관질환 예방관리),2026.01.05,https://www.kdca.go.kr/bbs/kdca/55/309605/artclView.do
지침,309604,2026년 고혈압·당뇨병 등록관리사업 표준실무지침,2026.01.05,https://www.kdca.go.kr/bbs/kdca/55/309604/artclView.do
지침,309603,2026년 시도 심뇌혈관질환 예방관리사업 안내,2026.01.05,https://www.kdca.go.kr/bbs/kdca/55/309603/artclView.do
지침,309601,2026년도 바이러스 간염 관리지침(A형·B형·C형·E형),2026.01.05,https://www.kdca.go.kr/bbs/kdca/55/309601/artclView.do
지침,309571,2026년도 수인성 및 식품매개감염병 관리지침,2026.01.02,https://www.kdca.go.kr/bbs/kdca/55/309571/artclView.do
지침,309537,치과감염관리 표준정책 매뉴얼,2025.12.31,https://www.kdca.go.kr/bbs/kdca/55/309537/artclView.do
지침,309533,중증열성혈소판감소증후군(SFTS) 공동 역학조사 매뉴얼,2025.12.31,https://www.kdca.go.kr/bbs/kdca/55/309533/artclView.do
지침,309484,제4-1판 의료관련감염 집단발생 대응 안내,2025.12.29,https://www.kdca.go.kr/bbs/kdca/55/309484/artclView.do
공지사항,309481,2026년 1분기 콜레라 검역관리지역 추가 안내,2025.12.29,https://www.kdca.go.kr/bbs/kdca/50/309481/artclView.do
지침,309469,병원기반 인간 마이크로바이옴 연구개발 사업 운영 가이드라인 개정판(2025년),2025.12.26,https://www.kdca.go.kr/bbs/kdca/55/309469/artclView.do
지침,309371,엠폭스 관리지침(제3판),2025.12.18,https://www.kdca.go.kr/bbs/kdca/55/309371/artclView.do
지침,309367,소아청소년 마이코플라스마 폐렴균 감염증 진료지침 2026,2025.12.18,https://www.kdca.go.kr/bbs/kdca/55/309367/artclView.do
공지사항,309362,2026년 1분기 중점검역관리지역 및 검역관리지역 안내,2025.12.17,https://www.kdca.go.kr/bbs/kdca/50/309362/artclView.do
지침,228322,의원급 의료기관 인플루엔자 의사환자 감시 가이드라인(의료기관용),2025.12.10,https://www.kdca.go.kr/bbs/kdca/55/228322/artclView.do
지침,228321,법정감염병 진단검사 통합지침(제4-2판),2025.12.05,https://www.kdca.go.kr/bbs/kdca/55/228321/artclView.do
지침,228320,「코로나바이러스감염증-19 재택치료 안내서」,2025.12.03,https://www.kdca.go.kr/bbs/kdca/55/228320/artclView.do
교육자료,219136,"2025년 의료기관 환경관리 자가평가 도구(원도구, 단축형 도구)",2025.12.03,https://www.kdca.go.kr/bbs/kdca/49/219136/artclView.do
지침,228319,크로이츠펠트-야콥병(CJ) 안내서,2025.12.02,https://www.kdca.go.kr/bbs/kdca/55/228319/artclView.do
교육자료,219135,[손상 예방] 고령자 낙상사고 예방 관련 교안,2025.11.26,https://www.kdca.go.kr/bbs/kdca/49/219135/artclView.do
서식,228503,코로나19 예방접종 피해보상신청 관련 서식 [기피신청서],2025.11.14,https://www.kdca.go.kr/bbs/kdca/57/228503/artclView.do
지침,228318,2025년 법정감염병 진단·신고기준 지침,2025.11.10,https://www.kdca.go.kr/bbs/kdca/55/228318/artclView.do
공지사항,221460,「코로나19 예방접종 피해보상 등에 관한 특별법」관련 위원회 위원 명단(11.5.기준),2025.11.10,https://www.kdca.go.kr/bbs/kdca/50/221460/artclView.do
공지사항,221458,[공모전] 「에이즈 및 성매개감염병 예방 숏폼 영상 콘텐츠 공모전」수상작 발표,2025.11.05,https://www.kdca.go.kr/bbs/kdca/50/221458/artclView.do
지침,228316,2025년 백신 보관 및 관리 가이드라인(접종기관용) 개정,2025.11.04,https://www.kdca.go.kr/bbs/kdca/55/228316/artclView.do
지침,228315,제4판 의료관련감염 집단발생 대응 안내,2025.11.04,https://www.kdca.go.kr/bbs/kdca/55/228315/artclView.do
지침,228314,기후재난 보건응급조사 매뉴얼,2025.11.03,https://www.kdca.go.kr/bbs/kdca/55/228314/artclView.do
지침,228313,코로나바이러스감염증-19 치료제 사용 안내서(제13-2판) 개정 안내,2025.10.28,https://www.kdca.go.kr/bbs/kdca/55/228313/artclView.do
지침,228312,코로나19 예방접종 피해보상 특별법 업무지침,2025.10.23,https://www.kdca.go.kr/bbs/kdca/55/228312/artclView.do
서식,228502,코로나19 예방접종 피해보상 특별법 업무지침 서식,2025.10.23,https://www.kdca.go.kr/bbs/kdca/57/228502/artclView.do
지침,228311,2025 시설별 인플루엔자 관리지침(사업장용),2025.10.21,https://www.kdca.go.kr/bbs/kdca/55/228311/artclView.do
지침,228310,2025 시설별 인플루엔자 관리지침(노인복지시설용),2025.10.21,https://www.kdca.go.kr/bbs/kdca/55/228310/artclView.do
지침,228309,"2025 시설별 인플루엔자 관리지침(어린이집, 유치원, 학교용)",2025.10.21,https://www.kdca.go.kr/bbs/kdca/55/228309/artclView.do
지침,228308,2025-2026 절기 인플루엔자 관리지침,2025.09.26,https://www.kdca.go.kr/bbs/kdca/55/228308/artclView.do
교육자료,219134,2025년 ｢결핵 및 잠복핵감염관리 표준상담 사례집｣,2025.09.26,https://www.kdca.go.kr/bbs/kdca/49/219134/artclView.do
지침,228307,2024년도 감염병 역학조사 연보,2025.09.24,https://www.kdca.go.kr/bbs/kdca/55/228307/artclView.do
공지사항,221453,4분기 중점검역관리지역 및 검역관리지역 안내,2025.09.24,https://www.kdca.go.kr/bbs/kdca/50/221453/artclView.do
지침,228306,의원 종사자의 감염관리 실천 안내서,2025.09.12,https://www.kdca.go.kr/bbs/kdca/55/228306/artclView.do
지침,228305,제1급감염병 니파바이러스감염증 대응 지침(제1판),2025.09.08,https://www.kdca.go.kr/bbs/kdca/55/228305/artclView.do
공지사항,221449,니파바이러스감염증 검역관리지역 지정 안내,2025.09.03,https://www.kdca.go.kr/bbs/kdca/50/221449/artclView.do
지침,228304,2025년 코로나바이러스감염증-19 관리지침,2025.08.29,https://www.kdca.go.kr/bbs/kdca/55/228304/artclView.do
공지사항,221442,[공모전] 에이즈 및 성매개감염병 예방 숏폼 영상 콘텐츠 공모전(8.1.~8.31.),2025.08.01,https://www.kdca.go.kr/bbs/kdca/50/221442/artclView.do
공지사항,221441,치쿤구니야열 검역관리지역 추가 지정 안내,2025.07.31,https://www.kdca.go.kr/bbs/kdca/50/221441/artclView.do
서식,228501,(질병관리청 시험의뢰규칙)검체 시험의뢰서,2025.07.28,https://www.kdca.go.kr/bbs/kdca/57/228501/artclView.do
교육자료,219133,"[리플릿] 물놀이 활동 손상 예방 및 응급처치 수칙, 안전 체크리스트",2025.07.23,https://www.kdca.go.kr/bbs/kdca/49/219133/artclView.do
지침,228303,검역감염병 대응 지침,2025.07.17,https://www.kdca.go.kr/bbs/kdca/55/228303/artclView.do
지침,228302,2025 HIV/AIDS 관리지침(개정),2025.07.14,https://www.kdca.go.kr/bbs/kdca/55/228302/artclView.do
지침,228301,일차 의료기관용 바이러스 간염(B형·C형) 진료 지침,2025.07.11,https://www.kdca.go.kr/bbs/kdca/55/228301/artclView.do
지침,228300,2025년 의료관련감염병 표본감시 운영 및 예산집행 안내,2025.07.03,https://www.kdca.go.kr/bbs/kdca/55/228300/artclView.do
교육자료,219132,감염취약시설 종사자 대상 감염관리 교육자료(포스터 및 리플릿 각 2종),2025.07.02,https://www.kdca.go.kr/bbs/kdca/49/219132/artclView.do
교육자료,219131,감염취약시설 종사자 대상 감염관리 교육자료(표준교안 11종),2025.07.02,https://www.kdca.go.kr/bbs/kdca/49/219131/artclView.do
지침,228299,2025년도 감염병 관리 사업 안내,2025.06.30,https://www.kdca.go.kr/bbs/kdca/55/228299/artclView.do
공지사항,221430,2025년 3분기 중점검역관리지역 및 검역관리지역 안내,2025.06.20,https://www.kdca.go.kr/bbs/kdca/50/221430/artclView.do
교육자료,219130,중앙·지자체 역학조사반 감염병 현장 대응 훈련 시나리오,2025.06.05,https://www.kdca.go.kr/bbs/kdca/49/219130/artclView.do
지침,228298,2025년도 크로이츠펠트-야콥병 관리지침,2025.06.04,https://www.kdca.go.kr/bbs/kdca/55/228298/artclView.do
지침,228297,한의의료기관 감염관리 표준 매뉴얼,2025.05.30,https://www.kdca.go.kr/bbs/kdca/55/228297/artclView.do
지침,228296,감염병 국가표준실험실 인정요건 및 표준운영지침(국·영문판),2025.05.27,https://www.kdca.go.kr/bbs/kdca/55/228296/artclView.do
지침,228295,2025년 예방접종대상감염병 관리지침,2025.05.20,https://www.kdca.go.kr/bbs/kdca/55/228295/artclView.do
지침,228294,2025년 국가지정 입원치료병상 운영과 관리 지침,2025.05.16,https://www.kdca.go.kr/bbs/kdca/55/228294/artclView.do
교육자료,219129,역학조사관 교육 표준교재,2025.05.14,https://www.kdca.go.kr/bbs/kdca/49/219129/artclView.do
교육자료,219128,EB와 함께하는 안전하고 즐거운 학교생활 가이드북,2025.05.09,https://www.kdca.go.kr/bbs/kdca/49/219128/artclView.do
지침,228293,2025 검역업무지침,2025.05.07,https://www.kdca.go.kr/bbs/kdca/55/228293/artclView.do
교육자료,219127,2024 원헬스 연차보고서,2025.04.30,https://www.kdca.go.kr/bbs/kdca/49/219127/artclView.do
교육자료,219126,항생제 내성 교육자료집(고등학생용),2025.04.30,https://www.kdca.go.kr/bbs/kdca/49/219126/artclView.do
교육자료,219125,항생제 내성 교육자료집(중학생용),2025.04.30,https://www.kdca.go.kr/bbs/kdca/49/219125/artclView.do
교육자료,219124,항생제 내성 예방 교육자료집(초등학생 고학년용),2025.04.30,https://www.kdca.go.kr/bbs/kdca/49/219124/artclView.do
교육자료,219123,항생제 내성 예방 교육자료집(초등학생 저학년용),2025.04.30,https://www.kdca.go.kr/bbs/kdca/49/219123/artclView.do
지침,228292,2025년 레지오넬라증 관리지침,2025.04.23,https://www.kdca.go.kr/bbs/kdca/55/228292/artclView.do
지침,228291,2025년 호흡기감염병 관리지침,2025.04.23,https://www.kdca.go.kr/bbs/kdca/55/228291/artclView.do
교육자료,219122,개인보호구(Level C) 착·탈의 교육 영상,2025.04.18,https://www.kdca.go.kr/bbs/kdca/49/219122/artclView.do
지침,228290,2025년 아토피·천식 안심학교 운영안내서(초등학교용),2025.04.16,https://www.kdca.go.kr/bbs/kdca/55/228290/artclView.do
지침,228289,2025년 매독 신고 안내서,2025.03.31,https://www.kdca.go.kr/bbs/kdca/55/228289/artclView.do
지침,228288,2025년도 한센병사업 관리지침,2025.03.27,https://www.kdca.go.kr/bbs/kdca/55/228288/artclView.do
지침,228287,요양병원 감염병 진단 및 항생제 사용 지침,2025.03.26,https://www.kdca.go.kr/bbs/kdca/55/228287/artclView.do
지침,228286,「항생제 적정사용 관리(ASP) 시범사업」 FAQ 개정 안내 (2025. 3. 24. 기준)(오류 정정 파일재첨부),2025.03.25,https://www.kdca.go.kr/bbs/kdca/55/228286/artclView.do
지침,228285,2025년도 진드기.설치류매개감염병 관리지침,2025.03.25,https://www.kdca.go.kr/bbs/kdca/55/228285/artclView.do
공지사항,221417,2025년 2분기 중점검역관리지역 및 검역관리지역 안내,2025.03.25,https://www.kdca.go.kr/bbs/kdca/50/221417/artclView.do
지침,228284,2025년도 기생충감염병 관리지침,2025.03.24,https://www.kdca.go.kr/bbs/kdca/55/228284/artclView.do
지침,228283,2025년도 인수공통감염병 관리지침,2025.03.24,https://www.kdca.go.kr/bbs/kdca/55/228283/artclView.do
지침,228282,2025년도 바이러스성 모기매개감염병 관리지침,2025.03.21,https://www.kdca.go.kr/bbs/kdca/55/228282/artclView.do
지침,228281,원인미상 비감염 집단발병 역학조사 가이드라인(2025),2025.03.21,https://www.kdca.go.kr/bbs/kdca/55/228281/artclView.do
지침,228280,2025년도 말라리아 관리지침,2025.03.19,https://www.kdca.go.kr/bbs/kdca/55/228280/artclView.do
교육자료,219121,아토피·천식 안심학교 사업설명회 자료,2025.03.19,https://www.kdca.go.kr/bbs/kdca/49/219121/artclView.do
지침,228279,2025년 지역사회 통합건강증진사업 안내(아토피·천식 예방관리),2025.03.18,https://www.kdca.go.kr/bbs/kdca/55/228279/artclView.do
서식,228500,"[매독 역학조사 관련] 매독 역학조사와 관련하여 민감정보 수집, 이용 및 제3자 제공 동의에 대한 안내문입니다.",2025.03.18,https://www.kdca.go.kr/bbs/kdca/57/228500/artclView.do
지침,228278,2025년 의료관련감염병 지역 의료기관 네트워크 운영 사업 지침,2025.03.12,https://www.kdca.go.kr/bbs/kdca/55/228278/artclView.do
지침,228277,「다제내성결핵 치료 신약 사전심사 세부기준」,2025.03.04,https://www.kdca.go.kr/bbs/kdca/55/228277/artclView.do
지침,228276,군중행사 감염병 위험평가 매뉴얼,2025.02.28,https://www.kdca.go.kr/bbs/kdca/55/228276/artclView.do
지침,228275,2025년 엔테로바이러스감염증 수족구병 관리지침,2025.02.27,https://www.kdca.go.kr/bbs/kdca/55/228275/artclView.do
지침,228274,2025년 수인성 및 식품매개감염병 관리지침,2025.02.27,https://www.kdca.go.kr/bbs/kdca/55/228274/artclView.do
공지사항,221410,2025년 1분기 에볼라바이러스병 검역관리지역 지정 안내,2025.02.25,https://www.kdca.go.kr/bbs/kdca/50/221410/artclView.do
코로나19지침,204643,[중앙방역대책본부]  코로나바이러스감염증-19 치료제 사용 안내서(13-2판) 개정 안내,2025.02.19,https://www.kdca.go.kr/bbs/kdca/245/204643/artclView.do
지침,228273,2025년도 바이러스 간염 관리지침 (A형·B형·C형·E형),2025.02.18,https://www.kdca.go.kr/bbs/kdca/55/228273/artclView.do
지침,228272,소아청소년 마크로라이드 불응성 마이코플라스마 폐렴 2차 항생제 안전 사용 가이드,2025.02.06,https://www.kdca.go.kr/bbs/kdca/55/228272/artclView.do
지침,228271,소아 마크로라이드 불응성 마이코플라스마 폐렴 항생제 치료 지침(2024),2025.02.06,https://www.kdca.go.kr/bbs/kdca/55/228271/artclView.do
지침,228270,2025년 성매개감염병 관리지침,2025.02.05,https://www.kdca.go.kr/bbs/kdca/55/228270/artclView.do
지침,228269,2025년 HIV/AIDS 관리지침,2025.02.05,https://www.kdca.go.kr/bbs/kdca/55/228269/artclView.do
지침,228268,「2025 국제공인예방접종지정기관 운영가이드 개정판」,2025.02.04,https://www.kdca.go.kr/bbs/kdca/55/228268/artclView.do
지침,228267,「2024 군중모임행사 감염병 대비·대응 표준운영절차(SOP)」,2025.01.21,https://www.kdca.go.kr/bbs/kdca/55/228267/artclView.do
지침,228266,국가건강검진 검진의사 상담매뉴얼(정신건강검사 및 상담),2025.01.15,https://www.kdca.go.kr/bbs/kdca/55/228266/artclView.do
지침,228265,2021 영유아 건강검진 검진의사 상담매뉴얼 개정판(2024년),2025.01.15,https://www.kdca.go.kr/bbs/kdca/55/228265/artclView.do
지침,228264,2025년 제1급감염병(중동호흡기증후군(MERS)·중동급성호흡기증후군(SARS)) 대응지침,2025.01.02,https://www.kdca.go.kr/bbs/kdca/55/228264/artclView.do
지침,228263,2025년 제1급감염병(두창·페스트·탄저·보툴리눔독소증·야토병) 대응지침,2025.01.02,https://www.kdca.go.kr/bbs/kdca/55/228263/artclView.do
지침,228262,2025년 제1급감염병(바이러스성출혈열) 대응지침,2025.01.02,https://www.kdca.go.kr/bbs/kdca/55/228262/artclView.do
지침,228261,2025년 제1급감염병(동물인플루엔자 인체감염증) 대응지침,2025.01.02,https://www.kdca.go.kr/bbs/kdca/55/228261/artclView.do
지침,228260,2025년도 의료관련감염병 관리치침,2025.01.02,https://www.kdca.go.kr/bbs/kdca/55/228260/artclView.do
교육자료,219120,미세먼지 기인 질병대응연구(R&D) 성과집(2019~2023),2025.01.02,https://www.kdca.go.kr/bbs/kdca/49/219120/artclView.do
지침,228259,2025 국가결핵관리지침(시스템 이용 설명서 2종),2024.12.31,https://www.kdca.go.kr/bbs/kdca/55/228259/artclView.do
지침,228258,2025년 지역사회 통합건강증진사업 안내(심뇌혈관질환 예방관리),2024.12.31,https://www.kdca.go.kr/bbs/kdca/55/228258/artclView.do
지침,228257,2025년 고혈압·당뇨병 등록관리사업 표준실무지침,2024.12.31,https://www.kdca.go.kr/bbs/kdca/55/228257/artclView.do
지침,228256,2025년 시도 심뇌혈관질환 예방관리사업 안내,2024.12.31,https://www.kdca.go.kr/bbs/kdca/55/228256/artclView.do
지침,228255,"(9.18. 수정) 2025년 국가예방접종사업 관리지침(보건소용, 의료기관용) 개정 안내",2024.12.31,https://www.kdca.go.kr/bbs/kdca/55/228255/artclView.do
지침,228254,2025 실험실 생물안전지침 개정 안내,2024.12.27,https://www.kdca.go.kr/bbs/kdca/55/228254/artclView.do
지침,228253,원인불명 질병 집단감염 대응지침(제3판),2024.12.23,https://www.kdca.go.kr/bbs/kdca/55/228253/artclView.do
공지사항,221402,호흡기 감염병 위험도 평가툴(K-VENT 2.2) 배포,2024.12.17,https://www.kdca.go.kr/bbs/kdca/50/221402/artclView.do
공지사항,221401,2025년도 1분기 중점검역관리지역 및 검역관리지역 안내,2024.12.16,https://www.kdca.go.kr/bbs/kdca/50/221401/artclView.do
교육자료,219119,"감염병 예방을 위한 기침예절 교육 리플렛, 동영상",2024.12.13,https://www.kdca.go.kr/bbs/kdca/49/219119/artclView.do
지침,228252,엠폭스(Mpox) 치료지침 제3판,2024.12.04,https://www.kdca.go.kr/bbs/kdca/55/228252/artclView.do
지침,228251,2024-2025절기 인플루엔자 관리 지침,2024.12.03,https://www.kdca.go.kr/bbs/kdca/55/228251/artclView.do
지침,228250,2023년도 감염병 역학조사 연보,2024.12.02,https://www.kdca.go.kr/bbs/kdca/55/228250/artclView.do
지침,228249,코로나바이러스감염증-19 치료제 사용 안내서(제13-1판) 개정 안내,2024.11.26,https://www.kdca.go.kr/bbs/kdca/55/228249/artclView.do
지침,228248,제3판 의료관련감염 집단발생 대응 안내,2024.11.26,https://www.kdca.go.kr/bbs/kdca/55/228248/artclView.do
코로나19지침,204642,[중앙방역대책본부]  코로나바이러스감염증-19 치료제 사용 안내서(제13-1판) 개정 안내,2024.11.26,https://www.kdca.go.kr/bbs/kdca/245/204642/artclView.do
서식,228499,2024년 질병관리청 민원편람,2024.11.19,https://www.kdca.go.kr/bbs/kdca/57/228499/artclView.do
지침,228247,2024 시설별 인플루엔자 관리지침(사업장용),2024.11.18,https://www.kdca.go.kr/bbs/kdca/55/228247/artclView.do
지침,228246,2024 시설별 인플루엔자 관리지침(노인복지시설용),2024.11.18,https://www.kdca.go.kr/bbs/kdca/55/228246/artclView.do
지침,228245,"2024 시설별 인플루엔자 관리지침(어린이집, 유치원, 학교용)",2024.11.18,https://www.kdca.go.kr/bbs/kdca/55/228245/artclView.do
지침,228244,2024년 제1급감염병(동물인플루엔자 인체감염증) 대응지침(2024.10월),2024.10.29,https://www.kdca.go.kr/bbs/kdca/55/228244/artclView.do
지침,228243,"엠폭스 관리지침(2024.11, 제2-1판) 개정판",2024.10.29,https://www.kdca.go.kr/bbs/kdca/55/228243/artclView.do
지침,228242,코로나바이러스감염증-19 치료제 사용 안내서(제13판) 개정 안내,2024.10.22,https://www.kdca.go.kr/bbs/kdca/55/228242/artclView.do
서식,228498,조류인플루엔자(AI) 인체감염증 관리조사서,2024.10.22,https://www.kdca.go.kr/bbs/kdca/57/228498/artclView.do
코로나19지침,204641,[중앙방역대책본부]  코로나바이러스감염증-19 치료제 사용 안내서(제13판) 개정 안내,2024.10.21,https://www.kdca.go.kr/bbs/kdca/245/204641/artclView.do
공지사항,221388,2024년도 하반기 중점검역관리지역 및 검역관리지역 안내(엠폭스 검역관리지역 추가),2024.10.18,https://www.kdca.go.kr/bbs/kdca/50/221388/artclView.do
지침,228241,HIV 감염인 진료를 위한 의료기관 길라잡이,2024.10.14,https://www.kdca.go.kr/bbs/kdca/55/228241/artclView.do
공지사항,221386,2024년도 하반기 중점검역관리지역 및 검역관리지역 추가 지정 안내,2024.10.10,https://www.kdca.go.kr/bbs/kdca/50/221386/artclView.do
지침,228240,법정감염병 진단검사 통합지침 제4-1판,2024.10.02,https://www.kdca.go.kr/bbs/kdca/55/228240/artclView.do
지침,228239,항생제 적정사용 관리 시범사업 관련 지침 등,2024.09.27,https://www.kdca.go.kr/bbs/kdca/55/228239/artclView.do
지침,228238,’24~’25절기 코로나19 임시예방접종 지원사업 지침,2024.09.23,https://www.kdca.go.kr/bbs/kdca/55/228238/artclView.do
지침,228237,｢2024년도 엔테로바이러스 감염증‧수족구병 관리지침｣ 일부 개정,2024.09.13,https://www.kdca.go.kr/bbs/kdca/55/228237/artclView.do
지침,228236,2024년 진드기·설치류 매개 감염병 관리지침 일부 개정 안내,2024.09.09,https://www.kdca.go.kr/bbs/kdca/55/228236/artclView.do
코로나19지침,204640,[중앙방역대책본부]  코로나바이러스감염증-19 치료제 사용 안내서(제12-1판) 개정 안내,2024.09.02,https://www.kdca.go.kr/bbs/kdca/245/204640/artclView.do
지침,228235,「2024년도 바이러스간염(A형·B형·C형·E형) 관리지침」일부 개정,2024.08.29,https://www.kdca.go.kr/bbs/kdca/55/228235/artclView.do
지침,228234,2020-2021 감염병 역학조사 연보,2024.08.23,https://www.kdca.go.kr/bbs/kdca/55/228234/artclView.do
지침,228233,2024년도 코로나바이러스감염증-19 관리지침 개정(2024.8.16),2024.08.16,https://www.kdca.go.kr/bbs/kdca/55/228233/artclView.do
공지사항,221377,2024년도 하반기 중점검역관리지역 및 검역관리지역 안내,2024.08.14,https://www.kdca.go.kr/bbs/kdca/50/221377/artclView.do
공지사항,221376,질병관리청 자율기구(예방접종기획과) 업무 성과 공시,2024.08.13,https://www.kdca.go.kr/bbs/kdca/50/221376/artclView.do
지침,228232,성인 패혈증 초기치료지침서,2024.08.08,https://www.kdca.go.kr/bbs/kdca/55/228232/artclView.do
지침,228231,유흥분야 종사자 건강진단 Q&A,2024.07.24,https://www.kdca.go.kr/bbs/kdca/55/228231/artclView.do
지침,228230,의료인을 위한 말라리아 예방 및 관리 안내서(소책자),2024.07.18,https://www.kdca.go.kr/bbs/kdca/55/228230/artclView.do
지침,228229,감염병 과학 정보의 효과적 소통을 위한 가이드라인,2024.07.10,https://www.kdca.go.kr/bbs/kdca/55/228229/artclView.do
지침,228228,2024년 법정감염병 진단 신고 기준 지침,2024.07.09,https://www.kdca.go.kr/bbs/kdca/55/228228/artclView.do
지침,228227,"2024-2025절기 인플루엔자 국가예방접종 지원사업 관리지침(보건소용, 의료기관용)",2024.07.08,https://www.kdca.go.kr/bbs/kdca/55/228227/artclView.do
지침,228226,감염관리실 업무 지침서,2024.07.05,https://www.kdca.go.kr/bbs/kdca/55/228226/artclView.do
교육자료,219108,"감염병 예방을 위한 손씻기 교육 리플렛, 동영상",2024.07.04,https://www.kdca.go.kr/bbs/kdca/49/219108/artclView.do
지침,228225,엠폭스 관리지침,2024.06.25,https://www.kdca.go.kr/bbs/kdca/55/228225/artclView.do
교육자료,219107,노인 낙상 예방을 위한 실내 환경 점검표[가정용/기관용],2024.06.24,https://www.kdca.go.kr/bbs/kdca/49/219107/artclView.do
교육자료,219106,노인 낙상 예방 운동전 체력 점검표,2024.06.24,https://www.kdca.go.kr/bbs/kdca/49/219106/artclView.do
지침,228224,투약 준비 관련 감염관리 권고안,2024.06.20,https://www.kdca.go.kr/bbs/kdca/55/228224/artclView.do
지침,228223,2024년도 코로나바이러스감염증-19 관리 지침(수정),2024.06.19,https://www.kdca.go.kr/bbs/kdca/55/228223/artclView.do
교육자료,219105,다제내성결핵은 무슨병인가요?,2024.06.19,https://www.kdca.go.kr/bbs/kdca/49/219105/artclView.do
지침,228222,2024 검역업무지침,2024.06.12,https://www.kdca.go.kr/bbs/kdca/55/228222/artclView.do
지침,228221,2024년도 옴 예방관리 안내서,2024.06.10,https://www.kdca.go.kr/bbs/kdca/55/228221/artclView.do
지침,228220,결핵환자 맞춤형 통합관리 지침 안내,2024.05.31,https://www.kdca.go.kr/bbs/kdca/55/228220/artclView.do
지침,228219,2024년 한센병사업관리지침,2024.05.31,https://www.kdca.go.kr/bbs/kdca/55/228219/artclView.do
지침,228218,2024 카바페넴 내성 장내세균목 항생제 사용 지침(전자용),2024.05.29,https://www.kdca.go.kr/bbs/kdca/55/228218/artclView.do
지침,228217,시설별 설비별 레지오넬라증 관리 가이드라인,2024.05.20,https://www.kdca.go.kr/bbs/kdca/55/228217/artclView.do
지침,228216,2024년도 감염병 관리 사업 안내(일부개정),2024.05.13,https://www.kdca.go.kr/bbs/kdca/55/228216/artclView.do
지침,228215,2024년 호흡기감염병 관리지침,2024.05.09,https://www.kdca.go.kr/bbs/kdca/55/228215/artclView.do
지침,228214,2024년도 예방접종 대상 감염병 관리 지침,2024.05.02,https://www.kdca.go.kr/bbs/kdca/55/228214/artclView.do
지침,228213,엠폭스 치료제 사용 안내서 제3판,2024.04.30,https://www.kdca.go.kr/bbs/kdca/55/228213/artclView.do
지침,228212,2024년 레지오넬라증 관리지침,2024.04.30,https://www.kdca.go.kr/bbs/kdca/55/228212/artclView.do
코로나19지침,204639,[중앙방역대책본부]  코로나바이러스감염증-19 치료제 사용 안내서(제12판) 개정 안내,2024.04.30,https://www.kdca.go.kr/bbs/kdca/245/204639/artclView.do
지침,228211,2024년도 바이러스 간염 관리지침,2024.04.29,https://www.kdca.go.kr/bbs/kdca/55/228211/artclView.do
지침,228210,‘국립결핵병원 치료·간병 통합지원 시범사업’ 시행 안내(2024.5.1.시행),2024.04.26,https://www.kdca.go.kr/bbs/kdca/55/228210/artclView.do
지침,228209,폴리오 대응 지침(2024년 개정),2024.04.24,https://www.kdca.go.kr/bbs/kdca/55/228209/artclView.do
지침,228208,2024년도 엔테로바이러스 감염증·수족구병 관리지침,2024.04.19,https://www.kdca.go.kr/bbs/kdca/55/228208/artclView.do
지침,228207,2024년도 수인성 및 식품매개감염병 관리지침,2024.04.19,https://www.kdca.go.kr/bbs/kdca/55/228207/artclView.do
교육자료,219104,"일차의료용 심방세동 임상진료지침 의사, 환자 및 일반인용 교육자료",2024.04.15,https://www.kdca.go.kr/bbs/kdca/49/219104/artclView.do
교육자료,219103,일차 의료용 근거기반 골다공증 권고요약본,2024.04.15,https://www.kdca.go.kr/bbs/kdca/49/219103/artclView.do
공지사항,221362,2024년도 상반기 검역관리지역 추가 지정 안내,2024.04.15,https://www.kdca.go.kr/bbs/kdca/50/221362/artclView.do
지침,228206,「잠복결핵감염 관리 안내」,2024.04.11,https://www.kdca.go.kr/bbs/kdca/55/228206/artclView.do
지침,228205,코로나19 예방접종 실시기준 개정 안내 (2024.4.15. 기준),2024.04.09,https://www.kdca.go.kr/bbs/kdca/55/228205/artclView.do
지침,228204,2024년 엠폭스 대응지침 6판 안내,2024.04.05,https://www.kdca.go.kr/bbs/kdca/55/228204/artclView.do
교육자료,219102,어린이 체험활동 손상예방을 위한 가이드라인,2024.04.02,https://www.kdca.go.kr/bbs/kdca/49/219102/artclView.do
서식,228497,성매개감염병 신고 서식,2024.04.01,https://www.kdca.go.kr/bbs/kdca/57/228497/artclView.do
지침,228203,상호주의 원칙에 따른 코로나19 격리입원치료비 지원 국가 안내('24.4월),2024.03.29,https://www.kdca.go.kr/bbs/kdca/55/228203/artclView.do
지침,228202,「다제내성결핵 치료 신약 사전심사제」 일부개정 및 안내서 배포 알림,2024.03.29,https://www.kdca.go.kr/bbs/kdca/55/228202/artclView.do
교육자료,219101,말라리아 캘린더형 교육자료,2024.03.29,https://www.kdca.go.kr/bbs/kdca/49/219101/artclView.do
지침,228201,2024년 성매개감염병 관리지침,2024.03.25,https://www.kdca.go.kr/bbs/kdca/55/228201/artclView.do
지침,228200,2024년 HIV/AIDS 관리지침,2024.03.25,https://www.kdca.go.kr/bbs/kdca/55/228200/artclView.do
지침,228199,「교정시설 결핵관리지침」(2024),2024.03.25,https://www.kdca.go.kr/bbs/kdca/55/228199/artclView.do
교육자료,219100,"어린이, 청소년 대상 심폐소생술 교육자료(리플렛 3종)",2024.03.25,https://www.kdca.go.kr/bbs/kdca/49/219100/artclView.do
지침,228198,2024년 지역사회 통합건강증진사업 안내(심뇌혈관질환 예방관리),2024.03.21,https://www.kdca.go.kr/bbs/kdca/55/228198/artclView.do
지침,228197,2024년 시도 심뇌혈관질환 예방관리사업 안내,2024.03.21,https://www.kdca.go.kr/bbs/kdca/55/228197/artclView.do
지침,228196,2024년도 말라리아 관리지침 및 복약수첩,2024.03.19,https://www.kdca.go.kr/bbs/kdca/55/228196/artclView.do
지침,228195,2024년도 바이러스성 모기매개감염병 관리지침,2024.03.18,https://www.kdca.go.kr/bbs/kdca/55/228195/artclView.do
지침,228194,2024년도 인수공통감염병 관리지침,2024.03.18,https://www.kdca.go.kr/bbs/kdca/55/228194/artclView.do
지침,228193,2024년도 크로이츠펠트-야콥병 관리지침,2024.03.18,https://www.kdca.go.kr/bbs/kdca/55/228193/artclView.do
지침,228192,2024년도 기생충감염병 관리지침,2024.03.18,https://www.kdca.go.kr/bbs/kdca/55/228192/artclView.do
코로나19지침,204638,[중앙방역대책본부]  코로나바이러스감염증-19 검역대응 지침(제15판),2024.03.18,https://www.kdca.go.kr/bbs/kdca/245/204638/artclView.do
지침,228191,2024년 주요 감염병 매개모기 방제지침(개정판),2024.03.15,https://www.kdca.go.kr/bbs/kdca/55/228191/artclView.do
지침,228190,2024년도 진드기·설치류 매개 감염병 관리지침 발간 안내,2024.03.14,https://www.kdca.go.kr/bbs/kdca/55/228190/artclView.do
지침,228189,「2024 국가결핵관리지침」 발간 안내,2024.03.13,https://www.kdca.go.kr/bbs/kdca/55/228189/artclView.do
지침,228188,군중모임행사 감염병 대비·대응 표준운영절차(2023년 개정),2024.03.08,https://www.kdca.go.kr/bbs/kdca/55/228188/artclView.do
지침,228187,「2024년 찾아가는 결핵검진사업 세부안내」,2024.03.07,https://www.kdca.go.kr/bbs/kdca/55/228187/artclView.do
지침,228186,상호주의 원칙에 따른 코로나19 격리입원치료비 지원 국가 안내('24.3월),2024.02.29,https://www.kdca.go.kr/bbs/kdca/55/228186/artclView.do
지침,228185,2024년 감염병관리시설 평가 지침,2024.02.23,https://www.kdca.go.kr/bbs/kdca/55/228185/artclView.do
지침,228184,2024년 고혈압·당뇨병 등록관리사업 표준실무지침,2024.02.22,https://www.kdca.go.kr/bbs/kdca/55/228184/artclView.do
지침,228183,매독 신고 안내서,2024.02.16,https://www.kdca.go.kr/bbs/kdca/55/228183/artclView.do
교육자료,219099,[마이코플라스마 폐렴균 감염증][의료진용] 소아 마크로라이드 불응성 마이코플라스마 폐렴 항생제 치료지침,2024.02.14,https://www.kdca.go.kr/bbs/kdca/49/219099/artclView.do
지침,228182,생물테러 대비 및 대응지침,2024.02.07,https://www.kdca.go.kr/bbs/kdca/55/228182/artclView.do
지침,228181,홍역 대응 지침(2024년 개정),2024.02.06,https://www.kdca.go.kr/bbs/kdca/55/228181/artclView.do
지침,228180,2024년도 감염병 관리 사업 안내,2024.02.02,https://www.kdca.go.kr/bbs/kdca/55/228180/artclView.do
지침,228179,상호주의 원칙에 따른 코로나19 격리입원치료비 지원 국가 안내('24.2월),2024.02.01,https://www.kdca.go.kr/bbs/kdca/55/228179/artclView.do
지침,228178,｢결핵 진료지침(5판)｣(2024),2024.01.31,https://www.kdca.go.kr/bbs/kdca/55/228178/artclView.do
교육자료,219098,지역사회 의료인 대상 감염병 대응 교육자료,2024.01.26,https://www.kdca.go.kr/bbs/kdca/49/219098/artclView.do
지침,228177,"「풍수해(태풍·호우, 대설) 감염병 대응 매뉴얼(2023년판)」",2024.01.24,https://www.kdca.go.kr/bbs/kdca/55/228177/artclView.do
지침,228176,2023-2024절기 인플루엔자 관리 지침,2024.01.10,https://www.kdca.go.kr/bbs/kdca/55/228176/artclView.do
지침,228175,2024년 국가지정 입원치료병상 운영과 관리 지침,2024.01.09,https://www.kdca.go.kr/bbs/kdca/55/228175/artclView.do
교육자료,219097,"손씻기, 기침예절 관련 교육자료",2024.01.08,https://www.kdca.go.kr/bbs/kdca/49/219097/artclView.do
공지사항,221351,질병관리청 자율기구(예방접종기획과) 운영 현황 및 성과 공시,2024.01.04,https://www.kdca.go.kr/bbs/kdca/50/221351/artclView.do
공지사항,221350,질병관리청 자율기구(예방접종기획과) 운영 현황 공시,2024.01.04,https://www.kdca.go.kr/bbs/kdca/50/221350/artclView.do
지침,228174,상호주의 원칙에 따른 코로나19 격리입원치료비 지원 국가 안내('24.1월),2023.12.29,https://www.kdca.go.kr/bbs/kdca/55/228174/artclView.do
지침,228173,2024년 제1급감염병 중동호흡기증후군(MERS)중증급성호흡기증후군(SARS) 대응지침(2024.1월),2023.12.29,https://www.kdca.go.kr/bbs/kdca/55/228173/artclView.do
지침,228172,2024년 제1급감염병 두창，페스트，탄저，보툴리눔독소증，야토병 대응지침(2024.1월),2023.12.29,https://www.kdca.go.kr/bbs/kdca/55/228172/artclView.do
지침,228171,2024년 제1급감염병(바이러스성출혈열) 대응지침(2024.1월),2023.12.29,https://www.kdca.go.kr/bbs/kdca/55/228171/artclView.do
지침,228170,2024년 제1급감염병(동물인플루엔자 인체감염증) 대응지침(2024.1월),2023.12.29,https://www.kdca.go.kr/bbs/kdca/55/228170/artclView.do
지침,228169,2024년도 의료관련감염병 관리지침,2023.12.29,https://www.kdca.go.kr/bbs/kdca/55/228169/artclView.do
코로나19지침,204637,[중앙방역대책본부]  코로나19 대응 지침(지자체용) 제14-1판 개정 설명회관련 질의응답 추가 수정 사항 안내(55번),2023.12.29,https://www.kdca.go.kr/bbs/kdca/245/204637/artclView.do
코로나19지침,204636,[중앙방역대책본부]  코로나바이러스감염증-19 의료기관 감염예방관리 (제3-1판),2023.12.29,https://www.kdca.go.kr/bbs/kdca/245/204636/artclView.do
공지사항,221348,2024년 상반기 검역관리지역 지정 안내,2023.12.29,https://www.kdca.go.kr/bbs/kdca/50/221348/artclView.do
지침,228168,「국립보건연구원 연구개발과제 및 성과 관리지침」 개정 안내(23.12.7),2023.12.28,https://www.kdca.go.kr/bbs/kdca/55/228168/artclView.do
코로나19지침,204635,[중앙방역대책본부]  코로나19 대응 지침(지자체용) 제14-1판 개정 설명회관련 질의응답 안내,2023.12.28,https://www.kdca.go.kr/bbs/kdca/245/204635/artclView.do
코로나19지침,204634,[중앙방역대책본부]  코로나바이러스감염증-19 대응 지침(지자체용) 제14-1판(수정),2023.12.28,https://www.kdca.go.kr/bbs/kdca/245/204634/artclView.do
교육자료,219096,인공신장실 감염관리 지침(제2판) 교육 동영상,2023.12.28,https://www.kdca.go.kr/bbs/kdca/49/219096/artclView.do
지침,228167,코로나19 예방접종 실시기준 개정 안내 (2024.1.8. 기준),2023.12.27,https://www.kdca.go.kr/bbs/kdca/55/228167/artclView.do
공지사항,221345,호흡기 감염병 공기전파 위험도 평가툴(K-VENT 2.1) 배포,2023.12.26,https://www.kdca.go.kr/bbs/kdca/50/221345/artclView.do
코로나19지침,204633,[중앙방역대책본부]  코로나바이러스감염증-19 대응 지침(지자체용) 제14-1판 개정 안내,2023.12.20,https://www.kdca.go.kr/bbs/kdca/245/204633/artclView.do
교육자료,219095,빈대 정보집 제2-2판,2023.12.20,https://www.kdca.go.kr/bbs/kdca/49/219095/artclView.do
지침,228166,"2024년 국가예방접종 지원사업 관리지침(보건소용,의료기관용) 일부개정",2023.12.18,https://www.kdca.go.kr/bbs/kdca/55/228166/artclView.do
지침,228165,코로나19 예방접종 실시기준 및 FAQ 개정 안내 (2023.12.18. 기준),2023.12.18,https://www.kdca.go.kr/bbs/kdca/55/228165/artclView.do
교육자료,219094,'23~'24절기 코로니19 영유아용 화이자 XBB.1.5 백신 접종술기 자료,2023.12.15,https://www.kdca.go.kr/bbs/kdca/49/219094/artclView.do
교육자료,219093,빈대 예방하기(다국어),2023.12.11,https://www.kdca.go.kr/bbs/kdca/49/219093/artclView.do
지침,228164,상호주의 원칙에 따른 코로나19 격리입원치료비 지원 국가 안내('23.12월),2023.12.04,https://www.kdca.go.kr/bbs/kdca/55/228164/artclView.do
교육자료,219092,'23~'24절기 코로나19 노바백스 XBB.1.5 백신 접종술기 자료,2023.11.29,https://www.kdca.go.kr/bbs/kdca/49/219092/artclView.do
지침,228163,시설별 인플루엔자 관리 지침(사업장용),2023.11.22,https://www.kdca.go.kr/bbs/kdca/55/228163/artclView.do
지침,228162,시설별 인플루엔자 관리 지침(노인복지시설용),2023.11.22,https://www.kdca.go.kr/bbs/kdca/55/228162/artclView.do
지침,228161,"시설별 인플루엔자 관리 지침(어린이집, 유치원, 학교용)",2023.11.22,https://www.kdca.go.kr/bbs/kdca/55/228161/artclView.do
서식,228496,2023년 질병관리청 민원편람,2023.11.20,https://www.kdca.go.kr/bbs/kdca/57/228496/artclView.do
교육자료,219091,빈대 정보집 제2-1판,2023.11.10,https://www.kdca.go.kr/bbs/kdca/49/219091/artclView.do
지침,228160,상호주의 원칙에 따른 코로나19 격리입원치료비 지원 국가 안내('23.11월),2023.11.09,https://www.kdca.go.kr/bbs/kdca/55/228160/artclView.do
교육자료,219090,빈대 정보집_제2판,2023.11.09,https://www.kdca.go.kr/bbs/kdca/49/219090/artclView.do
지침,228159,코로나19 예방접종 실시기준 변경사항 안내,2023.10.31,https://www.kdca.go.kr/bbs/kdca/55/228159/artclView.do
교육자료,219089,위생해충 분류군 정보집(빈대),2023.10.25,https://www.kdca.go.kr/bbs/kdca/49/219089/artclView.do
지침,228158,2022년도 감염병 역학조사 연보,2023.10.23,https://www.kdca.go.kr/bbs/kdca/55/228158/artclView.do
지침,228157,2023 성인 병원획득 폐렴 진료 및 항생제 사용 지침(전자용),2023.10.20,https://www.kdca.go.kr/bbs/kdca/55/228157/artclView.do
지침,228156,2023년 중증열성혈소판감소증후군(SFTS) 진료지침(의료인용)(2판) 안내,2023.10.20,https://www.kdca.go.kr/bbs/kdca/55/228156/artclView.do
코로나19지침,204632,[중앙방역대책본부]  코로나바이러스감염증-19 치료제 사용 안내서(제11-2판) 개정 안내,2023.10.20,https://www.kdca.go.kr/bbs/kdca/245/204632/artclView.do
지침,228155,코로나19 예방접종 실시기준 및 FAQ 추가 개정 안내 (2023.10.19. 기준),2023.10.19,https://www.kdca.go.kr/bbs/kdca/55/228155/artclView.do
지침,228154,코로나19 예방접종 실시기준 및 FAQ 개정 안내 (2023.10.19. 기준),2023.10.19,https://www.kdca.go.kr/bbs/kdca/55/228154/artclView.do
교육자료,219088,'23~'24절기 코로나19 소아 및 영유아용 모더나 XBB.1.5 백신 접종술기 자료,2023.10.18,https://www.kdca.go.kr/bbs/kdca/49/219088/artclView.do
교육자료,219087,'23~'24절기 코로나19 XBB.1.5 백신 접종술기 자료,2023.10.11,https://www.kdca.go.kr/bbs/kdca/49/219087/artclView.do
지침,228153,상호주의 원칙에 따른 코로나19 격리입원치료비 지원 국가 안내('23.10월),2023.10.06,https://www.kdca.go.kr/bbs/kdca/55/228153/artclView.do
교육자료,219086,위생해충 분류군별 정보집 (청딱지개미반날개),2023.09.26,https://www.kdca.go.kr/bbs/kdca/49/219086/artclView.do
코로나19지침,204631,[중앙방역대책본부]  코로나바이러스감염증-19 치료제 사용 안내서(제11-1판) 개정 안내,2023.09.25,https://www.kdca.go.kr/bbs/kdca/245/204631/artclView.do
코로나19지침,204630,[중앙방역대책본부]  코로나19 대응 지침(지자체용) 제14판 개정 설명회관련 질의응답 안내(일부수정),2023.09.07,https://www.kdca.go.kr/bbs/kdca/245/204630/artclView.do
지침,228152,상호주의 원칙에 따른 코로나19 격리입원치료비 지원 국가 안내('23.9월),2023.09.04,https://www.kdca.go.kr/bbs/kdca/55/228152/artclView.do
지침,228151,2023 전국 의료기관 항생제 사용량 분석 연보,2023.09.04,https://www.kdca.go.kr/bbs/kdca/55/228151/artclView.do
서식,228495,반코마이신내성/중등도내성황색포도알균(VRSA/VISA) 감염증 사례조사서,2023.09.04,https://www.kdca.go.kr/bbs/kdca/57/228495/artclView.do
서식,228494,카바페넴분해효소생성장내세균속균종(CPE) 감염증 신고서,2023.09.04,https://www.kdca.go.kr/bbs/kdca/57/228494/artclView.do
서식,228493,카바페넴내성장내세균속균종(CRE) 감염증 사례조사서,2023.09.04,https://www.kdca.go.kr/bbs/kdca/57/228493/artclView.do
지침,228150,코로나19 입원격리 치료비 지원업무(제10판) 안내(정정),2023.09.01,https://www.kdca.go.kr/bbs/kdca/55/228150/artclView.do
코로나19지침,204629,[중앙방역대책본부]  코로나19 입원격리 치료비 지원업무(제10판) 안내(정정),2023.09.01,https://www.kdca.go.kr/bbs/kdca/245/204629/artclView.do
코로나19지침,204628,[중앙방역대책본부]  코로나바이러스감염증-19 대응 지침(지자체용) 제14판(수정),2023.09.01,https://www.kdca.go.kr/bbs/kdca/245/204628/artclView.do
코로나19지침,204627,[중앙방역대책본부]  코로나19 대응 지침(지자체용) 제14판 개정 설명회관련 질의응답 안내,2023.09.01,https://www.kdca.go.kr/bbs/kdca/245/204627/artclView.do
공지사항,221335,코로나바이러스감염증-19 검역대응 지침(제15판) 개정 배포,2023.09.01,https://www.kdca.go.kr/bbs/kdca/50/221335/artclView.do
지침,228149,"2023-2024절기 인플루엔자 국가예방접종 지원사업 관리지침(보건소용,의료기관용)",2023.08.31,https://www.kdca.go.kr/bbs/kdca/55/228149/artclView.do
코로나19지침,204626,[중앙방역대책본부]  코로나바이러스감염증-19 의료기관 감염예방관리 (제3판),2023.08.31,https://www.kdca.go.kr/bbs/kdca/245/204626/artclView.do
코로나19지침,204625,[중앙방역대책본부]  입원격리 치료비 비용 신청서 서식(제10판),2023.08.31,https://www.kdca.go.kr/bbs/kdca/245/204625/artclView.do
공지사항,221334,"코로나바이러스감염증-19의 감염병 등급 전환에 따른, 생활지원비·유급휴가비용 지원제도 중단 안내",2023.08.31,https://www.kdca.go.kr/bbs/kdca/50/221334/artclView.do
코로나19지침,204624,[중앙방역대책본부]  코로나바이러스감염증-19 치료제 사용 안내서(제11판) 개정 안내,2023.08.29,https://www.kdca.go.kr/bbs/kdca/245/204624/artclView.do
공지사항,221333,2023년 하반기 검역관리지역 추가 지정 안내,2023.08.28,https://www.kdca.go.kr/bbs/kdca/50/221333/artclView.do
코로나19지침,204623,[중앙방역대책본부]  [중앙방역대책본부] 코로나바이러스감염증-19 대응 지침(지자체용) 제14판,2023.08.25,https://www.kdca.go.kr/bbs/kdca/245/204623/artclView.do
지침,228148,엠폭스 대응지침(지자체용) 제5-2판,2023.08.10,https://www.kdca.go.kr/bbs/kdca/55/228148/artclView.do
지침,228147,상호주의 원칙에 따른 코로나19 격리입원치료비 지원 국가 안내('23.8월),2023.07.31,https://www.kdca.go.kr/bbs/kdca/55/228147/artclView.do
지침,228146,인공신장실 감염관리 지침(제2판)_재업로드,2023.07.26,https://www.kdca.go.kr/bbs/kdca/55/228146/artclView.do
지침,228145,「2023년 찾아가는 결핵검진사업 세부 안내」 ('23.1.1.),2023.07.17,https://www.kdca.go.kr/bbs/kdca/55/228145/artclView.do
공지사항,221328,2023년 하반기 검역관리지역 안내,2023.07.17,https://www.kdca.go.kr/bbs/kdca/50/221328/artclView.do
지침,228144,말라리아 진료가이드(제2판),2023.07.13,https://www.kdca.go.kr/bbs/kdca/55/228144/artclView.do
지침,228143,엠폭스(mpox) 치료지침 제2판,2023.07.04,https://www.kdca.go.kr/bbs/kdca/55/228143/artclView.do
지침,228142,2023년 아토피천식 안심학교 운영안내서,2023.07.03,https://www.kdca.go.kr/bbs/kdca/55/228142/artclView.do
교육자료,219085,코로나19 소아용 화이자 BA.4/5 백신 접종술기 교육자료,2023.07.03,https://www.kdca.go.kr/bbs/kdca/49/219085/artclView.do
지침,228141,상호주의 원칙에 따른 코로나19 격리입원치료비 지원 국가 안내('23.7월),2023.06.30,https://www.kdca.go.kr/bbs/kdca/55/228141/artclView.do
교육자료,219084,일차의료용 근거기반 심방세동 임상진료지침 완본,2023.06.29,https://www.kdca.go.kr/bbs/kdca/49/219084/artclView.do
지침,228140,예방접종의 실시기준과 방법 (2023년 개정판)_수정게재,2023.06.26,https://www.kdca.go.kr/bbs/kdca/55/228140/artclView.do
코로나19지침,204622,[중앙방역대책본부]  코로나바이러스감염증-19 치료제 사용 안내서(제10-2판) 개정 안내,2023.06.23,https://www.kdca.go.kr/bbs/kdca/245/204622/artclView.do
지침,228139,인수공통감염병 공동 역학조사 매뉴얼(3.인수공통결핵),2023.06.21,https://www.kdca.go.kr/bbs/kdca/55/228139/artclView.do
교육자료,219083,2019 극소저체중아 레지스트리(KNN) 연차보고서(일반인용),2023.06.21,https://www.kdca.go.kr/bbs/kdca/49/219083/artclView.do
코로나19지침,204621,[중앙방역대책본부]  코로나바이러스감염증-19 대응 집단시설·다중이용시설 소독 안내 (제3-7판),2023.06.12,https://www.kdca.go.kr/bbs/kdca/245/204621/artclView.do
지침,228138,23년 브루셀라증(병) 공동 역학조사 메뉴얼,2023.06.05,https://www.kdca.go.kr/bbs/kdca/55/228138/artclView.do
지침,228137,23년 큐열 공동 역학조사 메뉴얼,2023.06.05,https://www.kdca.go.kr/bbs/kdca/55/228137/artclView.do
지침,228136,상호주의 원칙에 따른 코로나19 격리입원치료비 지원 국가('23.6월),2023.06.01,https://www.kdca.go.kr/bbs/kdca/55/228136/artclView.do
지침,228135,코로나19 입원격리 치료비 지원업무(제9-1판) 개정 안내,2023.06.01,https://www.kdca.go.kr/bbs/kdca/55/228135/artclView.do
코로나19지침,204620,[중앙방역대책본부]  코로나19 입원격리 치료비 지원업무(제9-1판),2023.06.01,https://www.kdca.go.kr/bbs/kdca/245/204620/artclView.do
코로나19지침,204619,[중앙방역대책본부]  코로나19 의료기관 감염예방관리(제2-2판),2023.06.01,https://www.kdca.go.kr/bbs/kdca/245/204619/artclView.do
지침,228134,2023년도 의료관련감염병 관리지침,2023.05.31,https://www.kdca.go.kr/bbs/kdca/55/228134/artclView.do
코로나19지침,204618,[중앙방역대책본부]  코로나바이러스감염증-19 검역대응 지침(제14-3판),2023.05.31,https://www.kdca.go.kr/bbs/kdca/245/204618/artclView.do
코로나19지침,204617,[중앙방역대책본부]  (중단)코로나19 입원·격리자 생활지원비·유급휴가비용 지원사업 안내(5판),2023.05.31,https://www.kdca.go.kr/bbs/kdca/245/204617/artclView.do
코로나19지침,204616,[중앙방역대책본부]  코로나바이러스감염증-19 대응 집단시설·다중이용시설 소독 안내 (제3-6판),2023.05.31,https://www.kdca.go.kr/bbs/kdca/245/204616/artclView.do
코로나19지침,204615,[중앙방역대책본부]  코로나바이러스감염증-19 대응 지침(지자체용) 제13-3판,2023.05.26,https://www.kdca.go.kr/bbs/kdca/245/204615/artclView.do
코로나19지침,204614,[중앙방역대책본부]  생활 방역 세부수칙 안내서(제7-2판),2023.05.26,https://www.kdca.go.kr/bbs/kdca/245/204614/artclView.do
코로나19지침,204613,[중앙방역대책본부]  마스크 착용 방역지침 준수 명령 및 과태료 부과 업무 안내서(제9판),2023.05.26,https://www.kdca.go.kr/bbs/kdca/245/204613/artclView.do
지침,228133,항생제 사용관리 프로그램(ASP) 통합 운영 가이드라인,2023.05.24,https://www.kdca.go.kr/bbs/kdca/55/228133/artclView.do
코로나19지침,204612,[중앙방역대책본부]  코로나바이러스감염증-19 예방을 위한 시험 방역관리 안내(제7판),2023.05.22,https://www.kdca.go.kr/bbs/kdca/245/204612/artclView.do
지침,228132,엠폭스 대응지침(제5-1판) 안내,2023.05.19,https://www.kdca.go.kr/bbs/kdca/55/228132/artclView.do
지침,228131,코로나19 예방접종 실시기준 및 FAQ 개정 안내 (2023.5.15. 기준),2023.05.12,https://www.kdca.go.kr/bbs/kdca/55/228131/artclView.do
지침,228130,2023년도 바이러스 간염 관리지침(A형·B형·C형·E형간염) 제정 안내,2023.05.09,https://www.kdca.go.kr/bbs/kdca/55/228130/artclView.do
교육자료,219082,심뇌혈관질환 예방·관리를 위한 9대 생활수칙 소책자,2023.05.08,https://www.kdca.go.kr/bbs/kdca/49/219082/artclView.do
공지사항,221318,2023년 상반기 검역관리지역 추가 지정 안내,2023.05.04,https://www.kdca.go.kr/bbs/kdca/50/221318/artclView.do
코로나19지침,204611,[중앙방역대책본부]  「코로나19 입원·격리자 유급휴가비용 지원사업 」 국가지원금 부정수급 관련 처분 기준 안내,2023.05.03,https://www.kdca.go.kr/bbs/kdca/245/204611/artclView.do
지침,228129,엠폭스 대응지침(제5판) 안내,2023.04.28,https://www.kdca.go.kr/bbs/kdca/55/228129/artclView.do
지침,228128,상호주의 원칙에 따른 코로나19 입원격리 치료비 지원 국가(2023년 5월),2023.04.28,https://www.kdca.go.kr/bbs/kdca/55/228128/artclView.do
지침,228127,성매개감염 진료지침 2023,2023.04.26,https://www.kdca.go.kr/bbs/kdca/55/228127/artclView.do
지침,228126,2023년도 엔테로바이러스 감염증 수족구병 관리지침,2023.04.24,https://www.kdca.go.kr/bbs/kdca/55/228126/artclView.do
지침,228125,2023년도 수인성식품매개감염병 관리지침,2023.04.24,https://www.kdca.go.kr/bbs/kdca/55/228125/artclView.do
지침,228124,2023년 제1급감염병(동물인플루엔자 인체감염증) 대응지침,2023.04.21,https://www.kdca.go.kr/bbs/kdca/55/228124/artclView.do
지침,228123,2023년 제1급감염병(바이러스성출혈열) 대응지침,2023.04.21,https://www.kdca.go.kr/bbs/kdca/55/228123/artclView.do
지침,228122,2023년제1급중동호흡기증후군[MERS]중증급성호흡기증후군[SARS]대응지침(2023.4.),2023.04.21,https://www.kdca.go.kr/bbs/kdca/55/228122/artclView.do
지침,228121,2023년 제1급감염병 두창，페스트，탄저，보툴리눔독소증，야토병 대응지침,2023.04.21,https://www.kdca.go.kr/bbs/kdca/55/228121/artclView.do
지침,228120,병원기반 인간 마이크로바이옴 연구개발 사업 운영 가이드라인,2023.04.18,https://www.kdca.go.kr/bbs/kdca/55/228120/artclView.do
지침,228119,2023년도 예방접종 대상 감염병 관리 지침,2023.04.17,https://www.kdca.go.kr/bbs/kdca/55/228119/artclView.do
지침,228118,2023년 의료관련감염병 예방관리사업 지침,2023.04.13,https://www.kdca.go.kr/bbs/kdca/55/228118/artclView.do
교육자료,219081,"만성질환 임상진료지침(천식, 우울증, 만성콩팥병) 환자 및 일반인용 교육자료",2023.04.13,https://www.kdca.go.kr/bbs/kdca/49/219081/artclView.do
지침,228117,2023년 HIV/AIDS 관리지침,2023.04.11,https://www.kdca.go.kr/bbs/kdca/55/228117/artclView.do
코로나19지침,204610,"[중앙방역대책본부]  의료기관 간병인력 코로나19 감염예방관리 교육자료 번역본(영어, 러시아어)",2023.04.11,https://www.kdca.go.kr/bbs/kdca/245/204610/artclView.do
교육자료,219080,파킨슨병 환자를 위한 운동,2023.04.10,https://www.kdca.go.kr/bbs/kdca/49/219080/artclView.do
지침,228116,2023년도 크로이츠펠트-야콥병 관리 지침,2023.04.07,https://www.kdca.go.kr/bbs/kdca/55/228116/artclView.do
서식,228492,CJD 사례조사서(의료기관용) 및 유전형 CJD 가족 사례조사서,2023.04.07,https://www.kdca.go.kr/bbs/kdca/57/228492/artclView.do
지침,228115,2023년도 레지오넬라증 관리지침,2023.04.06,https://www.kdca.go.kr/bbs/kdca/55/228115/artclView.do
지침,228114,"2023년도 호흡기감염병 관리지침 (수막구균감염증, 성홍열, 급성호흡기감염증)",2023.04.06,https://www.kdca.go.kr/bbs/kdca/55/228114/artclView.do
지침,228113,질병관리청 직무발명 및 기술이전 관리 지침,2023.04.05,https://www.kdca.go.kr/bbs/kdca/55/228113/artclView.do
지침,228112,2023년도 기생충감염병 관리 지침,2023.04.03,https://www.kdca.go.kr/bbs/kdca/55/228112/artclView.do
지침,228111,2023년도 인수공통감염병 관리 지침,2023.04.03,https://www.kdca.go.kr/bbs/kdca/55/228111/artclView.do
코로나19지침,204609,[중앙방역대책본부]  생활 방역 세부수칙 안내서(제7-1판),2023.04.03,https://www.kdca.go.kr/bbs/kdca/245/204609/artclView.do
지침,228110,상호주의 원칙에 따른 코로나19 입원격리 치료비 지원 국가(2023년 4월),2023.03.31,https://www.kdca.go.kr/bbs/kdca/55/228110/artclView.do
지침,228109,법정감염병 진단검사 통합지침 제4판,2023.03.29,https://www.kdca.go.kr/bbs/kdca/55/228109/artclView.do
지침,228108,중환자실 감염관리 지침(제2판),2023.03.27,https://www.kdca.go.kr/bbs/kdca/55/228108/artclView.do
지침,228107,2023 법정감염병 진단·신고기준 지침(pdf 추가),2023.03.27,https://www.kdca.go.kr/bbs/kdca/55/228107/artclView.do
교육자료,219079,중환자실 감염관리 지침(제2판) 교육 동영상,2023.03.27,https://www.kdca.go.kr/bbs/kdca/49/219079/artclView.do
교육자료,219078,"만성질환 임상진료지침(천식, 우울증, 만성콩팥병, 이상지질혈증) 의사 및 환자용 교육자료",2023.03.24,https://www.kdca.go.kr/bbs/kdca/49/219078/artclView.do
교육자료,219077,일차의료용 근거기반 고혈압 임상진료지침 및 권고요약본,2023.03.24,https://www.kdca.go.kr/bbs/kdca/49/219077/artclView.do
교육자료,219076,일차의료용 근거기반 만성폐쇄성폐질환 임상진료지침 및 권고요약본,2023.03.24,https://www.kdca.go.kr/bbs/kdca/49/219076/artclView.do
지침,228106,2023년 한센병사업 관리지침,2023.03.23,https://www.kdca.go.kr/bbs/kdca/55/228106/artclView.do
교육자료,219075,해외유입기생충감염증 정보집,2023.03.22,https://www.kdca.go.kr/bbs/kdca/49/219075/artclView.do
지침,228105,엠폭스 대응지침(제4판) 안내,2023.03.20,https://www.kdca.go.kr/bbs/kdca/55/228105/artclView.do
코로나19지침,204608,[중앙방역대책본부]  마스크 착용 방역지침 준수 명령 및 과태료 부과 업무 안내서(제8판),2023.03.15,https://www.kdca.go.kr/bbs/kdca/245/204608/artclView.do
교육자료,219074,생명을 살리는 심폐소생술 교육 영상 12종,2023.03.09,https://www.kdca.go.kr/bbs/kdca/49/219074/artclView.do
지침,228104,2023년도 진드기·설치류 매개 감염병 관리지침,2023.03.06,https://www.kdca.go.kr/bbs/kdca/55/228104/artclView.do
지침,228103,상호주의 원칙에 따른 코로나19 입원격리 치료비 지원 국가(2023년 3월),2023.02.28,https://www.kdca.go.kr/bbs/kdca/55/228103/artclView.do
코로나19지침,204607,[중앙방역대책본부]  코로나바이러스감염증-19 치료제 사용 안내서(제10-1판),2023.02.27,https://www.kdca.go.kr/bbs/kdca/245/204607/artclView.do
지침,228102,2023년 성매개감염병 관리지침,2023.02.22,https://www.kdca.go.kr/bbs/kdca/55/228102/artclView.do
지침,228101,2023년도 지역사회 통합건강증진사업 안내(아토피천식 예방관리사업),2023.02.21,https://www.kdca.go.kr/bbs/kdca/55/228101/artclView.do
지침,228100,먹는치료제 투여 전 건강상태 자가점검표,2023.02.16,https://www.kdca.go.kr/bbs/kdca/55/228100/artclView.do
지침,228099,다제내성결핵 치료 신약 사전심사 안내서(2023.1. 개정),2023.02.16,https://www.kdca.go.kr/bbs/kdca/55/228099/artclView.do
서식,228491,크로이츠펠트-야콥병(CJD) 선별질문서_(안과의료기관용),2023.02.16,https://www.kdca.go.kr/bbs/kdca/57/228491/artclView.do
지침,228098,2023년 검역업무지침,2023.02.15,https://www.kdca.go.kr/bbs/kdca/55/228098/artclView.do
서식,228490,유전형 CJD 가족 검사 동의서,2023.02.15,https://www.kdca.go.kr/bbs/kdca/57/228490/artclView.do
서식,228489,유전형 CJD 가족 검사 안내서,2023.02.15,https://www.kdca.go.kr/bbs/kdca/57/228489/artclView.do
지침,228097,2023년도 바이러스성 모기매개감염병 관리지침,2023.02.10,https://www.kdca.go.kr/bbs/kdca/55/228097/artclView.do
지침,228096,2023년도 말라리아 관리지침,2023.02.10,https://www.kdca.go.kr/bbs/kdca/55/228096/artclView.do
지침,228095,2023년도 감염병 관리 사업 안내,2023.02.09,https://www.kdca.go.kr/bbs/kdca/55/228095/artclView.do
지침,228094,크로이츠펠트-야콥병(CJD) 안내서,2023.02.08,https://www.kdca.go.kr/bbs/kdca/55/228094/artclView.do
지침,228093,코로나19 예방접종 실시기준 개정 및 관련 FAQ 안내 (2023.1.30. 기준),2023.02.06,https://www.kdca.go.kr/bbs/kdca/55/228093/artclView.do
코로나19지침,204606,[중앙방역대책본부]  생활 방역 세부수칙 안내서(제7판),2023.02.06,https://www.kdca.go.kr/bbs/kdca/245/204606/artclView.do
교육자료,219073,코로나19 영유아용 화이자 백신 접종술기 교육자료,2023.02.06,https://www.kdca.go.kr/bbs/kdca/49/219073/artclView.do
지침,228092,2023년 시도 심뇌혈관질환예방사업안내,2023.02.03,https://www.kdca.go.kr/bbs/kdca/55/228092/artclView.do
지침,228091,2023년 고혈압 당뇨병 등록관리사업 표준 실무지침,2023.02.03,https://www.kdca.go.kr/bbs/kdca/55/228091/artclView.do
지침,228090,군중모임행사 감염병 및 생물테러 대비·대응 표준운영절차(2022년판),2023.02.02,https://www.kdca.go.kr/bbs/kdca/55/228090/artclView.do
지침,228089,상호주의 원칙에 따른 국가별 치료비 지원 국가('23.2월),2023.02.01,https://www.kdca.go.kr/bbs/kdca/55/228089/artclView.do
지침,228088,코로나바이러스감염증-19 예방을 위한 시험 방역관리 안내(제6-1판),2023.01.27,https://www.kdca.go.kr/bbs/kdca/55/228088/artclView.do
코로나19지침,204605,[중앙방역대책본부]  마스크 착용 방역지침 준수 명령 및 과태료 부과 업무 안내서(제7판),2023.01.27,https://www.kdca.go.kr/bbs/kdca/245/204605/artclView.do
코로나19지침,204604,[중앙방역대책본부]  코로나바이러스감염증-19 예방을 위한 시험 방역관리 안내(제6-1판),2023.01.27,https://www.kdca.go.kr/bbs/kdca/245/204604/artclView.do
코로나19지침,204603,[중앙방역대책본부]  중국ㆍ홍콩ㆍ마카오발 입국자 검역대응 지침('23.1.21. 배포),2023.01.27,https://www.kdca.go.kr/bbs/kdca/245/204603/artclView.do
공지사항,221303,설 연휴기간(1.21.~1.24.) 중 운영하는 코로나19 예방접종 참여 위탁의료기관 목록 안내,2023.01.20,https://www.kdca.go.kr/bbs/kdca/50/221303/artclView.do
코로나19지침,204602,[중앙방역대책본부]  코로나바이러스감염증-19 대응 지침(지자체용) 제13-2판,2023.01.18,https://www.kdca.go.kr/bbs/kdca/245/204602/artclView.do
공지사항,221302,국제공인예방접종지정기관 지정 및 지정취소 공고,2023.01.18,https://www.kdca.go.kr/bbs/kdca/50/221302/artclView.do
지침,228087,코로나바이러스감염증-19 예방을 위한 시험 방역관리 안내(제6판),2023.01.12,https://www.kdca.go.kr/bbs/kdca/55/228087/artclView.do
코로나19지침,204601,[중앙방역대책본부]  코로나바이러스감염증-19 예방을 위한 시험 방역관리 안내(제6판),2023.01.12,https://www.kdca.go.kr/bbs/kdca/245/204601/artclView.do
지침,228086,의료기관 환경 표면 청소 및 소독권고안,2023.01.04,https://www.kdca.go.kr/bbs/kdca/55/228086/artclView.do
지침,228085,코로나19 입원 격리자 생활지원비(4-2판) 및 유급휴가비용(4-3판) 지원사업 안내,2023.01.03,https://www.kdca.go.kr/bbs/kdca/55/228085/artclView.do
코로나19지침,204600,[중앙방역대책본부]  코로나19 확진자 조사서(17개국어),2023.01.03,https://www.kdca.go.kr/bbs/kdca/245/204600/artclView.do
지침,228084,2023년 결핵관리지침,2023.01.02,https://www.kdca.go.kr/bbs/kdca/55/228084/artclView.do
공지사항,221299,중국‧홍콩‧마카오발 입국자 코로나19 검역 관리 대응 지침('23.3.1. 기준),2023.01.02,https://www.kdca.go.kr/bbs/kdca/50/221299/artclView.do
코로나19지침,204599,[중앙방역대책본부]  중국‧홍콩‧마카오발 입국자 검역 관리 대응 지침 ('23.1.5. 배포),2023.01.01,https://www.kdca.go.kr/bbs/kdca/245/204599/artclView.do
코로나19지침,204598,[중앙방역대책본부]  중국발 입국자 검역 관리 대응 지침,2022.12.31,https://www.kdca.go.kr/bbs/kdca/245/204598/artclView.do
지침,228083,상호주의 원칙에 따른 국가별 치료비 지원 국가('23.1월),2022.12.30,https://www.kdca.go.kr/bbs/kdca/55/228083/artclView.do
지침,228082,2022 구강검진 검진치과의사 상담 매뉴얼 수정본(22.12),2022.12.30,https://www.kdca.go.kr/bbs/kdca/55/228082/artclView.do
공지사항,221298,2023년 상반기 검역관리지역 안내,2022.12.30,https://www.kdca.go.kr/bbs/kdca/50/221298/artclView.do
지침,228081,"1.11.(수정) 2023년도 국가예방접종 지원사업 관리지침(보건소용, 의료기관용)",2022.12.27,https://www.kdca.go.kr/bbs/kdca/55/228081/artclView.do
코로나19지침,204597,[중앙방역대책본부]  코로나19 관련 신규변이바이러스 감시·조사·평가 매뉴얼 (2-1판),2022.12.23,https://www.kdca.go.kr/bbs/kdca/245/204597/artclView.do
공지사항,221294,호흡기 감염병 확산 방지를 위한 슬기로운 환기 수칙 (2종) 배포 안내,2022.12.23,https://www.kdca.go.kr/bbs/kdca/50/221294/artclView.do
코로나19지침,204596,[중앙방역대책본부]  코로나바이러스감염증-19 검역대응 지침(제14-2판),2022.12.22,https://www.kdca.go.kr/bbs/kdca/245/204596/artclView.do
지침,228079,코로나19 예방접종 실시기준 개정 및 관련 FAQ 안내 (2022.12.17. 기준),2022.12.17,https://www.kdca.go.kr/bbs/kdca/55/228079/artclView.do
지침,228080,"풍수해(태풍·호우, 대설) 감염병 대응 매뉴얼(2022년판)",2022.12.16,https://www.kdca.go.kr/bbs/kdca/55/228080/artclView.do
코로나19지침,204595,[중앙방역대책본부]  코로나19 의료기관 감염예방관리 지침 (제2-1판),2022.12.16,https://www.kdca.go.kr/bbs/kdca/245/204595/artclView.do
교육자료,219072,코로나19 모더나BA.4/5 백신 접종술기 교육자료 업로드,2022.12.14,https://www.kdca.go.kr/bbs/kdca/49/219072/artclView.do
지침,228078,코로나19 예방접종 실시기준 개정 및 관련 FAQ 안내 (2022.12.12. 기준),2022.12.12,https://www.kdca.go.kr/bbs/kdca/55/228078/artclView.do
지침,228077,시설별 인플루엔자 관리 지침(어린이집 유치원 학교용),2022.12.08,https://www.kdca.go.kr/bbs/kdca/55/228077/artclView.do
지침,228076,시설별 인플루엔자 관리 지침(사업장용),2022.12.08,https://www.kdca.go.kr/bbs/kdca/55/228076/artclView.do
지침,228075,시설별 인플루엔자 관리 지침(노인복지시설용),2022.12.08,https://www.kdca.go.kr/bbs/kdca/55/228075/artclView.do
지침,228074,상호주의 원칙에 따른 코로나19 입원격리 치료비 지원 국가 안내(2022년 12월),2022.12.01,https://www.kdca.go.kr/bbs/kdca/55/228074/artclView.do
코로나19지침,204594,[중앙방역대책본부]  코로나바이러스감염증-19 치료제 사용 안내서(제10판),2022.11.25,https://www.kdca.go.kr/bbs/kdca/245/204594/artclView.do
지침,228073,코로나19 예방접종 실시기준 개정 및 관련 FAQ 안내 (2022.11.24. 기준),2022.11.24,https://www.kdca.go.kr/bbs/kdca/55/228073/artclView.do
지침,228072,2022-2023절기 인플루엔자 관리 지침,2022.11.22,https://www.kdca.go.kr/bbs/kdca/55/228072/artclView.do
지침,228071,코로나19 백신 해동·소분·유통에 대한 지침(4차 개정),2022.11.16,https://www.kdca.go.kr/bbs/kdca/55/228071/artclView.do
교육자료,219071,소아용 항생제 내성 예방 스티커북,2022.11.16,https://www.kdca.go.kr/bbs/kdca/49/219071/artclView.do
코로나19지침,204593,"[중앙방역대책본부]  의료기관 간병인력 코로나19 감염예방관리 교육자료(한국어, 중국어)",2022.11.14,https://www.kdca.go.kr/bbs/kdca/245/204593/artclView.do
교육자료,219070,의료기관 간병인력 코로나19 감염예방관리 교육영상,2022.11.14,https://www.kdca.go.kr/bbs/kdca/49/219070/artclView.do
코로나19지침,204592,[중앙방역대책본부]  [별첨] 코로나바이러스감염증-19 치료제 사용 안내 Q&A_221111기준,2022.11.11,https://www.kdca.go.kr/bbs/kdca/245/204592/artclView.do
지침,228070,인수공통감염병 공동 역학조사 매뉴얼(2.브루셀라증(병)),2022.11.10,https://www.kdca.go.kr/bbs/kdca/55/228070/artclView.do
서식,228488,[수인성식품매개감염병] 집단발생 소규모 유행 역학조사 결과보고서 양식(2022),2022.11.08,https://www.kdca.go.kr/bbs/kdca/57/228488/artclView.do
공지사항,221288,국제공인예방접종(황열) 재고 소진 기관 안내(22.12.5. 기준),2022.11.07,https://www.kdca.go.kr/bbs/kdca/50/221288/artclView.do
교육자료,219069,코로나19 화이자BA.4/5 백신 접종술기 교육자료 업로드,2022.11.04,https://www.kdca.go.kr/bbs/kdca/49/219069/artclView.do
지침,228069,2022 법정감염병 진단·신고기준,2022.11.03,https://www.kdca.go.kr/bbs/kdca/55/228069/artclView.do
교육자료,219068,코로나19 화이자BA.1 백신 접종술기 교육자료 업로드,2022.11.01,https://www.kdca.go.kr/bbs/kdca/49/219068/artclView.do
지침,228068,상호주의 원칙에 따른 코로나19 입원격리 치료비 지원 국가 안내(2022년 11월),2022.10.31,https://www.kdca.go.kr/bbs/kdca/55/228068/artclView.do
코로나19지침,204591,[중앙방역대책본부]  코로나바이러스감염증-19 검역대응 지침(제14-1판),2022.10.28,https://www.kdca.go.kr/bbs/kdca/245/204591/artclView.do
지침,228067,코로나19 예방접종 실시기준 개정 및 관련 FAQ 안내 (2022.10.27. 기준),2022.10.27,https://www.kdca.go.kr/bbs/kdca/55/228067/artclView.do
지침,228066,2022년 예방접종 후 이상반응 관리지침,2022.10.17,https://www.kdca.go.kr/bbs/kdca/55/228066/artclView.do
교육자료,219067,코로나19 모더나BA.1 백신 접종술기 교육자료,2022.10.06,https://www.kdca.go.kr/bbs/kdca/49/219067/artclView.do
코로나19지침,204590,[중앙방역대책본부]  생활 방역 세부수칙 안내서(제6-2판),2022.10.05,https://www.kdca.go.kr/bbs/kdca/245/204590/artclView.do
지침,228065,2022 구강검진 검진치과의사 상담 매뉴얼 수정본(22.9),2022.10.04,https://www.kdca.go.kr/bbs/kdca/55/228065/artclView.do
지침,228064,상호주의 원칙에 따른 코로나19 입원격리 치료비 지원 국가 안내(2022년 10월),2022.10.04,https://www.kdca.go.kr/bbs/kdca/55/228064/artclView.do
코로나19지침,204589,[중앙방역대책본부]  코로나바이러스감염증-19 검역대응 지침(제14-판),2022.10.04,https://www.kdca.go.kr/bbs/kdca/245/204589/artclView.do
공지사항,221282,2022년 하반기 검역관리지역 안내,2022.09.30,https://www.kdca.go.kr/bbs/kdca/50/221282/artclView.do
교육자료,219066,유전자검사기관 종사자를 위한 교육 사이트 및 교육자료 발간 안내,2022.09.29,https://www.kdca.go.kr/bbs/kdca/49/219066/artclView.do
코로나19지침,204588,[중앙방역대책본부]  마스크 착용 방역지침 준수 명령 및 과태료 부과 업무 안내서(제6판),2022.09.26,https://www.kdca.go.kr/bbs/kdca/245/204588/artclView.do
지침,228063,코로나19 예방접종 실시기준 개정 및 관련 FAQ 안내 (2022.9.27. 기준),2022.09.23,https://www.kdca.go.kr/bbs/kdca/55/228063/artclView.do
지침,228062,원인 불명 질병 집단감염 대응지침(제2판),2022.09.20,https://www.kdca.go.kr/bbs/kdca/55/228062/artclView.do
코로나19지침,204587,[중앙방역대책본부]  코로나19 대응 감염취약시설 예방·감시·조사 표준 매뉴얼(제2판),2022.09.20,https://www.kdca.go.kr/bbs/kdca/245/204587/artclView.do
지침,228061,코로나19 예방접종 실시기준 개정 및 관련 FAQ 안내 (2022.9.19. 기준),2022.09.16,https://www.kdca.go.kr/bbs/kdca/55/228061/artclView.do
코로나19지침,204586,[중앙방역대책본부]  코로나19 관련 신규변이바이러스 감시·조사·평가 매뉴얼 (2판),2022.09.16,https://www.kdca.go.kr/bbs/kdca/245/204586/artclView.do
지침,228060,2022년 요양. 정신병원 감염관리 Tool kit,2022.09.08,https://www.kdca.go.kr/bbs/kdca/55/228060/artclView.do
지침,228059,원숭이두창 치료제 사용 안내서(2판) 개정,2022.09.08,https://www.kdca.go.kr/bbs/kdca/55/228059/artclView.do
코로나19지침,204585,[중앙방역대책본부]  코로나바이러스감염증-19 검역대응 지침(제13-3판),2022.09.06,https://www.kdca.go.kr/bbs/kdca/245/204585/artclView.do
지침,228058,코로나19 예방접종 실시기준 개정 및 관련 FAQ 안내 (2022.9.5. 기준),2022.09.05,https://www.kdca.go.kr/bbs/kdca/55/228058/artclView.do
코로나19지침,204584,[중앙방역대책본부]  [별첨] 코로나바이러스감염증-19 치료제 사용 안내 Q&A_220902기준,2022.09.05,https://www.kdca.go.kr/bbs/kdca/245/204584/artclView.do
코로나19지침,204583,[중앙방역대책본부]  코로나바이러스감염증-19 치료제 사용 안내서(제9판) 개정 및 교육자료(0905),2022.09.05,https://www.kdca.go.kr/bbs/kdca/245/204583/artclView.do
지침,228057,2022 국가지정 입원치료병상 운영과 관리 지침,2022.09.02,https://www.kdca.go.kr/bbs/kdca/55/228057/artclView.do
교육자료,219065,코로나19 스카이코비원 백신 접종술기 교육자료,2022.09.01,https://www.kdca.go.kr/bbs/kdca/49/219065/artclView.do
지침,228056,상호주의 원칙에 따른 국가별 치료비 지원 국가 안내(2022.9월),2022.08.31,https://www.kdca.go.kr/bbs/kdca/55/228056/artclView.do
지침,228055,코로나19 예방접종 실시기준 개정 및 관련 FAQ 안내 (2022.8.18. 기준),2022.08.18,https://www.kdca.go.kr/bbs/kdca/55/228055/artclView.do
코로나19지침,204582,[중앙방역대책본부]  [별첨] 코로나바이러스감염증-19 치료제 사용 안내 Q&A_220816기준,2022.08.17,https://www.kdca.go.kr/bbs/kdca/245/204582/artclView.do
코로나19지침,204581,[중앙방역대책본부]  코로나바이러스감염증-19 치료제 사용 안내서(제8판) 개정,2022.08.17,https://www.kdca.go.kr/bbs/kdca/245/204581/artclView.do
코로나19지침,204580,[중앙방역대책본부]  '먹는치료제 2종' 투여 전 건강상태 자가점검표[치료제 사용안내서8판 기준],2022.08.17,https://www.kdca.go.kr/bbs/kdca/245/204580/artclView.do
지침,228054,원숭이두창 대응지침(지자체용) 제3판,2022.08.16,https://www.kdca.go.kr/bbs/kdca/55/228054/artclView.do
지침,228053,코로나바이러스감염증-19 대응 지침(지자체용) 제13-1판,2022.08.12,https://www.kdca.go.kr/bbs/kdca/55/228053/artclView.do
지침,228052,"2022-2023절기 인플루엔자 국가예방접종 지원사업 관리지침(보건소용,의료기관용)",2022.08.12,https://www.kdca.go.kr/bbs/kdca/55/228052/artclView.do
코로나19지침,204579,[중앙방역대책본부]  코로나바이러스감염증-19 대응 지침(지자체용) 제13-1판,2022.08.12,https://www.kdca.go.kr/bbs/kdca/245/204579/artclView.do
코로나19지침,204578,[예방접종대응추진단]  코로나19 예방접종 후 이상반응 관리지침 2-2판 공유,2022.08.09,https://www.kdca.go.kr/bbs/kdca/245/204578/artclView.do
지침,228051,코로나바이러스감염증-19 재택치료 안내서(제8판) 개정,2022.08.01,https://www.kdca.go.kr/bbs/kdca/55/228051/artclView.do
교육자료,219064,일차의료용 근거기반 당뇨병 임상진료지침 및 당뇨병 권고요약본,2022.08.01,https://www.kdca.go.kr/bbs/kdca/49/219064/artclView.do
지침,228050,상호주의 원칙에 따른 국가별 치료비 지원 국가 안내(2022.8월),2022.07.29,https://www.kdca.go.kr/bbs/kdca/55/228050/artclView.do
지침,228049,2022 구강검진 검진치과의사 상담 매뉴얼 수정본(22.07),2022.07.28,https://www.kdca.go.kr/bbs/kdca/55/228049/artclView.do
교육자료,219063,위생해충 분류군별 정보집 (Lovebug),2022.07.27,https://www.kdca.go.kr/bbs/kdca/49/219063/artclView.do
코로나19지침,204577,[중앙방역대책본부]  코로나바이러스감염증-19 검역대응 지침(제13-2판),2022.07.26,https://www.kdca.go.kr/bbs/kdca/245/204577/artclView.do
지침,228048,2021 영유아건강검진 검진의사 상담 매뉴얼 및 보호자용 설명서 수정본,2022.07.19,https://www.kdca.go.kr/bbs/kdca/55/228048/artclView.do
지침,228047,코로나바이러스감염증-19 치료제 사용 안내서(제7-2판) 개정,2022.07.18,https://www.kdca.go.kr/bbs/kdca/55/228047/artclView.do
지침,228046,코로나바이러스감염증-19 예방접종 후 이상반응 관리지침(2-2판),2022.07.18,https://www.kdca.go.kr/bbs/kdca/55/228046/artclView.do
지침,228045,4차접종 대상질환 안내문,2022.07.15,https://www.kdca.go.kr/bbs/kdca/55/228045/artclView.do
지침,228044,코로나19 입원격리 치료비 지원업무 지침(제9판) 개정 안내,2022.07.15,https://www.kdca.go.kr/bbs/kdca/55/228044/artclView.do
코로나19지침,204576,[중앙방역대책본부]  코로나19 입원격리 치료비 지원업무 지침(제9판) 개정 안내,2022.07.15,https://www.kdca.go.kr/bbs/kdca/245/204576/artclView.do
지침,228043,의료기관 결핵관리 안내(3차 개정판),2022.07.13,https://www.kdca.go.kr/bbs/kdca/55/228043/artclView.do
지침,228042,코로나19 예방접종 실시기준 개정 및 관련 FAQ 안내 (2022.7.13. 기준),2022.07.13,https://www.kdca.go.kr/bbs/kdca/55/228042/artclView.do
지침,228041,코로나19 입원·격리자 생활지원비(4판) 및 유급휴가비용(4판) 지원사업 안내,2022.07.11,https://www.kdca.go.kr/bbs/kdca/55/228041/artclView.do
지침,228040,"코로나19 먹는치료제 2종(팍스로비드, 라게브리오) '복약설명서'_14개국 번역본",2022.07.07,https://www.kdca.go.kr/bbs/kdca/55/228040/artclView.do
지침,228039,원숭이두창 대응 지침(지자체용),2022.07.07,https://www.kdca.go.kr/bbs/kdca/55/228039/artclView.do
지침,228038,공중보건 위기소통 표준운영절차(3판),2022.07.06,https://www.kdca.go.kr/bbs/kdca/55/228038/artclView.do
지침,228037,다제내성결핵 치료 신약 사전심사 안내(요양기관용),2022.07.04,https://www.kdca.go.kr/bbs/kdca/55/228037/artclView.do
지침,228036,상호주의 원칙에 따른 국가별 치료비 지원 국가('22.7월),2022.06.30,https://www.kdca.go.kr/bbs/kdca/55/228036/artclView.do
교육자료,219062,2022 구강검진 검진치과의사 상담 매뉴얼 내 구강보건교육자료,2022.06.29,https://www.kdca.go.kr/bbs/kdca/49/219062/artclView.do
지침,228035,코로나19 요양정신병원 감염예방관리 안내 제2판,2022.06.27,https://www.kdca.go.kr/bbs/kdca/55/228035/artclView.do
지침,228034,원숭이두창 대응 지침(지자체용) 제1판 제정 안내,2022.06.22,https://www.kdca.go.kr/bbs/kdca/55/228034/artclView.do
지침,228033,원숭이두창 검사실 진단 지침(제1판),2022.06.22,https://www.kdca.go.kr/bbs/kdca/55/228033/artclView.do
공지사항,221267,'원숭이두창 대응 실험실 생물안전 가이드' 안내,2022.06.22,https://www.kdca.go.kr/bbs/kdca/50/221267/artclView.do
지침,228032,법정감염병 진단검사 통합지침 3-2판,2022.06.20,https://www.kdca.go.kr/bbs/kdca/55/228032/artclView.do
지침,228031,아토피·천식 안심학교 운영안내서(초등학교),2022.06.17,https://www.kdca.go.kr/bbs/kdca/55/228031/artclView.do
교육자료,219061,"아토피·천식 안심학교 운영안내서 교수학습자료(PPT, 활동자료 등)",2022.06.17,https://www.kdca.go.kr/bbs/kdca/49/219061/artclView.do
코로나19지침,204575,[중앙방역대책본부]  코로나바이러스감염증-19 검역대응 지침(제13-1판_수정),2022.06.16,https://www.kdca.go.kr/bbs/kdca/245/204575/artclView.do
지침,228030,2022 구강검진 검진치과의사 상담 매뉴얼,2022.06.15,https://www.kdca.go.kr/bbs/kdca/55/228030/artclView.do
지침,228029,코로나바이러스감염증-19 예방을 위한 시험 방역관리 안내(제5판),2022.06.08,https://www.kdca.go.kr/bbs/kdca/55/228029/artclView.do
지침,228028,상호주의 원칙에 따른 국가별 치료비 지원 국가 안내(2022년 6월),2022.06.07,https://www.kdca.go.kr/bbs/kdca/55/228028/artclView.do
코로나19지침,204574,[중앙방역대책본부]  코로나바이러스감염증-19 검역대응 지침(제13-1판),2022.06.07,https://www.kdca.go.kr/bbs/kdca/245/204574/artclView.do
지침,228027,2022년도 진드기·설치류 매개 감염병 관리지침,2022.06.03,https://www.kdca.go.kr/bbs/kdca/55/228027/artclView.do
서식,228487,"연구성과물 등의 활용계획서, 연구개발과제 성과활용보고서",2022.06.02,https://www.kdca.go.kr/bbs/kdca/57/228487/artclView.do
지침,228026,코로나바이러스감염증-19 대응 집단시설·다중이용시설 소독 안내 (제3-5판),2022.05.31,https://www.kdca.go.kr/bbs/kdca/55/228026/artclView.do
코로나19지침,204573,[중앙방역대책본부]  코로나바이러스감염증-19 대응 집단시설·다중이용시설 소독 안내 (제3-5판),2022.05.31,https://www.kdca.go.kr/bbs/kdca/245/204573/artclView.do
코로나19지침,204572,"[중앙방역대책본부]  코로나19 의료기관 감염예방관리(통합본, 제2판)",2022.05.25,https://www.kdca.go.kr/bbs/kdca/245/204572/artclView.do
지침,228025,2019년 지역사회기반 중증외상조사 원시자료 이용지침서,2022.05.24,https://www.kdca.go.kr/bbs/kdca/55/228025/artclView.do
서식,228486,지역사회기반 중증외상조사 원시자료 관련 서식,2022.05.24,https://www.kdca.go.kr/bbs/kdca/57/228486/artclView.do
지침,228024,항생제 사용관리(스튜어드십) 프로그램(ASP) 안내,2022.05.20,https://www.kdca.go.kr/bbs/kdca/55/228024/artclView.do
코로나19지침,204571,[중앙방역대책본부]  생활 방역 세부수칙 안내서(제6-1판_수정),2022.05.16,https://www.kdca.go.kr/bbs/kdca/245/204571/artclView.do
지침,228023,코로나바이러스감염증-19 치료제 사용 안내서(제7판),2022.05.13,https://www.kdca.go.kr/bbs/kdca/55/228023/artclView.do
지침,228022,코로나19 입원·격리자 생활지원비 지원사업 안내(3-4판),2022.05.13,https://www.kdca.go.kr/bbs/kdca/55/228022/artclView.do
지침,228021,코로나19 예방접종 실시기준 개정 및 관련 FAQ ('22.5.12. 기준),2022.05.12,https://www.kdca.go.kr/bbs/kdca/55/228021/artclView.do
교육자료,219060,아토피·천식 예방관리수칙 포스터,2022.05.12,https://www.kdca.go.kr/bbs/kdca/49/219060/artclView.do
교육자료,219059,[코로나19] 백신폐기보고 절차 안내,2022.05.10,https://www.kdca.go.kr/bbs/kdca/49/219059/artclView.do
지침,228020,코로나바이러스감염증-19 예방을 위한 시험 방역관리 안내(제4판),2022.05.09,https://www.kdca.go.kr/bbs/kdca/55/228020/artclView.do
지침,228019,상호주의 원칙에 따른 국가별 치료비 지원 국가 안내(2022년 5월),2022.05.02,https://www.kdca.go.kr/bbs/kdca/55/228019/artclView.do
코로나19지침,204570,[중앙방역대책본부]  마스크 착용 방역지침 준수 명령 및 과태료 부과 업무 안내서(제5판),2022.05.02,https://www.kdca.go.kr/bbs/kdca/245/204570/artclView.do
지침,228018,마스크 착용 방역지침 준수 명령 및 과태료 부과 업무 안내서(제5판),2022.04.29,https://www.kdca.go.kr/bbs/kdca/55/228018/artclView.do
지침,228017,에볼라바이러스병 실무대응 지침(국가지정 입원치료병상 운영 의료기관용),2022.04.29,https://www.kdca.go.kr/bbs/kdca/55/228017/artclView.do
지침,228016,2022년도 바이러스성 모기매개감염병 관리지침,2022.04.29,https://www.kdca.go.kr/bbs/kdca/55/228016/artclView.do
지침,228015,2022년도 말라리아 관리지침,2022.04.28,https://www.kdca.go.kr/bbs/kdca/55/228015/artclView.do
지침,228014,2022년 의료관련감염병 예방관리사업 지침,2022.04.27,https://www.kdca.go.kr/bbs/kdca/55/228014/artclView.do
지침,228013,2022년도 의료관련감염병 관리지침,2022.04.27,https://www.kdca.go.kr/bbs/kdca/55/228013/artclView.do
코로나19지침,204569,[중앙방역대책본부]  코로나바이러스감염증-19 입원격리(재택) 치료비 지원 업무(제8-1판),2022.04.27,https://www.kdca.go.kr/bbs/kdca/245/204569/artclView.do
교육자료,219058,중학생용 알레르기질환 교육자료 및 교구,2022.04.27,https://www.kdca.go.kr/bbs/kdca/49/219058/artclView.do
지침,228012,"2022년도 표본감시감염병 사용자 매뉴얼(시도용, 보건소용, 표본감시기관용)",2022.04.26,https://www.kdca.go.kr/bbs/kdca/55/228012/artclView.do
지침,228011,생활 방역 세부수칙 안내서 제6판,2022.04.26,https://www.kdca.go.kr/bbs/kdca/55/228011/artclView.do
코로나19지침,204568,[중앙방역대책본부]  생활 방역 세부수칙 안내서(제6판),2022.04.26,https://www.kdca.go.kr/bbs/kdca/245/204568/artclView.do
지침,228010,코로나바이러스감염증-19 사망자 장례 관련 비용 지원(제8판) 안내(중단),2022.04.25,https://www.kdca.go.kr/bbs/kdca/55/228010/artclView.do
지침,228009,코로나바이러스감염증-19 사망자 장례 관련 감염예방관리 안내,2022.04.25,https://www.kdca.go.kr/bbs/kdca/55/228009/artclView.do
코로나19지침,204567,[중앙방역대책본부]  코로나바이러스감염증-19 대응 지침(지자체용) 제13판,2022.04.25,https://www.kdca.go.kr/bbs/kdca/245/204567/artclView.do
교육자료,219057,'20~22년 질병예방서비스위원회 지역사회 흡연예방·금연 프로그램 권고,2022.04.14,https://www.kdca.go.kr/bbs/kdca/49/219057/artclView.do
지침,228008,2022년도 C형간염 관리지침,2022.04.13,https://www.kdca.go.kr/bbs/kdca/55/228008/artclView.do
지침,228007,코로나19 예방접종 실시기준 개정 및 관련 FAQ ('22.4.13. 기준),2022.04.13,https://www.kdca.go.kr/bbs/kdca/55/228007/artclView.do
지침,228006,코로나바이러스감염증-19 치료제 사용 안내서(제6-1판),2022.04.08,https://www.kdca.go.kr/bbs/kdca/55/228006/artclView.do
지침,228005,상호주의 원칙에 따른 코로나19 격리입원치료비 지원 국가 안내(2022년 4월),2022.03.31,https://www.kdca.go.kr/bbs/kdca/55/228005/artclView.do
교육자료,219056,"일차의료용 임상진료지침(소아청소년·성인 천식, 우울증, 만성콩팥병, 심방세동)",2022.03.31,https://www.kdca.go.kr/bbs/kdca/49/219056/artclView.do
지침,228004,2022년 검역업무지침,2022.03.30,https://www.kdca.go.kr/bbs/kdca/55/228004/artclView.do
지침,228003,코로나바이러스감염증-19 먹는치료제 투여를 위한 의료진 안내문 및 동영상,2022.03.29,https://www.kdca.go.kr/bbs/kdca/55/228003/artclView.do
지침,228002,코로나바이러스감염증-19 치료제 사용 안내서(제6판) 및 제품설명서,2022.03.25,https://www.kdca.go.kr/bbs/kdca/55/228002/artclView.do
지침,228001,[별첨] 코로나바이러스감염증-19 치료제 사용안내 Q&A (22.03.25),2022.03.25,https://www.kdca.go.kr/bbs/kdca/55/228001/artclView.do
지침,228000,코로나19 관련 주제별 안내문(9종),2022.03.23,https://www.kdca.go.kr/bbs/kdca/55/228000/artclView.do
지침,227999,2022년도 엔테로바이러스 감염증·수족구병 관리지침,2022.03.22,https://www.kdca.go.kr/bbs/kdca/55/227999/artclView.do
지침,227998,2022년도 수인성 및 식품매개감염병 관리지침,2022.03.22,https://www.kdca.go.kr/bbs/kdca/55/227998/artclView.do
지침,227997,코로나19 입원·격리자 생활지원비(3-3판) 및 유급휴가비용(3-2판) 지원사업 안내,2022.03.21,https://www.kdca.go.kr/bbs/kdca/55/227997/artclView.do
교육자료,219055,일반인 심폐소생술 표준 교육 프로그램 강사 및 교육 운영 지침(수정),2022.03.21,https://www.kdca.go.kr/bbs/kdca/49/219055/artclView.do
지침,227996,2022년도 예방접종 대상 감염병 관리 지침,2022.03.18,https://www.kdca.go.kr/bbs/kdca/55/227996/artclView.do
교육자료,219054,의료기관 종사자 중증열성혈소판감소증후군(SFTS) 2차 감염 예방 수칙 포스터 및 소책자,2022.03.18,https://www.kdca.go.kr/bbs/kdca/49/219054/artclView.do
지침,227995,코로나바이러스감염증-19 사망자 장례비용 지원 안내 제7판,2022.03.16,https://www.kdca.go.kr/bbs/kdca/55/227995/artclView.do
지침,227994,코로나바이러스감염증-19 치료제 사용안내 Q&A (3판),2022.03.16,https://www.kdca.go.kr/bbs/kdca/55/227994/artclView.do
지침,227993,코로나19 치료제 사용 안내서(제5판) 및 교육자료(0315),2022.03.16,https://www.kdca.go.kr/bbs/kdca/55/227993/artclView.do
지침,227992,2022년도 기생충감염병 관리지침,2022.03.16,https://www.kdca.go.kr/bbs/kdca/55/227992/artclView.do
지침,227991,코로나19 입원·격리자 생활지원비(3-2판) 및 유급휴가비용(3-1판) 지원사업 안내,2022.03.16,https://www.kdca.go.kr/bbs/kdca/55/227991/artclView.do
지침,227990,코로나19 예방접종 실시기준 개정 및 관련 FAQ 안내(2022.3.14.기준),2022.03.14,https://www.kdca.go.kr/bbs/kdca/55/227990/artclView.do
지침,227989,코로나바이러스감염증-19 대응 지침(지자체용) 제12판,2022.03.14,https://www.kdca.go.kr/bbs/kdca/55/227989/artclView.do
지침,227988,코로나바이러스감염증-19 입원격리(재택)치료비 지원업무(제8-1판),2022.03.14,https://www.kdca.go.kr/bbs/kdca/55/227988/artclView.do
코로나19지침,204566,[중앙방역대책본부]  코로나바이러스감염증-19 대응 지침(지자체용) 제12판,2022.03.14,https://www.kdca.go.kr/bbs/kdca/245/204566/artclView.do
교육자료,219053,코로나19 소아용 화이자 백신 접종술기 교육자료,2022.03.14,https://www.kdca.go.kr/bbs/kdca/49/219053/artclView.do
코로나19지침,204565,[중앙방역대책본부]  유초중등 및 특수학교 코로나19 감염예방 관리 안내(제6-1판),2022.03.12,https://www.kdca.go.kr/bbs/kdca/245/204565/artclView.do
지침,227987,소아 재택치료 증상별 대응요령,2022.03.10,https://www.kdca.go.kr/bbs/kdca/55/227987/artclView.do
지침,227986,코로나바이러스감염증-19 의료기관 감염예방관리(제2판),2022.03.10,https://www.kdca.go.kr/bbs/kdca/55/227986/artclView.do
교육자료,219052,일차의료용 근거기반 만성콩팥병 임상진료지침,2022.03.10,https://www.kdca.go.kr/bbs/kdca/49/219052/artclView.do
지침,227985,코로나19 예방접종 실시기준 개정 및 관련 FAQ ('22.2.14.),2022.03.07,https://www.kdca.go.kr/bbs/kdca/55/227985/artclView.do
지침,227984,코로나19 확진자 조사서(17개 국어),2022.03.07,https://www.kdca.go.kr/bbs/kdca/55/227984/artclView.do
지침,227983,"2022년도 호흡기감염병(성홍열, 레지오넬라증, 급성호흡기감염증) 관리 지침",2022.03.07,https://www.kdca.go.kr/bbs/kdca/55/227983/artclView.do
지침,227982,2022년 한센병사업 관리지침,2022.03.07,https://www.kdca.go.kr/bbs/kdca/55/227982/artclView.do
지침,227981,2022년도 수막구균 감염증 관리 지침,2022.03.07,https://www.kdca.go.kr/bbs/kdca/55/227981/artclView.do
지침,227980,2022년 지역사회 통합건강증진사업 안내[아토피·천식 예방관리],2022.03.03,https://www.kdca.go.kr/bbs/kdca/55/227980/artclView.do
코로나19지침,204564,[중앙방역대책본부]  대학 코로나19 감염예방 관리 안내 제5판,2022.03.03,https://www.kdca.go.kr/bbs/kdca/245/204564/artclView.do
교육자료,219051,알레르기질환 웹툰 만화책 3종,2022.03.03,https://www.kdca.go.kr/bbs/kdca/49/219051/artclView.do
지침,227979,2022년도 크로이츠펠트-야콥병 관리 지침,2022.03.02,https://www.kdca.go.kr/bbs/kdca/55/227979/artclView.do
지침,227978,2022년도 인수공통감염병 관리 지침,2022.03.02,https://www.kdca.go.kr/bbs/kdca/55/227978/artclView.do
지침,227977,상호주의 원칙에 따른 코로나19 격리입원치료비 지원 국가 안내(2022년 3월),2022.02.28,https://www.kdca.go.kr/bbs/kdca/55/227977/artclView.do
지침,227976,팍스로비드 투여 전 건강상태 자가점검표 (14개국어 번역본),2022.02.28,https://www.kdca.go.kr/bbs/kdca/55/227976/artclView.do
지침,227975,팍스로비드 환자용 안내문(14개국어 번역본),2022.02.28,https://www.kdca.go.kr/bbs/kdca/55/227975/artclView.do
지침,227974,2022년 HIV/AIDS 관리지침,2022.02.24,https://www.kdca.go.kr/bbs/kdca/55/227974/artclView.do
코로나19지침,204563,[중앙방역대책본부]  코로나19 예방접종 접종증명·음성확인제 지침(제3-5판),2022.02.23,https://www.kdca.go.kr/bbs/kdca/245/204563/artclView.do
코로나19지침,204562,[중앙방역대책본부]  마스크 착용 방역지침 준수 명령 및 과태료 부과 업무 안내(제4-2판),2022.02.23,https://www.kdca.go.kr/bbs/kdca/245/204562/artclView.do
코로나19지침,204561,[중앙방역대책본부]  생활 방역 세부수칙 안내서(제5-3판),2022.02.23,https://www.kdca.go.kr/bbs/kdca/245/204561/artclView.do
코로나19지침,204560,[중앙방역대책본부]  「코로나바이러스감염증-19」유행대비 어린이집용 대응 지침 10판,2022.02.23,https://www.kdca.go.kr/bbs/kdca/245/204560/artclView.do
코로나19지침,204559,[중앙방역대책본부]  유초중등 및 특수학교 코로나19 감염예방 관리 안내(제6판 수정판),2022.02.23,https://www.kdca.go.kr/bbs/kdca/245/204559/artclView.do
코로나19지침,204558,[중앙방역대책본부]  코로나19 대응지침(지자체용) 11판 중 확진자 및 접촉자 조사 부분 적용방안 안내,2022.02.23,https://www.kdca.go.kr/bbs/kdca/245/204558/artclView.do
코로나19지침,204557,"[중앙방역대책본부]  학교 및 유치원, 어린이집 코로나바이러스감염증-19 방역지원 지침(3판)",2022.02.23,https://www.kdca.go.kr/bbs/kdca/245/204557/artclView.do
교육자료,219050,감염예방을 위한 교육자료-의료기관 실습학생 대상,2022.02.22,https://www.kdca.go.kr/bbs/kdca/49/219050/artclView.do
지침,227973,코로나19 신속항원검사 시행 지침(지자체용) 1-3판,2022.02.21,https://www.kdca.go.kr/bbs/kdca/55/227973/artclView.do
지침,227972,코로나19 치료제 사용 안내서(제4-3판) 및 교육자료(0310),2022.02.21,https://www.kdca.go.kr/bbs/kdca/55/227972/artclView.do
지침,227971,(Q&A) 재택치료 궁금증(의료기관 및 약국),2022.02.21,https://www.kdca.go.kr/bbs/kdca/55/227971/artclView.do
코로나19지침,204556,[중앙방역대책본부]  코로나19 신속항원검사 시행 지침(지자체용) 1-3판,2022.02.21,https://www.kdca.go.kr/bbs/kdca/245/204556/artclView.do
코로나19지침,204555,[중앙방역대책본부]  코로나19 신속항원검사 시행 지침(지자체용) 1-2판,2022.02.18,https://www.kdca.go.kr/bbs/kdca/245/204555/artclView.do
코로나19지침,204554,[예방접종대응추진단]  [지침]코로나19 예방접종 후 이상반응 관리지침 2-1판 공유,2022.02.18,https://www.kdca.go.kr/bbs/kdca/245/204554/artclView.do
코로나19지침,204553,[중앙방역대책본부]  코로나바이러스감염증-19 입원격리(재택)치료비 지원업무(8판),2022.02.18,https://www.kdca.go.kr/bbs/kdca/245/204553/artclView.do
코로나19지침,204552,[중앙방역대책본부]  코로나바이러스감염증-19 대응 지침(지자체용) 제11판,2022.02.18,https://www.kdca.go.kr/bbs/kdca/245/204552/artclView.do
지침,227970,팍스로비드 Q&A [치료제 사용안내서 4-2판_붙임.3-11],2022.02.17,https://www.kdca.go.kr/bbs/kdca/55/227970/artclView.do
지침,227969,팍스로비드 환자용 안내문(국문/영문) [치료제 사용안내서 4-2판_붙임.3-8],2022.02.17,https://www.kdca.go.kr/bbs/kdca/55/227969/artclView.do
지침,227968,코로나바이러스감염증-19 재택치료 안내서(제7-2판),2022.02.16,https://www.kdca.go.kr/bbs/kdca/55/227968/artclView.do
지침,227967,코로나19 접종증명·음성확인제 지침(제3-5판),2022.02.16,https://www.kdca.go.kr/bbs/kdca/55/227967/artclView.do
지침,227966,코로나19 입원·격리자 생활지원비(3판) 및 유급휴가비용(3판) 지원사업 안내,2022.02.14,https://www.kdca.go.kr/bbs/kdca/55/227966/artclView.do
지침,227965,2022년 성매개감염병 관리지침,2022.02.14,https://www.kdca.go.kr/bbs/kdca/55/227965/artclView.do
서식,228485,2022년 성매개감염병 관리지침 서식모음,2022.02.14,https://www.kdca.go.kr/bbs/kdca/57/228485/artclView.do
지침,227964,마스크 착용 방역지침 준수 명령 및 과태료 부과 업무 안내서(제4-2판),2022.02.11,https://www.kdca.go.kr/bbs/kdca/55/227964/artclView.do
지침,227963,코로나바이러스감염증-19 대응지침(지자체용) 제11판,2022.02.11,https://www.kdca.go.kr/bbs/kdca/55/227963/artclView.do
서식,228484,감염병 발생 신고서(2020.9.11 기준),2022.02.11,https://www.kdca.go.kr/bbs/kdca/57/228484/artclView.do
지침,227962,코로나19 접종증명·음성확인제 지침(제3-4판),2022.02.10,https://www.kdca.go.kr/bbs/kdca/55/227962/artclView.do
지침,227961,"코로나19 확진자 및 동거인 안내문, 자주하는 질문(FAQ)",2022.02.10,https://www.kdca.go.kr/bbs/kdca/55/227961/artclView.do
교육자료,219049,코로나19 노바백스백신 접종술기 교육자료,2022.02.09,https://www.kdca.go.kr/bbs/kdca/49/219049/artclView.do
교육자료,219048,코로나19 예방접종 교육자료(수정본),2022.02.09,https://www.kdca.go.kr/bbs/kdca/49/219048/artclView.do
지침,227960,코로나19 접종증명·음성확인제 지침(제3-3판),2022.02.08,https://www.kdca.go.kr/bbs/kdca/55/227960/artclView.do
지침,227959,코로나19 치료제 사용 안내서(제4-2판),2022.02.07,https://www.kdca.go.kr/bbs/kdca/55/227959/artclView.do
지침,227958,코로나바이러스감염증-19 사망자 장례비용 지원 안내 제6판,2022.02.04,https://www.kdca.go.kr/bbs/kdca/55/227958/artclView.do
지침,227957,코로나바이러스감염증-19 신속항원검사 시행 지침(지자체용) 1-2판,2022.02.03,https://www.kdca.go.kr/bbs/kdca/55/227957/artclView.do
지침,227956,코로나19 의료기관 감염예방관리(통합본) 배포,2022.02.03,https://www.kdca.go.kr/bbs/kdca/55/227956/artclView.do
지침,227955,상호주의 원칙에 따른 코로나19 격리입원치료비 지원 국가 안내(2022년 2월),2022.01.28,https://www.kdca.go.kr/bbs/kdca/55/227955/artclView.do
지침,227954,2022년 시도 심뇌혈관질환 예방관리사업 안내,2022.01.27,https://www.kdca.go.kr/bbs/kdca/55/227954/artclView.do
지침,227953,2022년 고혈압 당뇨병 등록관리사업 표준 실무지침,2022.01.27,https://www.kdca.go.kr/bbs/kdca/55/227953/artclView.do
지침,227952,2022년 지역사회 통합건강증진사업 안내(심뇌혈관질환 예방관리),2022.01.27,https://www.kdca.go.kr/bbs/kdca/55/227952/artclView.do
지침,227951,팍스로비드 투여를 위한 의료진 안내문 [치료제 사용안내서 4-2판_붙임.3-10],2022.01.26,https://www.kdca.go.kr/bbs/kdca/55/227951/artclView.do
공지사항,221243,「2021년 국내 의료기관 감염관리 실태조사」시행 및 전산시스템 사용 매뉴얼 안내,2022.01.26,https://www.kdca.go.kr/bbs/kdca/50/221243/artclView.do
지침,227950,코로나19 접종증명·음성확인제 지침(제3-2판),2022.01.25,https://www.kdca.go.kr/bbs/kdca/55/227950/artclView.do
지침,227949,"제1급감염병 두창,페스트,탄저,보툴리눔독소증,야토병 대응 지침(22년판)",2022.01.25,https://www.kdca.go.kr/bbs/kdca/55/227949/artclView.do
지침,227948,제1급감염병 바이러스성출혈열 대응 지침(22년판),2022.01.25,https://www.kdca.go.kr/bbs/kdca/55/227948/artclView.do
지침,227947,제1급감염병 동물인플루엔자 인체감염증 대응 지침(22년판),2022.01.25,https://www.kdca.go.kr/bbs/kdca/55/227947/artclView.do
지침,227946,제1급감염병 중증급성호흡기증후군(SARS) 대응 지침(22년판),2022.01.25,https://www.kdca.go.kr/bbs/kdca/55/227946/artclView.do
지침,227945,제1급감염병 중동호흡기증후군(MERS) 대응 지침(22년판),2022.01.25,https://www.kdca.go.kr/bbs/kdca/55/227945/artclView.do
지침,227944,코로나19 치료제 사용 안내서(제4-1판),2022.01.25,https://www.kdca.go.kr/bbs/kdca/55/227944/artclView.do
지침,227943,코로나-19 접종증명·음성확인제 지침(제3-1판),2022.01.24,https://www.kdca.go.kr/bbs/kdca/55/227943/artclView.do
지침,227942,2021년 요양병원 감염관리 toolkit,2022.01.19,https://www.kdca.go.kr/bbs/kdca/55/227942/artclView.do
지침,227941,법정감염병 진단검사 통합지침 제3-1판,2022.01.19,https://www.kdca.go.kr/bbs/kdca/55/227941/artclView.do
지침,227940,2021 영유아건강검진 검진의사 상담 매뉴얼 개정판,2022.01.17,https://www.kdca.go.kr/bbs/kdca/55/227940/artclView.do
지침,227939,팍스로비드 투여 전 건강상태 자가점검표[치료제 사용안내서4-2판_붙임.3-9],2022.01.16,https://www.kdca.go.kr/bbs/kdca/55/227939/artclView.do
지침,227938,코로나19 치료제 사용 안내서(제4판),2022.01.14,https://www.kdca.go.kr/bbs/kdca/55/227938/artclView.do
지침,227937,코로나-19 접종증명·음성확인제 지침(제2-3판),2022.01.10,https://www.kdca.go.kr/bbs/kdca/55/227937/artclView.do
공지사항,221237,2022년 상반기 검역관리지역 안내,2022.01.07,https://www.kdca.go.kr/bbs/kdca/50/221237/artclView.do
지침,227936,코로나바이러스감염증-19 대응지침(지자체용) 제10-3판,2022.01.03,https://www.kdca.go.kr/bbs/kdca/55/227936/artclView.do
지침,227935,"백신 보관 및 관리 가이드라인(보건소·의료기관용, '21.12, 질병관리청)",2022.01.03,https://www.kdca.go.kr/bbs/kdca/55/227935/artclView.do
지침,227934,상호주의 원칙에 따른 코로나19 격리입원치료비 지원 국가 안내(2022년 1월),2021.12.31,https://www.kdca.go.kr/bbs/kdca/55/227934/artclView.do
지침,227933,2022년 결핵관리지침,2021.12.31,https://www.kdca.go.kr/bbs/kdca/55/227933/artclView.do
지침,227932,생활 방역 세부수칙 안내서 제5-2판,2021.12.30,https://www.kdca.go.kr/bbs/kdca/55/227932/artclView.do
지침,227931,2022년도 감염병 관리 사업 안내,2021.12.30,https://www.kdca.go.kr/bbs/kdca/55/227931/artclView.do
지침,227930,주요 감염병 매개모기 방제 지침 (개정판),2021.12.28,https://www.kdca.go.kr/bbs/kdca/55/227930/artclView.do
지침,227929,코로나-19 접종증명·음성확인제 지침(제2-2판),2021.12.20,https://www.kdca.go.kr/bbs/kdca/55/227929/artclView.do
교육자료,219047,위생해충 분류군별 정보집 (독나방),2021.12.17,https://www.kdca.go.kr/bbs/kdca/49/219047/artclView.do
지침,227928,코로나19 입원·격리자 생활지원비(2-7판) 및 유급휴가비용(2-6판) 지원사업 안내,2021.12.14,https://www.kdca.go.kr/bbs/kdca/55/227928/artclView.do
지침,227927,학교기반 비만 예방 프로그램 가이드라인,2021.12.08,https://www.kdca.go.kr/bbs/kdca/55/227927/artclView.do
교육자료,219046,학교기반 비만 예방 프로그램 가이드라인,2021.12.08,https://www.kdca.go.kr/bbs/kdca/49/219046/artclView.do
지침,227926,코로나-19 접종증명·음성확인제 지침(제2-1판),2021.12.06,https://www.kdca.go.kr/bbs/kdca/55/227926/artclView.do
지침,227925,상호주의 원칙에 따른 코로나19 격리입원치료비 지원 국가 안내(2021년 12월),2021.12.03,https://www.kdca.go.kr/bbs/kdca/55/227925/artclView.do
지침,227924,마스크 착용 방역지침 준수 명령 및 과태료 부과 업무 안내서(제4-1판),2021.11.25,https://www.kdca.go.kr/bbs/kdca/55/227924/artclView.do
지침,227923,코로나바이러스감염증-19 대응 지침(지자체용) 제10-2판,2021.11.25,https://www.kdca.go.kr/bbs/kdca/55/227923/artclView.do
교육자료,219045,"보건소, 위탁의료기관의 백신 수송용기 취급 매뉴얼",2021.11.24,https://www.kdca.go.kr/bbs/kdca/49/219045/artclView.do
지침,227922,2021-2022절기 인플루엔자 관리지침,2021.11.19,https://www.kdca.go.kr/bbs/kdca/55/227922/artclView.do
지침,227921,코로나19 예방접종 실시기준 개정 및 관련 FAQ(21.11.17.),2021.11.19,https://www.kdca.go.kr/bbs/kdca/55/227921/artclView.do
공지사항,221230,백내장 수술후 진균성 안내염 집단발생 역학조사 결과,2021.11.15,https://www.kdca.go.kr/bbs/kdca/50/221230/artclView.do
서식,228483,국립보건연구원 학술 및 정책연구용역 서식,2021.11.12,https://www.kdca.go.kr/bbs/kdca/57/228483/artclView.do
지침,227918,코로나바이러스감염증-19 재택치료 안내서(제4판) 개정 안내,2021.11.09,https://www.kdca.go.kr/bbs/kdca/55/227918/artclView.do
지침,227917,코로나19 대응지침 지자체용(10-1판) 중 진단검사관련 일부개정 안내(의료기관 선별진료소 무료검사 대상 구분),2021.11.08,https://www.kdca.go.kr/bbs/kdca/55/227917/artclView.do
지침,227916,코로나바이러스-19 임시선별검사소 운영 안내 지침(1-3판),2021.11.08,https://www.kdca.go.kr/bbs/kdca/55/227916/artclView.do
지침,227915,의료관련감염 집단발생 공동대응 매뉴얼 제2판,2021.11.03,https://www.kdca.go.kr/bbs/kdca/55/227915/artclView.do
지침,227914,의료관련감염 집단발생 대응 안내 제2판,2021.11.03,https://www.kdca.go.kr/bbs/kdca/55/227914/artclView.do
지침,227913,코로나-19 접종증명·음성확인제 지침(제1-1판),2021.11.03,https://www.kdca.go.kr/bbs/kdca/55/227913/artclView.do
지침,227912,생활 방역 세부수칙 안내서 제5-1판,2021.11.02,https://www.kdca.go.kr/bbs/kdca/55/227912/artclView.do
지침,227920,국립보건연구원 정책연구용역 관리안내(2021.10.29.),2021.10.29,https://www.kdca.go.kr/bbs/kdca/55/227920/artclView.do
지침,227911,코로나19 예방접종 실시기준 개정 및 관련 FAQ 안내(2021.10.28.),2021.10.28,https://www.kdca.go.kr/bbs/kdca/55/227911/artclView.do
지침,227910,코로나19 예방접종 후 이상반응 관리지침 2판,2021.10.19,https://www.kdca.go.kr/bbs/kdca/55/227910/artclView.do
지침,227919,국립보건연구원 연구개발과제 관리지침(2021.10.18.),2021.10.18,https://www.kdca.go.kr/bbs/kdca/55/227919/artclView.do
지침,227909,코로나19 예방접종 후 발생한 혈소판감소설 혈전증 의료인용 안내서 2판,2021.10.08,https://www.kdca.go.kr/bbs/kdca/55/227909/artclView.do
지침,227908,코로나19 임신부 예방접종 안내문 및 FAQ,2021.10.06,https://www.kdca.go.kr/bbs/kdca/55/227908/artclView.do
지침,227907,코로나19 소아청소년 예방접종 안내문 및 FAQ,2021.10.06,https://www.kdca.go.kr/bbs/kdca/55/227907/artclView.do
서식,228482,소아청소년 대상 코로나19 예방접종 시행 동의서,2021.10.06,https://www.kdca.go.kr/bbs/kdca/57/228482/artclView.do
서식,228481,2021년 HIV/AIDS 서식모음,2021.10.05,https://www.kdca.go.kr/bbs/kdca/57/228481/artclView.do
지침,227906,2021년 예방접종 후 이상반응 관리지침,2021.10.01,https://www.kdca.go.kr/bbs/kdca/55/227906/artclView.do
교육자료,219044,위생해충 분류군별 정보집 (침노린재),2021.09.29,https://www.kdca.go.kr/bbs/kdca/49/219044/artclView.do
지침,227905,코로나19 백신 처리절차 안내,2021.09.23,https://www.kdca.go.kr/bbs/kdca/55/227905/artclView.do
지침,227904,코로나19 항체검사 관련 Q&A,2021.09.17,https://www.kdca.go.kr/bbs/kdca/55/227904/artclView.do
지침,227903,"2021-2022절기 인플루엔자 국가예방접종 지원사업 관리지침(보건소용,의료기관용) (9.7.지침 수정)",2021.09.10,https://www.kdca.go.kr/bbs/kdca/55/227903/artclView.do
지침,227902,코로나19 분자진단검사를 위한 이동형 검사실 운영지침(제1판),2021.09.02,https://www.kdca.go.kr/bbs/kdca/55/227902/artclView.do
지침,227901,「코로나바이러스감염증-19 자가치료 안내서」 (3-1판),2021.09.02,https://www.kdca.go.kr/bbs/kdca/55/227901/artclView.do
교육자료,219043,생활터(직장) 중심 심뇌혈관질환 교육홍보자료(2021년 개정),2021.08.19,https://www.kdca.go.kr/bbs/kdca/49/219043/artclView.do
지침,227900,2021년 의료인을 위한 말라리아 예방 및 관리 안내서,2021.07.29,https://www.kdca.go.kr/bbs/kdca/55/227900/artclView.do
교육자료,219042,감염예방을 위한 주사실무 교육 동영상,2021.07.27,https://www.kdca.go.kr/bbs/kdca/49/219042/artclView.do
지침,227899,코로나19 예방접종 후 이상반응 관리지침 1-3판,2021.07.23,https://www.kdca.go.kr/bbs/kdca/55/227899/artclView.do
교육자료,219041,"식품알레르기, 아나필락시스, 노인천식 표준교육프로토콜",2021.07.22,https://www.kdca.go.kr/bbs/kdca/49/219041/artclView.do
교육자료,219040,"아토피피부염, 천식, 알레르기비염 표준교육프로토콜",2021.07.22,https://www.kdca.go.kr/bbs/kdca/49/219040/artclView.do
지침,227898,"2021-2022절기 인플루엔자 국가예방접종 지원사업 관리지침(보건소용,의료기관용)",2021.07.20,https://www.kdca.go.kr/bbs/kdca/55/227898/artclView.do
지침,227897,2021년 성매개감염병 관리지침 개정판(7.19),2021.07.20,https://www.kdca.go.kr/bbs/kdca/55/227897/artclView.do
교육자료,219039,2021년 건강위해요인 인식조사 결과 보고서,2021.07.20,https://www.kdca.go.kr/bbs/kdca/49/219039/artclView.do
교육자료,219038,알레르기질환 교육용 판넬카드 및 판넬 포스터,2021.07.16,https://www.kdca.go.kr/bbs/kdca/49/219038/artclView.do
교육자료,219037,천식발작 응급대처법 매뉴얼(학교용),2021.07.16,https://www.kdca.go.kr/bbs/kdca/49/219037/artclView.do
교육자료,219036,알레르기질환 연극대본 2종,2021.07.16,https://www.kdca.go.kr/bbs/kdca/49/219036/artclView.do
교육자료,219035,알레르기질환 동화책 및 만화책(초등학생용),2021.07.16,https://www.kdca.go.kr/bbs/kdca/49/219035/artclView.do
교육자료,219034,알레르기질환 그림책 및 워크북(유소아용),2021.07.16,https://www.kdca.go.kr/bbs/kdca/49/219034/artclView.do
지침,227896,수도권 및 비수도권 임시선별검사소 운영현황(7.12),2021.07.09,https://www.kdca.go.kr/bbs/kdca/55/227896/artclView.do
지침,227895,코로나19 예방접종 사업지침 - 예방접종센터용(3판),2021.07.08,https://www.kdca.go.kr/bbs/kdca/55/227895/artclView.do
지침,227894,"풍수해(「태풍·호우, 대설」) 감염병 대응 매뉴얼(2021년판)",2021.07.07,https://www.kdca.go.kr/bbs/kdca/55/227894/artclView.do
지침,227893,2021년 성매개감염병 관리지침,2021.07.05,https://www.kdca.go.kr/bbs/kdca/55/227893/artclView.do
지침,227892,코로나바이러스감염증-19 예방접종 후 이상반응 관리지침(1-2판) 수정,2021.07.01,https://www.kdca.go.kr/bbs/kdca/55/227892/artclView.do
공지사항,221223,2021년 하반기 검역관리지역 안내,2021.07.01,https://www.kdca.go.kr/bbs/kdca/50/221223/artclView.do
지침,227891,"[역학조사팀] 코로나-19 역학조사서, 입원/격리통지서, 격리통지수령증, 역학조사고지문 번역본(15개 언어)",2021.06.30,https://www.kdca.go.kr/bbs/kdca/55/227891/artclView.do
공지사항,221222,국제공인예방접종지정기관 지정 공고,2021.06.30,https://www.kdca.go.kr/bbs/kdca/50/221222/artclView.do
지침,227890,2021년도 크로이츠펠트-야콥병 관리지침,2021.06.24,https://www.kdca.go.kr/bbs/kdca/55/227890/artclView.do
지침,227889,2021년도 인수공통감염병 관리지침,2021.06.24,https://www.kdca.go.kr/bbs/kdca/55/227889/artclView.do
교육자료,219033,코로나19 백신접종 및 이상반응관리 교육자료,2021.06.23,https://www.kdca.go.kr/bbs/kdca/49/219033/artclView.do
교육자료,219032,"코로나19 백신관리(인수, 보관, 폐기) 교육자료",2021.06.23,https://www.kdca.go.kr/bbs/kdca/49/219032/artclView.do
지침,227888,2021년도 지자체 표본감시 경상보조사업 예산집행 지침,2021.06.21,https://www.kdca.go.kr/bbs/kdca/55/227888/artclView.do
지침,227887,코로나바이러스감염증-19 예방접종사업지침 병원급 이상 의료기관용(2판),2021.06.18,https://www.kdca.go.kr/bbs/kdca/55/227887/artclView.do
지침,227886,2021년 진드기·설치류 매개 감염병 관리지침,2021.06.15,https://www.kdca.go.kr/bbs/kdca/55/227886/artclView.do
지침,227885,코로나19 예방접종 사업지침 - 예방접종센터용(2-1판),2021.06.07,https://www.kdca.go.kr/bbs/kdca/55/227885/artclView.do
서식,228480,[질병관리청] 정책연구용역 사업 관련 서식(2021),2021.06.07,https://www.kdca.go.kr/bbs/kdca/57/228480/artclView.do
서식,228479,[질병관리청] 연구용역 계약 관련 서류_계약상대자용(2022),2021.06.07,https://www.kdca.go.kr/bbs/kdca/57/228479/artclView.do
교육자료,219031,"코로나19 백신(AZ, 얀센, 모더나) 접종 교육 동영상",2021.06.07,https://www.kdca.go.kr/bbs/kdca/49/219031/artclView.do
지침,227884,코로나19 예방접종센터/위탁의료기관 「의사소통 도움 그림·글자판/시각 지원판」 사용 매뉴얼,2021.05.31,https://www.kdca.go.kr/bbs/kdca/55/227884/artclView.do
지침,227883,코로나바이러스감염증-19 자가치료 안내서(3판),2021.05.20,https://www.kdca.go.kr/bbs/kdca/55/227883/artclView.do
지침,227882,2021년도 말라리아 관리지침,2021.05.18,https://www.kdca.go.kr/bbs/kdca/55/227882/artclView.do
서식,228478,"코로나19 기초, 심층 역학조사서 16개언어 번역본",2021.05.14,https://www.kdca.go.kr/bbs/kdca/57/228478/artclView.do
지침,227881,코로나19 예방접종사업 지침 - 위탁의료기관용(1판),2021.05.13,https://www.kdca.go.kr/bbs/kdca/55/227881/artclView.do
교육자료,219030,알레르기질환 자료 2종(예방관리 수칙 및 응급처치법),2021.05.12,https://www.kdca.go.kr/bbs/kdca/49/219030/artclView.do
교육자료,219029,위생해충 분류군별 정보집 (혹파리),2021.05.11,https://www.kdca.go.kr/bbs/kdca/49/219029/artclView.do
교육자료,219028,"교통사고 손상예방을 위한 교통약자 대상 올바른 안전벨트 착용방법 및 안전수칙 교육자료(리플렛 3종, 팜플렛 3종)",2021.05.07,https://www.kdca.go.kr/bbs/kdca/49/219028/artclView.do
지침,227880,2021년도 의료관련감염병 예방관리사업 지침,2021.05.06,https://www.kdca.go.kr/bbs/kdca/55/227880/artclView.do
공지사항,221217,국내 예방접종완료 해외입국자 자가격리 면제 가능 변경 안내,2021.05.02,https://www.kdca.go.kr/bbs/kdca/50/221217/artclView.do
교육자료,219027,코로나19 백신(화이자) 접종 교육 동영상,2021.04.30,https://www.kdca.go.kr/bbs/kdca/49/219027/artclView.do
교육자료,219026,전자모기도감 프로그램,2021.04.29,https://www.kdca.go.kr/bbs/kdca/49/219026/artclView.do
지침,227879,상호주의 원칙에 따른 코로나19 격리입원치료비 지원 국가 안내(2021년 11월),2021.04.28,https://www.kdca.go.kr/bbs/kdca/55/227879/artclView.do
지침,227878,제1급감염병 동물인플루엔자 인체감염증 대응지침,2021.04.26,https://www.kdca.go.kr/bbs/kdca/55/227878/artclView.do
지침,227877,코로나바이러스감염증-19 사망자 장례비용 지원 안내 제5판,2021.04.21,https://www.kdca.go.kr/bbs/kdca/55/227877/artclView.do
지침,227876,코로나바이러스-19 임시선별검사소 운영 안내 지침(1-2판),2021.04.21,https://www.kdca.go.kr/bbs/kdca/55/227876/artclView.do
지침,227875,장애인 대상 감염병 대응 매뉴얼 제2판,2021.04.21,https://www.kdca.go.kr/bbs/kdca/55/227875/artclView.do
지침,227874,코로나19 예방접종사업 지침 - 지자체용(2판),2021.04.16,https://www.kdca.go.kr/bbs/kdca/55/227874/artclView.do
교육자료,219025,위생해충 분류군별 정보집 (지네),2021.04.15,https://www.kdca.go.kr/bbs/kdca/49/219025/artclView.do
지침,227873,2021년 지역사회 통합건강증진사업 안내[아토피·천식 예방관리] 지침,2021.04.14,https://www.kdca.go.kr/bbs/kdca/55/227873/artclView.do
공지사항,221215,예방접종센터 운영현황 (기준일 : 2022. 7. 1.),2021.04.14,https://www.kdca.go.kr/bbs/kdca/50/221215/artclView.do
지침,227872,코로나19 예방접종 후 혈소판감소증 동반 혈전증 관련 안내서(의료인용)1판,2021.04.13,https://www.kdca.go.kr/bbs/kdca/55/227872/artclView.do
서식,228477,"유전자검사기관 신고, 변경 신고 및 휴·폐업 신고 안내",2021.04.12,https://www.kdca.go.kr/bbs/kdca/57/228477/artclView.do
지침,227871,​코로나19 예방접종 후 이상반응 관리지침 제1-1판,2021.04.07,https://www.kdca.go.kr/bbs/kdca/55/227871/artclView.do
지침,227870,2021년 수기명부 지침,2021.04.07,https://www.kdca.go.kr/bbs/kdca/55/227870/artclView.do
서식,228476,2021년 수기명부 안내 및 서식,2021.04.07,https://www.kdca.go.kr/bbs/kdca/57/228476/artclView.do
서식,228475,연구목적 시체제공기관 허가 신청 공고문,2021.04.07,https://www.kdca.go.kr/bbs/kdca/57/228475/artclView.do
지침,227869,2021년 검역업무지침,2021.04.02,https://www.kdca.go.kr/bbs/kdca/55/227869/artclView.do
지침,227868,「코로나바이러스감염증-19 확진자 발생 의료기관 관리」관련 공지,2021.04.01,https://www.kdca.go.kr/bbs/kdca/55/227868/artclView.do
지침,227867,코로나19 예방접종 사업지침 - 예방접종센터용(2판),2021.04.01,https://www.kdca.go.kr/bbs/kdca/55/227867/artclView.do
서식,228474,코로나19 예방접종 안내문(7.7.기준),2021.04.01,https://www.kdca.go.kr/bbs/kdca/57/228474/artclView.do
서식,228473,코로나19 예방접종 예진표('21.10.1. 기준),2021.04.01,https://www.kdca.go.kr/bbs/kdca/57/228473/artclView.do
서식,228472,예방접종증명서 및 확인서 서식,2021.04.01,https://www.kdca.go.kr/bbs/kdca/57/228472/artclView.do
서식,228471,코로나19 백신 예방접종 내역 확인서_수정,2021.04.01,https://www.kdca.go.kr/bbs/kdca/57/228471/artclView.do
지침,227866,2021년도 C형간염 관리지침,2021.03.31,https://www.kdca.go.kr/bbs/kdca/55/227866/artclView.do
지침,227865,2021년도 수막구균 감염증 관리지침,2021.03.31,https://www.kdca.go.kr/bbs/kdca/55/227865/artclView.do
지침,227864,코로나바이러스감염증-19 격리입원치료비 Q&A (`21.3.30),2021.03.30,https://www.kdca.go.kr/bbs/kdca/55/227864/artclView.do
지침,227863,코로나19 대응을 위한 방역관리자 업무 안내 (2판),2021.03.29,https://www.kdca.go.kr/bbs/kdca/55/227863/artclView.do
지침,227862,"상호주의 원칙에 따른 코로나19 격리입원치료비 지원 국가 안내(2021년 3월, 4월)",2021.03.26,https://www.kdca.go.kr/bbs/kdca/55/227862/artclView.do
지침,227861,2021년도 의료관련감염병 관리지침,2021.03.26,https://www.kdca.go.kr/bbs/kdca/55/227861/artclView.do
지침,227860,2021년도 예방접종 대상 감염병 관리지침,2021.03.25,https://www.kdca.go.kr/bbs/kdca/55/227860/artclView.do
교육자료,219024,작은소피참진드기 도판,2021.03.22,https://www.kdca.go.kr/bbs/kdca/49/219024/artclView.do
교육자료,219023,일차의료용 우울증 권고 요약본,2021.03.17,https://www.kdca.go.kr/bbs/kdca/49/219023/artclView.do
교육자료,219022,"일차의료용 천식(성인, 소아) 권고 요약본",2021.03.17,https://www.kdca.go.kr/bbs/kdca/49/219022/artclView.do
교육자료,219021,일차의료용 만성콩팥병 권고 요약본,2021.03.17,https://www.kdca.go.kr/bbs/kdca/49/219021/artclView.do
지침,227859,2021년도 기생충감염병 관리지침,2021.03.16,https://www.kdca.go.kr/bbs/kdca/55/227859/artclView.do
지침,227858,2021년 한센병사업 관리지침,2021.03.15,https://www.kdca.go.kr/bbs/kdca/55/227858/artclView.do
지침,227857,2021년도 호흡기감염병 관리지침,2021.03.12,https://www.kdca.go.kr/bbs/kdca/55/227857/artclView.do
지침,227856,2021년도 수인성‧식품매개감염병 관리 지침 및 엔테로바이러스 수족구 관리 지침,2021.03.12,https://www.kdca.go.kr/bbs/kdca/55/227856/artclView.do
교육자료,219020,2020년 한국심폐소생술 가이드라인,2021.03.12,https://www.kdca.go.kr/bbs/kdca/49/219020/artclView.do
교육자료,219019,위생해충 분류군별 정보집 (노래기),2021.03.09,https://www.kdca.go.kr/bbs/kdca/49/219019/artclView.do
지침,227855,2021년 생물테러 대비 및 대응지침,2021.03.08,https://www.kdca.go.kr/bbs/kdca/55/227855/artclView.do
지침,227854,상호주의 원칙에 따른 국가별 치료비 지원 국가(`21.3월),2021.03.08,https://www.kdca.go.kr/bbs/kdca/55/227854/artclView.do
지침,227853,2020 예방접종 후 이상반응 관리지침,2021.03.06,https://www.kdca.go.kr/bbs/kdca/55/227853/artclView.do
서식,228470,<부록><서식> 코로나19 예방접종 사업지침 지자체용,2021.03.05,https://www.kdca.go.kr/bbs/kdca/57/228470/artclView.do
공지사항,221210,에볼라바이러스병 검역관리지역 추가 지정 안내,2021.03.05,https://www.kdca.go.kr/bbs/kdca/50/221210/artclView.do
지침,227852,코로나19 예방접종 사업지침 - 위탁의료기관용(초판),2021.03.03,https://www.kdca.go.kr/bbs/kdca/55/227852/artclView.do
지침,227851,코로나19 예방접종 사업지침 - 예방접종센터용(1판),2021.03.03,https://www.kdca.go.kr/bbs/kdca/55/227851/artclView.do
지침,227850,코로나19 예방접종 사업지침 - 병원급이상 의료기관(1판),2021.03.03,https://www.kdca.go.kr/bbs/kdca/55/227850/artclView.do
지침,227849,코로나19 예방접종사업지침 지자체용(1판) 공유,2021.03.03,https://www.kdca.go.kr/bbs/kdca/55/227849/artclView.do
지침,227848,2018년 지역사회기반 중증외상조사 원시자료 이용지침서,2021.03.02,https://www.kdca.go.kr/bbs/kdca/55/227848/artclView.do
지침,227847,코로나19바이러스감염증-19 예방접종안내서(보건의료인용)1판 공유,2021.03.02,https://www.kdca.go.kr/bbs/kdca/55/227847/artclView.do
지침,227846,코로나19 예방접종사업지침- 요양시설용 (제1-1판) 공유,2021.03.02,https://www.kdca.go.kr/bbs/kdca/55/227846/artclView.do
지침,227845,코로나19 예방접종사업지침- 요양병원용 (제1-1판) 공유,2021.03.02,https://www.kdca.go.kr/bbs/kdca/55/227845/artclView.do
서식,228469,지역사회기반 중증외상조사 원시자료 관련 서식,2021.03.02,https://www.kdca.go.kr/bbs/kdca/57/228469/artclView.do
지침,227844,아나필락시스 대응 매뉴얼 공유,2021.02.27,https://www.kdca.go.kr/bbs/kdca/55/227844/artclView.do
지침,227843,코로나19 예방접종 후 이상반응 관리지침 제1판 공유,2021.02.27,https://www.kdca.go.kr/bbs/kdca/55/227843/artclView.do
교육자료,219018,수치로 보는 여성건강 2020,2021.02.26,https://www.kdca.go.kr/bbs/kdca/49/219018/artclView.do
교육자료,219017,수치로 보는 여성건강 2018,2021.02.26,https://www.kdca.go.kr/bbs/kdca/49/219017/artclView.do
지침,227842,코로나바이러스감염증-19 사망자 장례비용 지원 안내 제3판,2021.02.25,https://www.kdca.go.kr/bbs/kdca/55/227842/artclView.do
지침,227841,코로나바이러스감염증-19 예방접종 예진표,2021.02.22,https://www.kdca.go.kr/bbs/kdca/55/227841/artclView.do
지침,227840,2021년 고혈압 당뇨병 등록관리사업 표준 실무지침,2021.02.22,https://www.kdca.go.kr/bbs/kdca/55/227840/artclView.do
지침,227839,2021년 시도 심뇌혈관질환 예방관리사업 안내,2021.02.22,https://www.kdca.go.kr/bbs/kdca/55/227839/artclView.do
지침,227838,2021년 지역사회 통합건강증진사업 안내(심뇌혈관질환 예방관리),2021.02.22,https://www.kdca.go.kr/bbs/kdca/55/227838/artclView.do
지침,227837,코로나바이러스감염증-19 감염취약시설 선제검사 안내,2021.02.19,https://www.kdca.go.kr/bbs/kdca/55/227837/artclView.do
지침,227836,코로나바이러스감염증-19 자가치료 안내서(2판),2021.02.18,https://www.kdca.go.kr/bbs/kdca/55/227836/artclView.do
지침,227835,코로나바이러스감염증-19 의료기관 감염예방·관리(요양·정신의료기관용),2021.02.18,https://www.kdca.go.kr/bbs/kdca/55/227835/artclView.do
지침,227834,자가격리자 일반진료 연계 지침,2021.02.10,https://www.kdca.go.kr/bbs/kdca/55/227834/artclView.do
지침,227833,코로나19 백신 보관수송 관리지침 3차 개정판,2021.02.09,https://www.kdca.go.kr/bbs/kdca/55/227833/artclView.do
교육자료,219016,"알레르기질환 가정통신문(유치원, 어린이집 보호자용)",2021.02.05,https://www.kdca.go.kr/bbs/kdca/49/219016/artclView.do
교육자료,219015,지켜라! 알레르기 연구소 보드게임,2021.02.05,https://www.kdca.go.kr/bbs/kdca/49/219015/artclView.do
교육자료,219014,알레르기질환 교육 슬라이드(초등학생 고학년용),2021.02.05,https://www.kdca.go.kr/bbs/kdca/49/219014/artclView.do
지침,227832,제1급감염병 동물인플루엔자 인체감염증 대응지침,2021.02.04,https://www.kdca.go.kr/bbs/kdca/55/227832/artclView.do
지침,227831,"제1급감염병 두창, 페스트, 탄저, 보툴리눔독소증, 야토병 대응지침",2021.02.04,https://www.kdca.go.kr/bbs/kdca/55/227831/artclView.do
지침,227830,제1급감염병 바이러스성출혈열 대응지침,2021.02.04,https://www.kdca.go.kr/bbs/kdca/55/227830/artclView.do
지침,227829,제1급감염병 중동호흡기증후군[MERS] 대응지침,2021.02.04,https://www.kdca.go.kr/bbs/kdca/55/227829/artclView.do
지침,227828,제1급감염병 중증급성호흡기증후군[SARS] 대응지침,2021.02.04,https://www.kdca.go.kr/bbs/kdca/55/227828/artclView.do
지침,227827,2021년도 바이러스성 모기매개감염병 관리지침,2021.02.04,https://www.kdca.go.kr/bbs/kdca/55/227827/artclView.do
공지사항,221206,'코로나바이러스감염증-19 대응 실험실 생물안전 가이드 제3판' 개정 안내,2021.02.03,https://www.kdca.go.kr/bbs/kdca/50/221206/artclView.do
교육자료,219013,2018 지역사회기반 중증외상조사 통계,2021.01.29,https://www.kdca.go.kr/bbs/kdca/49/219013/artclView.do
지침,227826,상호주의 원칙에 따른 코로나19 격리입원치료비 지원 국가 안내(2021년 2월),2021.01.27,https://www.kdca.go.kr/bbs/kdca/55/227826/artclView.do
교육자료,219012,코로나19 대응 개인보호구 4종 착탈의법 안내(포스터),2021.01.27,https://www.kdca.go.kr/bbs/kdca/49/219012/artclView.do
지침,227825,코로나바이러스감염증-19 사망자 장례비 지침,2021.01.25,https://www.kdca.go.kr/bbs/kdca/55/227825/artclView.do
지침,227824,국립보건연구원 연구개발과제 관리지침,2021.01.19,https://www.kdca.go.kr/bbs/kdca/55/227824/artclView.do
서식,228468,학술연구개발용역과제 서식 모음,2021.01.19,https://www.kdca.go.kr/bbs/kdca/57/228468/artclView.do
교육자료,219011,응급실손상환자심층조사 결과보고회 발표자료집,2021.01.19,https://www.kdca.go.kr/bbs/kdca/49/219011/artclView.do
교육자료,219010,2018 극소저체중아 레지스트리(KNN) 연차보고서(일반인용),2021.01.14,https://www.kdca.go.kr/bbs/kdca/49/219010/artclView.do
교육자료,219009,2006-2019 급성심장정지조사 통계,2021.01.12,https://www.kdca.go.kr/bbs/kdca/49/219009/artclView.do
지침,227823,집단시설 내 코로나19 확진자 선별을 위한 신속항원검사 시행 방안 및 사용 안내서,2021.01.11,https://www.kdca.go.kr/bbs/kdca/55/227823/artclView.do
지침,227822,코로나바이러스감염증-19 대응 생활치료센터 운영 지침,2021.01.11,https://www.kdca.go.kr/bbs/kdca/55/227822/artclView.do
지침,227821,2021년도 감염병 관리 사업 안내,2021.01.11,https://www.kdca.go.kr/bbs/kdca/55/227821/artclView.do
교육자료,219008,2020년 퇴원손상심층조사 결과보고회 발표자료집,2021.01.11,https://www.kdca.go.kr/bbs/kdca/49/219008/artclView.do
교육자료,219007,제9차(2020년도) 급성심장정지조사 심포지엄 발표자료집,2021.01.08,https://www.kdca.go.kr/bbs/kdca/49/219007/artclView.do
지침,227820,코로나19 예방을 위한 시험 방역관리 안내 지침,2021.01.05,https://www.kdca.go.kr/bbs/kdca/55/227820/artclView.do
지침,227819,2021 국가결핵관리 지침,2021.01.05,https://www.kdca.go.kr/bbs/kdca/55/227819/artclView.do
지침,227818,요양병원 등 선제 검사 관련 지침 운영안내(1-2판),2021.01.01,https://www.kdca.go.kr/bbs/kdca/55/227818/artclView.do
지침,227817,코로나19 대응지침 의료기관용 1-2판 (2차 수정),2020.12.31,https://www.kdca.go.kr/bbs/kdca/55/227817/artclView.do
지침,227816,코로나19 소아 자가치료 안내서,2020.12.31,https://www.kdca.go.kr/bbs/kdca/55/227816/artclView.do
지침,227815,코로나19 확산방지를 위한 행동지침(9-3차) 및 상황별 대응 시나리오(9차),2020.12.30,https://www.kdca.go.kr/bbs/kdca/55/227815/artclView.do
지침,227814,2021년 HIV/AIDS 관리지침,2020.12.30,https://www.kdca.go.kr/bbs/kdca/55/227814/artclView.do
지침,227813,상호주의 원칙에 따른 코로나19 격리입원치료비 지원 국가 안내(2021년 1월),2020.12.29,https://www.kdca.go.kr/bbs/kdca/55/227813/artclView.do
지침,227812,2021년 영유아건강검진 검진의사 상담 매뉴얼 및 보호자용 설명서,2020.12.28,https://www.kdca.go.kr/bbs/kdca/55/227812/artclView.do
교육자료,219006,코로나19 수도권 임시 선별 검사소 운영 안내 1-1판,2020.12.21,https://www.kdca.go.kr/bbs/kdca/49/219006/artclView.do
지침,227811,코로나바이러스감염증-19 선별진료소 운영 안내,2020.12.17,https://www.kdca.go.kr/bbs/kdca/55/227811/artclView.do
지침,227810,코로나바이러스감염증-19 치과 의료기관 감염예방관리,2020.12.17,https://www.kdca.go.kr/bbs/kdca/55/227810/artclView.do
지침,227809,코로나바이러스감염증-19 의료기관 감염예방관리(의원급 의료기관용),2020.12.17,https://www.kdca.go.kr/bbs/kdca/55/227809/artclView.do
교육자료,219005,코로나19 감염예방관리 의료기관용 교육 동영상,2020.12.17,https://www.kdca.go.kr/bbs/kdca/49/219005/artclView.do
교육자료,219004,2017년 퇴원손상통계,2020.12.17,https://www.kdca.go.kr/bbs/kdca/49/219004/artclView.do
지침,227808,인플루엔자 관리 가이드라인_요양시설용 알림,2020.12.16,https://www.kdca.go.kr/bbs/kdca/55/227808/artclView.do
지침,227807,임시선별검사소 설치 현황자료입니다.(1.11.기준),2020.12.14,https://www.kdca.go.kr/bbs/kdca/55/227807/artclView.do
교육자료,219003,제1차(2018) 지역사회기반 중증외상조사 결과보고회 교육자료,2020.12.07,https://www.kdca.go.kr/bbs/kdca/49/219003/artclView.do
지침,227806,상호주의 원칙에 따른 코로나19 격리입원치료비 지원 국가 안내(12월),2020.11.27,https://www.kdca.go.kr/bbs/kdca/55/227806/artclView.do
지침,227805,코로나바이러스감염증-19 진단검사비 지원 안내(8판)(보건소외 의료기관용),2020.11.27,https://www.kdca.go.kr/bbs/kdca/55/227805/artclView.do
지침,227804,코로나바이러스감염증-19 진단검사비 지원 안내(8판)(공공보건기관),2020.11.27,https://www.kdca.go.kr/bbs/kdca/55/227804/artclView.do
교육자료,219002,위생해충 분류군별 정보집,2020.11.26,https://www.kdca.go.kr/bbs/kdca/49/219002/artclView.do
지침,227803,"인플루엔자 관리 가이드라인(어린이집, 유치원, 학교 용) 알림",2020.11.25,https://www.kdca.go.kr/bbs/kdca/55/227803/artclView.do
지침,227802,인플루엔자 관리 가이드라인(사업장용) 알림,2020.11.25,https://www.kdca.go.kr/bbs/kdca/55/227802/artclView.do
지침,227801,코로나19 신속항원검사 대응 및 조치 안내,2020.11.23,https://www.kdca.go.kr/bbs/kdca/55/227801/artclView.do
지침,227800,2020년도 폴리오 발생대비 및 대응 지침,2020.11.18,https://www.kdca.go.kr/bbs/kdca/55/227800/artclView.do
지침,227799,코로나19-인플루엔자 동시유행 대비 일반 의료기관 진료절차 안내,2020.11.13,https://www.kdca.go.kr/bbs/kdca/55/227799/artclView.do
지침,227798,2020-2021절기 인플루엔자 관리지침,2020.11.04,https://www.kdca.go.kr/bbs/kdca/55/227798/artclView.do
서식,228467,2020년 HIV/AIDS 관리지침 별표서식 모음,2020.10.30,https://www.kdca.go.kr/bbs/kdca/57/228467/artclView.do
지침,227797,상호주의 원칙에 따른 코로나19 격리입원치료비 지원 국가 안내(11월),2020.10.29,https://www.kdca.go.kr/bbs/kdca/55/227797/artclView.do
서식,228466,의료관련감염 자율보고 서식(2020. 9. 14 기준),2020.10.27,https://www.kdca.go.kr/bbs/kdca/57/228466/artclView.do
지침,227796,크로이츠펠트-야콥병 안내서,2020.10.26,https://www.kdca.go.kr/bbs/kdca/55/227796/artclView.do
지침,227795,질병관리청 기관생명윤리위원회 표준운영지침_2020년,2020.10.15,https://www.kdca.go.kr/bbs/kdca/55/227795/artclView.do
지침,227794,확진환자의 이동경로 등 정보공개 지침(1판) 안내,2020.10.08,https://www.kdca.go.kr/bbs/kdca/55/227794/artclView.do
지침,227793,상호주의 원칙에 따른 코로나19 격리입원치료비 지원 국가 안내(10월),2020.09.28,https://www.kdca.go.kr/bbs/kdca/55/227793/artclView.do
교육자료,219001,소아청소년대상 만성콩팥병 예방관리 교육자료(리플렛 8종),2020.09.15,https://www.kdca.go.kr/bbs/kdca/49/219001/artclView.do
교육자료,219000,생활터(직장) 중심 심뇌혈관질환 교육자료,2020.08.28,https://www.kdca.go.kr/bbs/kdca/49/219000/artclView.do
지침,227792,"2020-2021절기 인플루엔자 국가예방접종 지원사업 지침(보건소용, 의료기관용)",2020.08.21,https://www.kdca.go.kr/bbs/kdca/55/227792/artclView.do
지침,227791,코로나바이러스감염증-19 대응 집단시설·다중이용시설 소독 안내(제3-4판),2020.08.20,https://www.kdca.go.kr/bbs/kdca/55/227791/artclView.do
지침,227790,2020년 E형간염 관리지침,2020.07.14,https://www.kdca.go.kr/bbs/kdca/55/227790/artclView.do
지침,227789,코로나바이러스감염증19 진단검사비 지원 안내(6판),2020.07.13,https://www.kdca.go.kr/bbs/kdca/55/227789/artclView.do
서식,228465,감염병신고서식(2020.7.1. 기준),2020.07.13,https://www.kdca.go.kr/bbs/kdca/57/228465/artclView.do
지침,227788,「풍수해(태풍·호우·대설)」 감염병 대응 매뉴얼(2019년판),2020.07.08,https://www.kdca.go.kr/bbs/kdca/55/227788/artclView.do
지침,227787,확진자 정보 등 동선공개 안내(3판),2020.07.03,https://www.kdca.go.kr/bbs/kdca/55/227787/artclView.do
교육자료,218999,일반인을 위한 만성콩팥병 바로알기 교육자료(3종),2020.07.03,https://www.kdca.go.kr/bbs/kdca/49/218999/artclView.do
지침,227786,2020 법정감염병 진단·신고기준,2020.07.02,https://www.kdca.go.kr/bbs/kdca/55/227786/artclView.do
지침,227785,요양병원 의료관련감염 예방관리 (2020년도),2020.06.25,https://www.kdca.go.kr/bbs/kdca/55/227785/artclView.do
교육자료,218998,코로나19 예방 어린이 동화 교육자료(영상),2020.06.17,https://www.kdca.go.kr/bbs/kdca/49/218998/artclView.do
지침,227784,코로나19 대응을 위한 방역관리자 업무 안내(20년 6월),2020.06.04,https://www.kdca.go.kr/bbs/kdca/55/227784/artclView.do
지침,227783,코로나바이러스감염증-19 ( 격리통지서수령증(영문판)),2020.05.21,https://www.kdca.go.kr/bbs/kdca/55/227783/artclView.do
서식,228464,검체시험의뢰서,2020.05.15,https://www.kdca.go.kr/bbs/kdca/57/228464/artclView.do
지침,227782,결핵 진료지침(4판),2020.05.07,https://www.kdca.go.kr/bbs/kdca/55/227782/artclView.do
지침,227781,확진자 정보 등 동선공개 안내 (2판),2020.05.05,https://www.kdca.go.kr/bbs/kdca/55/227781/artclView.do
지침,227780,코로나19 예방을 위한 시험 방역관리 안내,2020.04.20,https://www.kdca.go.kr/bbs/kdca/55/227780/artclView.do
지침,227779,의료관련감염 집단발생 대응 안내,2020.04.20,https://www.kdca.go.kr/bbs/kdca/55/227779/artclView.do
지침,227778,"코로나바이러스감염증-19 완치자 혈장채혈 지침(20.4.13 제정, 20.12.1 일부개정)",2020.04.13,https://www.kdca.go.kr/bbs/kdca/55/227778/artclView.do
지침,227777,신생아중환자실에서의 감염예방관리 지침,2020.04.06,https://www.kdca.go.kr/bbs/kdca/55/227777/artclView.do
지침,227776,2020년도 의료관련감염병 예방관리사업 지침,2020.03.23,https://www.kdca.go.kr/bbs/kdca/55/227776/artclView.do
지침,227775,코로나바이러스감염증-19 의료기관 감염예방·관리(병원급 의료기관용),2020.03.18,https://www.kdca.go.kr/bbs/kdca/55/227775/artclView.do
지침,227774,2020년 고혈압당뇨병등록관리사업 표준 실무지침,2020.03.11,https://www.kdca.go.kr/bbs/kdca/55/227774/artclView.do
지침,227773,2020년 시도 심뇌혈관질환예방관리사업 안내,2020.03.11,https://www.kdca.go.kr/bbs/kdca/55/227773/artclView.do
지침,227772,2020년 지역사회 통합건강증진사업 안내(심뇌혈관질환예방관리),2020.03.11,https://www.kdca.go.kr/bbs/kdca/55/227772/artclView.do
교육자료,218997,만성폐쇄성폐질환 임상진료지침 및 환자(일반인)용 교육자료,2020.03.10,https://www.kdca.go.kr/bbs/kdca/49/218997/artclView.do
지침,227771,2020년 지역사회 통합건강증진사업 안내[아토피·천식 예방관리],2020.03.04,https://www.kdca.go.kr/bbs/kdca/55/227771/artclView.do
지침,227770,[EBOOK]제1급감염병 중증급성호흡기증후군[SARS] 대응지침,2020.03.03,https://www.kdca.go.kr/bbs/kdca/55/227770/artclView.do
지침,227769,[EBOOK]제1급감염병 중동호흡기증후군[MERS] 대응지침,2020.03.03,https://www.kdca.go.kr/bbs/kdca/55/227769/artclView.do
지침,227768,[EBOOK]제1급감염병 바이러스성출혈열 대응지침,2020.03.03,https://www.kdca.go.kr/bbs/kdca/55/227768/artclView.do
지침,227767,"[EBOOK]제1급감염병 두창, 페스트, 탄저, 보툴리눔독소증, 야토병 대응지침",2020.03.03,https://www.kdca.go.kr/bbs/kdca/55/227767/artclView.do
지침,227766,[EBOOK]제1급감염병 동물인플루엔자 인체감염증 대응지침,2020.03.03,https://www.kdca.go.kr/bbs/kdca/55/227766/artclView.do
지침,227765,[EBOOK]예방접종 대상 감염병 관리 지침,2020.03.03,https://www.kdca.go.kr/bbs/kdca/55/227765/artclView.do
지침,227764,(환경부) 코로나바이러스감염증-19 관련 폐기물 안전관리 특별대책 (제3판),2020.03.03,https://www.kdca.go.kr/bbs/kdca/55/227764/artclView.do
지침,227763,2020년 의료관련감염병 관리지침,2020.02.26,https://www.kdca.go.kr/bbs/kdca/55/227763/artclView.do
지침,227762,코로나바이러스감염증-19 의료기관 안내사항(2020.2.20.),2020.02.20,https://www.kdca.go.kr/bbs/kdca/55/227762/artclView.do
지침,227761,코로나바이러스감염증-19 대응절차(국가지정입원치료병상용)(6판),2020.02.20,https://www.kdca.go.kr/bbs/kdca/55/227761/artclView.do
지침,227760,2020년도 엔테로바이러스 감염증 수족구병 관리지침,2020.02.19,https://www.kdca.go.kr/bbs/kdca/55/227760/artclView.do
지침,227759,2020년도 수인성 및 식품매개 감염병 관리지침,2020.02.19,https://www.kdca.go.kr/bbs/kdca/55/227759/artclView.do
지침,227758,2020년 한센병사업 관리지침,2020.02.18,https://www.kdca.go.kr/bbs/kdca/55/227758/artclView.do
서식,228463,"기초역학조사서(5판)(한글,영문,중문)",2020.02.13,https://www.kdca.go.kr/bbs/kdca/57/228463/artclView.do
지침,227757,｢신종 코로나바이러스감염증｣ 관련 집단행사 방역관리 지침,2020.02.12,https://www.kdca.go.kr/bbs/kdca/55/227757/artclView.do
지침,227756,2020년도 호흡기감염병 관리지침,2020.02.11,https://www.kdca.go.kr/bbs/kdca/55/227756/artclView.do
지침,227755,2020년도 수막구균 감염증 관리지침,2020.02.11,https://www.kdca.go.kr/bbs/kdca/55/227755/artclView.do
지침,227754,신종 코로나바이러스감염증 의료기관 안내사항 및 중국 외 국가 의사환자 분류시 참고사항,2020.02.09,https://www.kdca.go.kr/bbs/kdca/55/227754/artclView.do
지침,227753,신종 코로나바이러스감염증 대응지침_국가지정입원치료병상용(제5판),2020.02.09,https://www.kdca.go.kr/bbs/kdca/55/227753/artclView.do
서식,228462,"신종코로나바이러스감염증 대응지침(제5판), [서식-5] 격리통지서 (국, 영, 중문)",2020.02.09,https://www.kdca.go.kr/bbs/kdca/57/228462/artclView.do
교육자료,218996,2006-2018 급성심장정지조사 통계[부록],2020.01.30,https://www.kdca.go.kr/bbs/kdca/49/218996/artclView.do
지침,227752,신종 코로나바이러스 확인을 위한 검체채취 안내서,2020.01.23,https://www.kdca.go.kr/bbs/kdca/55/227752/artclView.do
지침,227751,수혈자 역추적조사 지침(통합 2차 개정) (2020.01),2020.01.23,https://www.kdca.go.kr/bbs/kdca/55/227751/artclView.do
지침,227750,2020 검역업무지침,2020.01.22,https://www.kdca.go.kr/bbs/kdca/55/227750/artclView.do
지침,227749,국가지정 입원치료병상 운영과 관리 지침,2020.01.17,https://www.kdca.go.kr/bbs/kdca/55/227749/artclView.do
서식,228461,2020년 국가결핵관리지침 서식,2020.01.16,https://www.kdca.go.kr/bbs/kdca/57/228461/artclView.do
공지사항,221177,2020년 법정감염병 시험의뢰 검체 안전 수송 지원 알림,2020.01.15,https://www.kdca.go.kr/bbs/kdca/50/221177/artclView.do
공지사항,221176,온라인 감염병 검사의뢰 방법 안내(의료기관),2020.01.15,https://www.kdca.go.kr/bbs/kdca/50/221176/artclView.do
지침,227748,2020년도 C형간염 관리지침,2020.01.09,https://www.kdca.go.kr/bbs/kdca/55/227748/artclView.do
지침,227747,2020년 기생충감염병관리지침,2020.01.08,https://www.kdca.go.kr/bbs/kdca/55/227747/artclView.do
지침,227746,2020년 국가결핵관리지침,2020.01.08,https://www.kdca.go.kr/bbs/kdca/55/227746/artclView.do
지침,227745,제1급감염병 바이러스성출혈열 대응지침,2020.01.06,https://www.kdca.go.kr/bbs/kdca/55/227745/artclView.do
지침,227744,제1급감염병 두창·페스트·탄저·보툴리눔독소증·야토병 대응지침,2020.01.06,https://www.kdca.go.kr/bbs/kdca/55/227744/artclView.do
지침,227743,제1급감염병 중증급성호흡기증후군(SARS) 대응지침,2020.01.06,https://www.kdca.go.kr/bbs/kdca/55/227743/artclView.do
지침,227742,제1급감염병 중동호흡기증후군(MERS) 대응지침(제6판),2020.01.06,https://www.kdca.go.kr/bbs/kdca/55/227742/artclView.do
지침,227741,제1급감염병 동물인플루엔자 인체감염증 대응지침,2020.01.06,https://www.kdca.go.kr/bbs/kdca/55/227741/artclView.do
지침,227740,2020년 HIV/AIDS 및 성매개감염병 관리지침,2020.01.06,https://www.kdca.go.kr/bbs/kdca/55/227740/artclView.do
지침,227739,2020년도 바이러스성 모기매개감염병 관리지침,2020.01.03,https://www.kdca.go.kr/bbs/kdca/55/227739/artclView.do
지침,227738,2020년도 말라리아 관리지침,2020.01.03,https://www.kdca.go.kr/bbs/kdca/55/227738/artclView.do
지침,227737,2020년도 진드기·설치류 매개 감염병 관리 지침,2020.01.03,https://www.kdca.go.kr/bbs/kdca/55/227737/artclView.do
지침,227736,2020년도 크로이츠펠트-야콥병 관리 지침,2020.01.03,https://www.kdca.go.kr/bbs/kdca/55/227736/artclView.do
지침,227735,2020년도 인수공통감염병 관리 지침,2020.01.03,https://www.kdca.go.kr/bbs/kdca/55/227735/artclView.do
지침,227734,2020 법정감염병 진단·신고기준,2020.01.02,https://www.kdca.go.kr/bbs/kdca/55/227734/artclView.do
지침,227733,2020년도 감염병 관리사업 지침,2020.01.02,https://www.kdca.go.kr/bbs/kdca/55/227733/artclView.do
지침,227732,"2020년도 국가예방접종 지원사업 관리지침(보건소용, 의료기관용)",2020.01.02,https://www.kdca.go.kr/bbs/kdca/55/227732/artclView.do
지침,227731,법정감염병 진단검사 통합지침 제3판,2019.12.31,https://www.kdca.go.kr/bbs/kdca/55/227731/artclView.do
교육자료,218995,2006-2018 급성심장정지조사 통계,2019.12.30,https://www.kdca.go.kr/bbs/kdca/49/218995/artclView.do
지침,227730,2020 예방접종 대상 감염병 관리 지침,2019.12.27,https://www.kdca.go.kr/bbs/kdca/55/227730/artclView.do
지침,227729,2019년도 질병관리본부 기관생명윤리위원회 심의사례 요약집,2019.12.26,https://www.kdca.go.kr/bbs/kdca/55/227729/artclView.do
서식,228460,"헌혈기록카드 서식 (보건복지부 고시 제2019-286호, 2019.12.24.)",2019.12.24,https://www.kdca.go.kr/bbs/kdca/57/228460/artclView.do
공지사항,221173,유전자재조합실험지침 개정 알림,2019.12.24,https://www.kdca.go.kr/bbs/kdca/50/221173/artclView.do
교육자료,218994,인간대상 및 인체유래물 연구 관련 연구자 온라인 교육 자료,2019.11.29,https://www.kdca.go.kr/bbs/kdca/49/218994/artclView.do
교육자료,218993,기관생명윤리위원회 업무 관련 종사자 온라인 교육 자료,2019.11.29,https://www.kdca.go.kr/bbs/kdca/49/218993/artclView.do
교육자료,218992,국내 서식 모기종 리스트,2019.11.22,https://www.kdca.go.kr/bbs/kdca/49/218992/artclView.do
지침,227728,2019년도 인플루엔자 관리 가이드라인[어린이집·유치원·학교용],2019.11.14,https://www.kdca.go.kr/bbs/kdca/55/227728/artclView.do
지침,227727,2019년도 인플루엔자 관리 가이드라인[요양시설용],2019.11.14,https://www.kdca.go.kr/bbs/kdca/55/227727/artclView.do
지침,227726,2019년도 수인성 및 식품매개감염병 관리지침,2019.10.18,https://www.kdca.go.kr/bbs/kdca/55/227726/artclView.do
지침,227725,2019-2020절기 인플루엔자 관리지침,2019.10.18,https://www.kdca.go.kr/bbs/kdca/55/227725/artclView.do
지침,227724,2019 국가결핵관리지침 발간,2019.09.23,https://www.kdca.go.kr/bbs/kdca/55/227724/artclView.do
지침,227723,2019년도 의료관련감염병(VRSA.CRE) 관리지침,2019.09.16,https://www.kdca.go.kr/bbs/kdca/55/227723/artclView.do
지침,227722,"[공유] 2019-2020절기 인플루엔자 국가예방접종 지원사업 지침(보건소용, 의료기관용)",2019.09.09,https://www.kdca.go.kr/bbs/kdca/55/227722/artclView.do
교육자료,218991,2019 말라리아방제사업 교육 자료,2019.08.23,https://www.kdca.go.kr/bbs/kdca/49/218991/artclView.do
지침,227721,2019년도 감염병관리사업지침,2019.08.22,https://www.kdca.go.kr/bbs/kdca/55/227721/artclView.do
지침,227720,2019년도 급성호흡기감염증 관리지침,2019.08.13,https://www.kdca.go.kr/bbs/kdca/55/227720/artclView.do
지침,227719,요양병원 옴 예방 및 관리 안내,2019.08.13,https://www.kdca.go.kr/bbs/kdca/55/227719/artclView.do
지침,227718,크로이츠펠트-야콥병 환자관리 매뉴얼(요양병원용),2019.08.13,https://www.kdca.go.kr/bbs/kdca/55/227718/artclView.do
지침,227717,크로이츠펠트-야콥병 장례관리 매뉴얼,2019.08.13,https://www.kdca.go.kr/bbs/kdca/55/227717/artclView.do
지침,227716,크로이츠펠트-야콥병 부검절차 안내,2019.08.13,https://www.kdca.go.kr/bbs/kdca/55/227716/artclView.do
지침,227715,2019년도 레지오넬라증 관리지침,2019.07.25,https://www.kdca.go.kr/bbs/kdca/55/227715/artclView.do
지침,227714,바이러스성출혈열 대응지침 (제1판),2019.07.24,https://www.kdca.go.kr/bbs/kdca/55/227714/artclView.do
지침,227713,질병관리본부 「연구개발과제 등의 성과관리지침」,2019.07.23,https://www.kdca.go.kr/bbs/kdca/55/227713/artclView.do
지침,227712,혈액원 표준업무안내서(제3차 개정판) (2019.06),2019.07.12,https://www.kdca.go.kr/bbs/kdca/55/227712/artclView.do
지침,227711,2019 홍역 대응 지침(최종),2019.07.04,https://www.kdca.go.kr/bbs/kdca/55/227711/artclView.do
지침,227710,2019 예방접종 대상 감염병 관리 지침(최종),2019.07.04,https://www.kdca.go.kr/bbs/kdca/55/227710/artclView.do
지침,227709,법정감염병 진단검사 통합지침('19.7.1. 별책 최신화),2019.07.02,https://www.kdca.go.kr/bbs/kdca/55/227709/artclView.do
지침,227708,2019년 한센병사업 관리 지침,2019.06.28,https://www.kdca.go.kr/bbs/kdca/55/227708/artclView.do
지침,227707,[연구기획과] 학술연구개발용역과제 관련 규정 및 지침(2019.05),2019.06.04,https://www.kdca.go.kr/bbs/kdca/55/227707/artclView.do
서식,228459,[질병관리본부] 학술연구개발용역과제 관련 서식(2019.05.),2019.06.04,https://www.kdca.go.kr/bbs/kdca/57/228459/artclView.do
지침,227705,2019년도 진드기 매개감염병 관리지침,2019.05.29,https://www.kdca.go.kr/bbs/kdca/55/227705/artclView.do
지침,227706,[질병관리본부] 정책연구용역사업 관리안내(2019.05.28),2019.05.28,https://www.kdca.go.kr/bbs/kdca/55/227706/artclView.do
지침,227704,2019년도 크로이츠펠트-야콥병 관리 지침,2019.05.28,https://www.kdca.go.kr/bbs/kdca/55/227704/artclView.do
지침,227703,2019년도 인수공통감염병 관리지침,2019.05.28,https://www.kdca.go.kr/bbs/kdca/55/227703/artclView.do
서식,228458,[질병관리본부] 정책연구용역사업 관련 서식(2019.05.28),2019.05.28,https://www.kdca.go.kr/bbs/kdca/57/228458/artclView.do
지침,227702,2019년도 기생충감염병 관리지침,2019.05.24,https://www.kdca.go.kr/bbs/kdca/55/227702/artclView.do
지침,227701,2019년도 바이러스성 모기매개감염병 관리지침,2019.05.22,https://www.kdca.go.kr/bbs/kdca/55/227701/artclView.do
지침,227700,2019년 고혈압당뇨병 등록관리사업 표준 실무지침,2019.05.15,https://www.kdca.go.kr/bbs/kdca/55/227700/artclView.do
지침,227699,급성 위장관계 감염 항생제 사용지침,2019.05.10,https://www.kdca.go.kr/bbs/kdca/55/227699/artclView.do
지침,227698,질병관리본부 기관생명윤리위원회 표준운영지침_2018년(V5),2019.05.09,https://www.kdca.go.kr/bbs/kdca/55/227698/artclView.do
지침,227697,2019년도 설치류 매개 감염병 관리지침,2019.05.01,https://www.kdca.go.kr/bbs/kdca/55/227697/artclView.do
지침,227696,2019년도 말라리아 관리지침,2019.05.01,https://www.kdca.go.kr/bbs/kdca/55/227696/artclView.do
지침,227695,2019년 말라리아 진료가이드,2019.05.01,https://www.kdca.go.kr/bbs/kdca/55/227695/artclView.do
지침,227694,원인 불명 질병 집단감염 대응지침[제1판],2019.04.23,https://www.kdca.go.kr/bbs/kdca/55/227694/artclView.do
지침,227693,2019년 지역사회 통합건강증진사업 안내[아토피·천식 예방관리],2019.04.11,https://www.kdca.go.kr/bbs/kdca/55/227693/artclView.do
지침,227692,2019년 지역사회 통합건강증진사업 안내(심뇌혈관질환예방관리),2019.04.01,https://www.kdca.go.kr/bbs/kdca/55/227692/artclView.do
지침,227691,2019년 시도 심뇌혈관질환예방관리사업 안내,2019.04.01,https://www.kdca.go.kr/bbs/kdca/55/227691/artclView.do
교육자료,218990,일반인을 위한 만성콩팥병 바로알기(3종),2019.03.27,https://www.kdca.go.kr/bbs/kdca/49/218990/artclView.do
지침,227690,2019년도 국가예방접종 지원사업 관리지침(보건소용),2019.03.19,https://www.kdca.go.kr/bbs/kdca/55/227690/artclView.do
지침,227689,2019년 의료관련감염병 예방·관리사업 지침,2019.03.18,https://www.kdca.go.kr/bbs/kdca/55/227689/artclView.do
서식,228457,의료관련감염병 예방·관리사업 관련 참고서식,2019.03.18,https://www.kdca.go.kr/bbs/kdca/57/228457/artclView.do
지침,227688,기관생명윤리위원회 등록 및 등록변경 신청안내,2019.03.08,https://www.kdca.go.kr/bbs/kdca/55/227688/artclView.do
지침,227687,메르스 대응지침[제5-2판],2019.03.08,https://www.kdca.go.kr/bbs/kdca/55/227687/artclView.do
공지사항,221157,해외감염병예방 현장 진단을 위한 국민참여단 모집 안내,2019.03.08,https://www.kdca.go.kr/bbs/kdca/50/221157/artclView.do
교육자료,218989,알레르기질환 소책자 5종 및 활용 메뉴얼,2019.02.25,https://www.kdca.go.kr/bbs/kdca/49/218989/artclView.do
교육자료,218988,2017-2019 질병예방서비스권고(지역사회 당뇨병 예방관리 프로그램),2019.02.18,https://www.kdca.go.kr/bbs/kdca/49/218988/artclView.do
지침,227686,2018년「주요 감염병 매개모기 방제지침」,2019.01.31,https://www.kdca.go.kr/bbs/kdca/55/227686/artclView.do
교육자료,218987,제8차 국가손상종합통계 (2015-2016),2019.01.24,https://www.kdca.go.kr/bbs/kdca/49/218987/artclView.do
서식,228456,HIV/AIDS 관리지침 별표서식 모음,2019.01.22,https://www.kdca.go.kr/bbs/kdca/57/228456/artclView.do
지침,227685,제13차 퇴원손상심층조사 원시자료 이용지침서,2019.01.15,https://www.kdca.go.kr/bbs/kdca/55/227685/artclView.do
지침,227684,2019 검역업무 지침,2019.01.11,https://www.kdca.go.kr/bbs/kdca/55/227684/artclView.do
지침,227683,헌혈기록카드 문진항목 판정기준(6차 개정판) 및 안전한 헌혈을 위한 문진 플립북,2019.01.03,https://www.kdca.go.kr/bbs/kdca/55/227683/artclView.do
지침,227682,급성 수혈 관련 증상분류 알고리즘,2019.01.03,https://www.kdca.go.kr/bbs/kdca/55/227682/artclView.do
지침,227681,수혈 관련 증상 정의,2019.01.03,https://www.kdca.go.kr/bbs/kdca/55/227681/artclView.do
지침,227680,수혈부작용조사 실무안내서,2019.01.03,https://www.kdca.go.kr/bbs/kdca/55/227680/artclView.do
서식,228455,혈액관리업무 심사평가표(의료기관혈액원용),2019.01.03,https://www.kdca.go.kr/bbs/kdca/57/228455/artclView.do
서식,228454,혈액관리업무 심사평가표(공급혈액원용),2019.01.03,https://www.kdca.go.kr/bbs/kdca/57/228454/artclView.do
교육자료,218986,2017 KNN 연차보고서,2018.12.31,https://www.kdca.go.kr/bbs/kdca/49/218986/artclView.do
지침,227679,2019년 HIV/AIDS 관리지침,2018.12.28,https://www.kdca.go.kr/bbs/kdca/55/227679/artclView.do
지침,227678,2018 성인 예방접종 안내서,2018.12.21,https://www.kdca.go.kr/bbs/kdca/55/227678/artclView.do
지침,227677,공중보건 위험소통 표준운영절차(SOP) 개정판(디지털 버전),2018.12.18,https://www.kdca.go.kr/bbs/kdca/55/227677/artclView.do
지침,227676,결핵검사지침 2,2018.12.13,https://www.kdca.go.kr/bbs/kdca/55/227676/artclView.do
서식,228453,연구자를 위한 질병관리본부 기관생명윤리위원회 안내,2018.12.13,https://www.kdca.go.kr/bbs/kdca/57/228453/artclView.do
지침,227675,한국혈액감시체계 운영규정(18.12.10 제정),2018.12.12,https://www.kdca.go.kr/bbs/kdca/55/227675/artclView.do
교육자료,218985,2006-2017 급성심장정지조사 통계 [제2권 부록],2018.12.05,https://www.kdca.go.kr/bbs/kdca/49/218985/artclView.do
교육자료,218984,2006-2017 급성심장정지조사 통계 [제1권 본문],2018.12.05,https://www.kdca.go.kr/bbs/kdca/49/218984/artclView.do
교육자료,218983,제7차(2018년) 급성심장정지조사 심포지엄 발표자료집,2018.11.29,https://www.kdca.go.kr/bbs/kdca/49/218983/artclView.do
서식,228452,인체유래물은행 시스템 개설 허가 및 변경신고 신청 안내,2018.11.15,https://www.kdca.go.kr/bbs/kdca/57/228452/artclView.do
교육자료,218982,기생충과 민물고기,2018.11.09,https://www.kdca.go.kr/bbs/kdca/49/218982/artclView.do
서식,228451,유전자치료기관 신고 및 변경신고 안내,2018.11.06,https://www.kdca.go.kr/bbs/kdca/57/228451/artclView.do
교육자료,218981,"2016년 퇴원손상통계 (인포그래픽, 조사개요)",2018.11.06,https://www.kdca.go.kr/bbs/kdca/49/218981/artclView.do
교육자료,218980,"2016년 퇴원손상통계 (주요통계, 통계표, 부록)",2018.11.06,https://www.kdca.go.kr/bbs/kdca/49/218980/artclView.do
교육자료,218979,2015년 퇴원손상통계,2018.11.06,https://www.kdca.go.kr/bbs/kdca/49/218979/artclView.do
교육자료,218978,2014년 퇴원손상통계,2018.11.06,https://www.kdca.go.kr/bbs/kdca/49/218978/artclView.do
교육자료,218977,2013년 퇴원손상통계,2018.11.06,https://www.kdca.go.kr/bbs/kdca/49/218977/artclView.do
교육자료,218976,2012년 퇴원손상통계,2018.11.06,https://www.kdca.go.kr/bbs/kdca/49/218976/artclView.do
교육자료,218975,2011년 퇴원손상통계,2018.11.06,https://www.kdca.go.kr/bbs/kdca/49/218975/artclView.do
교육자료,218974,2010년 퇴원손상통계,2018.11.06,https://www.kdca.go.kr/bbs/kdca/49/218974/artclView.do
교육자료,218973,2009년 퇴원손상통계,2018.11.06,https://www.kdca.go.kr/bbs/kdca/49/218973/artclView.do
교육자료,218972,2008년 퇴원손상통계,2018.11.06,https://www.kdca.go.kr/bbs/kdca/49/218972/artclView.do
교육자료,218971,2007년 퇴원손상 및 수술통계,2018.11.06,https://www.kdca.go.kr/bbs/kdca/49/218971/artclView.do
교육자료,218970,2006년 퇴원손상 및 수술통계,2018.11.06,https://www.kdca.go.kr/bbs/kdca/49/218970/artclView.do
교육자료,218969,2005년 퇴원손상 및 수술통계,2018.11.06,https://www.kdca.go.kr/bbs/kdca/49/218969/artclView.do
서식,228450,결핵환자등 신고보고서(2016.8.4),2018.10.15,https://www.kdca.go.kr/bbs/kdca/57/228450/artclView.do
공지사항,221150,2018 제2차 한국인유전체역학조사사업(KoGES) 수집자료 활용 교육 워크숍 개최 공지,2018.10.15,https://www.kdca.go.kr/bbs/kdca/50/221150/artclView.do
지침,227674,2017 검역업무지침,2018.10.08,https://www.kdca.go.kr/bbs/kdca/55/227674/artclView.do
지침,227673,2014 검역업무 지침,2018.10.08,https://www.kdca.go.kr/bbs/kdca/55/227673/artclView.do
지침,227672,2018년도 생물테러감염병 대비 및 대응지침,2018.10.01,https://www.kdca.go.kr/bbs/kdca/55/227672/artclView.do
지침,227671,2018년도 큐열 관리지침,2018.09.21,https://www.kdca.go.kr/bbs/kdca/55/227671/artclView.do
지침,227670,2018년도 크로이츠펠트-야콥병(CJD) 안내서,2018.09.21,https://www.kdca.go.kr/bbs/kdca/55/227670/artclView.do
지침,227669,2018년도 브루셀라증 관리지침,2018.09.21,https://www.kdca.go.kr/bbs/kdca/55/227669/artclView.do
지침,227668,2018년도 공수병 관리지침,2018.09.21,https://www.kdca.go.kr/bbs/kdca/55/227668/artclView.do
지침,227667,2017년도 감염병 역학조사 연보,2018.09.18,https://www.kdca.go.kr/bbs/kdca/55/227667/artclView.do
지침,227666,"2018년 바이러스성 모기매개감염병 관리지침(황열,뎅기,웨스트,치쿤,지카)",2018.09.18,https://www.kdca.go.kr/bbs/kdca/55/227666/artclView.do
지침,227665,2018년도 수막구균성수막염 관리지침,2018.09.12,https://www.kdca.go.kr/bbs/kdca/55/227665/artclView.do
지침,227664,2018년도 레지오넬라증 관리지침,2018.09.12,https://www.kdca.go.kr/bbs/kdca/55/227664/artclView.do
지침,227663,2018년 군중모임 시 감염병관리 가이드라인,2018.09.10,https://www.kdca.go.kr/bbs/kdca/55/227663/artclView.do
지침,227662,2018-2019절기 인플루엔자 관리지침,2018.09.07,https://www.kdca.go.kr/bbs/kdca/55/227662/artclView.do
지침,227661,2018년 표본감시감염병 신고안내,2018.08.23,https://www.kdca.go.kr/bbs/kdca/55/227661/artclView.do
공지사항,221146,2018년도 한-미 NIH 공동심포지엄 및 제 6회 감염병연구포럼 개최 알림,2018.08.21,https://www.kdca.go.kr/bbs/kdca/50/221146/artclView.do
지침,227660,2018년 지역사회 통합건강증진사업 안내(아토피 천식 예방관리),2018.08.17,https://www.kdca.go.kr/bbs/kdca/55/227660/artclView.do
지침,227659,2018년 에이즈 관련 민간경상보조사업 관리지침,2018.08.09,https://www.kdca.go.kr/bbs/kdca/55/227659/artclView.do
교육자료,218968,흉부결핵과 흉부X선사진 증례 아틀라스 및 간략교재,2018.08.06,https://www.kdca.go.kr/bbs/kdca/49/218968/artclView.do
지침,227658,국립중앙인체자원은행 인체자원 관리지침(개정일 20180627),2018.07.20,https://www.kdca.go.kr/bbs/kdca/55/227658/artclView.do
지침,227657,국립중앙인체자원은행 운영·관리 규정(개정일 20180206),2018.07.20,https://www.kdca.go.kr/bbs/kdca/55/227657/artclView.do
지침,227656,국립중앙인체자원은행 운영·관리 규정(개정일 20170615),2018.07.20,https://www.kdca.go.kr/bbs/kdca/55/227656/artclView.do
지침,227655,국립중앙인체자원은행 인체자원 관리지침(개정일 20161230),2018.07.20,https://www.kdca.go.kr/bbs/kdca/55/227655/artclView.do
지침,227654,국립중앙인체자원은행 운영·관리 규정(개정일 20161031),2018.07.20,https://www.kdca.go.kr/bbs/kdca/55/227654/artclView.do
지침,227653,국립중앙인체자원은행 인체자원 분양지침(개정일 20160428),2018.07.20,https://www.kdca.go.kr/bbs/kdca/55/227653/artclView.do
지침,227652,국립중앙인체자원은행 운영·관리 규정(개정일 20141230),2018.07.20,https://www.kdca.go.kr/bbs/kdca/55/227652/artclView.do
지침,227651,설치류 매개감염병 관리지침(2018),2018.07.17,https://www.kdca.go.kr/bbs/kdca/55/227651/artclView.do
지침,227650,진드기 매개감염병 관리지침(2018)_재업로드,2018.07.17,https://www.kdca.go.kr/bbs/kdca/55/227650/artclView.do
지침,227649,2018년도 수인성 및 식품매개감염병 관리지침,2018.07.17,https://www.kdca.go.kr/bbs/kdca/55/227649/artclView.do
공지사항,221145,감염병 예방치료 솔루션 기술개발사업 공청회,2018.07.17,https://www.kdca.go.kr/bbs/kdca/50/221145/artclView.do
지침,227648,2018년도 풍수해 대비 감염병관리 매뉴얼,2018.07.11,https://www.kdca.go.kr/bbs/kdca/55/227648/artclView.do
지침,227647,"2018년도 의료관련감염병(VRSA,CRE)관리지침",2018.07.03,https://www.kdca.go.kr/bbs/kdca/55/227647/artclView.do
지침,227646,2018년도 말라리아 관리 지침,2018.07.02,https://www.kdca.go.kr/bbs/kdca/55/227646/artclView.do
지침,227645,메르스 대응지침[제5-1판],2018.06.30,https://www.kdca.go.kr/bbs/kdca/55/227645/artclView.do
지침,227644,"어린이집, 유치원, 학교 감염병 관리 안내서",2018.06.21,https://www.kdca.go.kr/bbs/kdca/55/227644/artclView.do
지침,227643,2018년도 급성호흡기감염증 관리지침,2018.06.11,https://www.kdca.go.kr/bbs/kdca/55/227643/artclView.do
지침,227642,"2018년도 옴, 머릿니 예방 및 관리 안내서",2018.06.11,https://www.kdca.go.kr/bbs/kdca/55/227642/artclView.do
지침,227641,2018년도 감염병 관리 사업 지침,2018.05.30,https://www.kdca.go.kr/bbs/kdca/55/227641/artclView.do
지침,227640,2018년도 엔테로바이러스 감염증 · 수족구병 관리지침,2018.05.29,https://www.kdca.go.kr/bbs/kdca/55/227640/artclView.do
지침,227639,2018년도 안과 감염병 관리지침,2018.05.16,https://www.kdca.go.kr/bbs/kdca/55/227639/artclView.do
지침,227638,2018 국가결핵관리지침 발간,2018.05.15,https://www.kdca.go.kr/bbs/kdca/55/227638/artclView.do
지침,227637,[혈액] 응급/대량수혈 표준업무안내서(2018.4 발행),2018.05.11,https://www.kdca.go.kr/bbs/kdca/55/227637/artclView.do
교육자료,218967,알레르기질환 교육자료 2종,2018.05.09,https://www.kdca.go.kr/bbs/kdca/49/218967/artclView.do
지침,227636,2018년 고혈압 당뇨병 등록관리사업 표준 실무지침,2018.04.16,https://www.kdca.go.kr/bbs/kdca/55/227636/artclView.do
지침,227635,2018년 지역사회 통합건강증진사업 안내(심뇌혈관질환예방관리),2018.04.16,https://www.kdca.go.kr/bbs/kdca/55/227635/artclView.do
지침,227634,2018년 시도 심뇌혈관질환예방관리사업 안내,2018.04.16,https://www.kdca.go.kr/bbs/kdca/55/227634/artclView.do
지침,227633,2018년 성매개감염병 관리지침(개정안),2018.04.10,https://www.kdca.go.kr/bbs/kdca/55/227633/artclView.do
지침,227632,"페스트 대응지침(2018.3, 제1판 각 분권)",2018.04.09,https://www.kdca.go.kr/bbs/kdca/55/227632/artclView.do
지침,227631,"페스트 대응지침(2018.3, 제1판)",2018.04.09,https://www.kdca.go.kr/bbs/kdca/55/227631/artclView.do
교육자료,218966,소아청소년대상 만성콩팥병 예방관리 교육자료(8종),2018.03.28,https://www.kdca.go.kr/bbs/kdca/49/218966/artclView.do
교육자료,218965,"보건선생님을 위한 학교 소변검사, 혈압관리 길라잡이",2018.03.28,https://www.kdca.go.kr/bbs/kdca/49/218965/artclView.do
지침,227630,퇴원손상심층조사 12차 원시자료 이용지침서,2018.03.26,https://www.kdca.go.kr/bbs/kdca/55/227630/artclView.do
교육자료,218964,2006-2016 급성심장정지조사 통계 [제1권 본문],2018.03.26,https://www.kdca.go.kr/bbs/kdca/49/218964/artclView.do
지침,227629,[혈액] 혈액관리업무 점검사항 보고지침(2015.4.13 개정),2018.03.19,https://www.kdca.go.kr/bbs/kdca/55/227629/artclView.do
지침,227628,[혈액] 2017 한국혈액감시체계 운영안내서(2017.9),2018.03.14,https://www.kdca.go.kr/bbs/kdca/55/227628/artclView.do
지침,227627,[연구기획과] 정책연구용역사업 운영규정 및 관리안내,2018.03.13,https://www.kdca.go.kr/bbs/kdca/55/227627/artclView.do
서식,228449,[연구기획과] 정책연구용역사업 서식,2018.03.13,https://www.kdca.go.kr/bbs/kdca/57/228449/artclView.do
지침,227626,요로 감염 항생제 사용지침,2018.03.02,https://www.kdca.go.kr/bbs/kdca/55/227626/artclView.do
서식,228448,검체시험의뢰서,2018.02.28,https://www.kdca.go.kr/bbs/kdca/57/228448/artclView.do
공지사항,221135,"""방역연계 범부처 감염병 연구개발 사업단장 재공모(2차) 안내""",2018.02.22,https://www.kdca.go.kr/bbs/kdca/50/221135/artclView.do
지침,227625,2018년도 예방접종 대상 감염병 관리 지침,2018.02.21,https://www.kdca.go.kr/bbs/kdca/55/227625/artclView.do
공지사항,221133,질병관리본부 ‘온라인 감염병 검사의뢰 체계’ 변경 알림,2018.02.21,https://www.kdca.go.kr/bbs/kdca/50/221133/artclView.do
공지사항,221132,방역연계 범부처 감염병 연구개발 사업단장 재공모 안내,2018.02.12,https://www.kdca.go.kr/bbs/kdca/50/221132/artclView.do
지침,227624,국가관리대상병원체,2018.02.06,https://www.kdca.go.kr/bbs/kdca/55/227624/artclView.do
지침,227623,한국생물안전안내서,2018.02.05,https://www.kdca.go.kr/bbs/kdca/55/227623/artclView.do
지침,227622,2018 검역업무지침,2018.01.31,https://www.kdca.go.kr/bbs/kdca/55/227622/artclView.do
지침,227621,퇴원손상심층조사 10차 원시자료 이용지침서,2018.01.26,https://www.kdca.go.kr/bbs/kdca/55/227621/artclView.do
지침,227620,퇴원손상심층조사 11차 원시자료 이용지침서,2018.01.26,https://www.kdca.go.kr/bbs/kdca/55/227620/artclView.do
지침,227619,퇴원손상심층조사 9차 원시자료 이용지침서,2018.01.26,https://www.kdca.go.kr/bbs/kdca/55/227619/artclView.do
지침,227618,퇴원손상심층조사 8차 원시자료 이용지침서,2018.01.26,https://www.kdca.go.kr/bbs/kdca/55/227618/artclView.do
지침,227617,2018년도 국가예방접종사업 관리지침(의료기관용),2018.01.22,https://www.kdca.go.kr/bbs/kdca/55/227617/artclView.do
지침,227616,2018년도 국가예방접종사업 관리지침(보건소용),2018.01.22,https://www.kdca.go.kr/bbs/kdca/55/227616/artclView.do
공지사항,221131,"""방역연계 범부처 감염병 연구개발 사업단장 공모 안내""",2018.01.12,https://www.kdca.go.kr/bbs/kdca/50/221131/artclView.do
지침,227615,희귀질환자 의료비지원사업 보건소 담당자 교육 지침,2018.01.08,https://www.kdca.go.kr/bbs/kdca/55/227615/artclView.do
지침,227614,제1회 희귀질환 극복의 날 안내 지침,2018.01.08,https://www.kdca.go.kr/bbs/kdca/55/227614/artclView.do
지침,227613,2017년 희귀질환자 의료비지원사업 안내 지침,2018.01.08,https://www.kdca.go.kr/bbs/kdca/55/227613/artclView.do
공지사항,221130,"[평화 올림픽] 질병관리본부, 감염병 대응 총력",2018.01.03,https://www.kdca.go.kr/bbs/kdca/50/221130/artclView.do
지침,227612,법정감염병 실험실검사 의뢰가능 기관 안내서,2018.01.02,https://www.kdca.go.kr/bbs/kdca/55/227612/artclView.do
지침,227611,한국 영유아 발달선별검사(K-DST) 개정판 사용지침서,2018.01.02,https://www.kdca.go.kr/bbs/kdca/55/227611/artclView.do
지침,227610,"피부,연조직 감염 항생제 사용지침",2017.12.29,https://www.kdca.go.kr/bbs/kdca/55/227610/artclView.do
지침,227609,지카바이러스 감염증 진단검사지침(제3-1판),2017.12.20,https://www.kdca.go.kr/bbs/kdca/55/227609/artclView.do
지침,227608,2018 HIV/AIDS 관리지침,2017.12.19,https://www.kdca.go.kr/bbs/kdca/55/227608/artclView.do
서식,228447,퇴원손상심층조사 원시자료 관련 서식,2017.12.11,https://www.kdca.go.kr/bbs/kdca/57/228447/artclView.do
서식,228446,급성심장정지조사 원시자료 관련 서식,2017.12.11,https://www.kdca.go.kr/bbs/kdca/57/228446/artclView.do
지침,227607,급성심장정지조사 2008-2019년 원시자료 이용지침서,2017.12.06,https://www.kdca.go.kr/bbs/kdca/55/227607/artclView.do
교육자료,218963,2006-2016 급성심장정지조사 통계 [제2권 부록],2017.12.01,https://www.kdca.go.kr/bbs/kdca/49/218963/artclView.do
지침,227606,요양시설 인플루엔자 관리 가이드라인,2017.11.30,https://www.kdca.go.kr/bbs/kdca/55/227606/artclView.do
지침,227605,보육시설 및 학교 인플루엔자 관리 가이드라인,2017.11.30,https://www.kdca.go.kr/bbs/kdca/55/227605/artclView.do
지침,227604,2017 법정감염병 진단 신고기준,2017.11.30,https://www.kdca.go.kr/bbs/kdca/55/227604/artclView.do
공지사항,221126,2017 한국인유전체역학조사사업 연구성과 심포지엄 개최 공지,2017.11.20,https://www.kdca.go.kr/bbs/kdca/50/221126/artclView.do
지침,227603,2018년 국가건강검진 검진의사 상담매뉴얼,2017.11.17,https://www.kdca.go.kr/bbs/kdca/55/227603/artclView.do
지침,227602,성인 급성 상기도 감염 항생제 사용지침,2017.11.13,https://www.kdca.go.kr/bbs/kdca/55/227602/artclView.do
지침,227601,성인 지역사회획득 폐렴 항생제 사용지침,2017.11.13,https://www.kdca.go.kr/bbs/kdca/55/227601/artclView.do
지침,227600,지카바이러스 감염증 진단검사지침,2017.11.02,https://www.kdca.go.kr/bbs/kdca/55/227600/artclView.do
지침,227599,"전수감시 의료관련감염병(VRSA,CRE)_자주묻는질문",2017.10.31,https://www.kdca.go.kr/bbs/kdca/55/227599/artclView.do
지침,227598,개물림 예방 관리 방법,2017.10.27,https://www.kdca.go.kr/bbs/kdca/55/227598/artclView.do
공지사항,221122,제 5회 감염병연구포럼(FID 2017) 개최 알림 및 참석 요청,2017.10.27,https://www.kdca.go.kr/bbs/kdca/50/221122/artclView.do
지침,227597,에볼라바이러스병 대응지침(제7판),2017.10.20,https://www.kdca.go.kr/bbs/kdca/55/227597/artclView.do
지침,227596,2016년도 감염병 역학조사 연보,2017.10.12,https://www.kdca.go.kr/bbs/kdca/55/227596/artclView.do
지침,227595,2017년 인플루엔자 관리지침,2017.09.29,https://www.kdca.go.kr/bbs/kdca/55/227595/artclView.do
지침,227594,2017년도 수막구균성수막염 관리지침,2017.09.29,https://www.kdca.go.kr/bbs/kdca/55/227594/artclView.do
지침,227593,2017년 성홍열 관리지침,2017.09.27,https://www.kdca.go.kr/bbs/kdca/55/227593/artclView.do
지침,227592,2017 표본감시감염병 신고안내,2017.09.14,https://www.kdca.go.kr/bbs/kdca/55/227592/artclView.do
지침,227591,2017년도 안과 감염병 관리지침,2017.09.11,https://www.kdca.go.kr/bbs/kdca/55/227591/artclView.do
공지사항,221119,(의료기관) 감염병 검사의뢰 방법 변경 알림,2017.09.08,https://www.kdca.go.kr/bbs/kdca/50/221119/artclView.do
지침,227590,2017-2018절기 인플루엔자 국가예방접종 지원사업 관리지침,2017.08.25,https://www.kdca.go.kr/bbs/kdca/55/227590/artclView.do
지침,227589,[혈액] 혈액관리업무 점검사항 처리 지침(2017.8 개정),2017.08.21,https://www.kdca.go.kr/bbs/kdca/55/227589/artclView.do
지침,227588,[혈액] 헌혈자 보호 및 안전에 관한 지침(2017.8 개정),2017.08.21,https://www.kdca.go.kr/bbs/kdca/55/227588/artclView.do
지침,227587,2017년도「풍수해(태풍·호우)」감염병 대응 메뉴얼,2017.08.08,https://www.kdca.go.kr/bbs/kdca/55/227587/artclView.do
지침,227586,2017년 감염병관리시설 평가지침,2017.08.03,https://www.kdca.go.kr/bbs/kdca/55/227586/artclView.do
공지사항,221113,질병관리본부 홈페이지 및 소셜미디어 활용 안내 가이드,2017.08.03,https://www.kdca.go.kr/bbs/kdca/50/221113/artclView.do
지침,227585,2017년도 바이러스성 모기매개감염병 관리지침,2017.08.02,https://www.kdca.go.kr/bbs/kdca/55/227585/artclView.do
지침,227584,의료관련감염 표준예방지침(2017),2017.07.28,https://www.kdca.go.kr/bbs/kdca/55/227584/artclView.do
지침,227583,2017년도 수인성 및 식품매개감염병관리지침,2017.07.27,https://www.kdca.go.kr/bbs/kdca/55/227583/artclView.do
지침,227582,수인성식품매개질환 실험실 진단 실무 지침 2017,2017.07.14,https://www.kdca.go.kr/bbs/kdca/55/227582/artclView.do
지침,227581,2017년도 산후조리원 감염병 관리지침,2017.07.14,https://www.kdca.go.kr/bbs/kdca/55/227581/artclView.do
지침,227580,2017 메르스 대응지침(제5판),2017.07.11,https://www.kdca.go.kr/bbs/kdca/55/227580/artclView.do
지침,227579,공중보건 위기대응 소통안내서,2017.07.11,https://www.kdca.go.kr/bbs/kdca/55/227579/artclView.do
교육자료,218962,일반인 심폐소생술 표준 교육프로그램 강사 및 교육 운영 지침,2017.06.27,https://www.kdca.go.kr/bbs/kdca/49/218962/artclView.do
지침,227578,2017년도 브루셀라증 관리 지침,2017.06.12,https://www.kdca.go.kr/bbs/kdca/55/227578/artclView.do
지침,227577,2017년도 공수병 관리지침,2017.06.12,https://www.kdca.go.kr/bbs/kdca/55/227577/artclView.do
지침,227576,2017년도 크로이츠펠트-야콥병 관리지침,2017.06.12,https://www.kdca.go.kr/bbs/kdca/55/227576/artclView.do
지침,227575,2017년도 큐열 관리지침,2017.06.12,https://www.kdca.go.kr/bbs/kdca/55/227575/artclView.do
지침,227574,2017년도 유비저 관리지침,2017.06.12,https://www.kdca.go.kr/bbs/kdca/55/227574/artclView.do
서식,228445,감염병신고서식(2017.6.3 기준),2017.06.02,https://www.kdca.go.kr/bbs/kdca/57/228445/artclView.do
지침,227573,"2017년도 의료관련감염병(VRSA, CRE) 관리지침",2017.06.01,https://www.kdca.go.kr/bbs/kdca/55/227573/artclView.do
지침,227572,2017년도 C형간염 관리지침,2017.06.01,https://www.kdca.go.kr/bbs/kdca/55/227572/artclView.do
지침,227571,2017년 감염병 관리사업 지침,2017.05.30,https://www.kdca.go.kr/bbs/kdca/55/227571/artclView.do
지침,227570,결핵 진료지침 (3판),2017.05.25,https://www.kdca.go.kr/bbs/kdca/55/227570/artclView.do
지침,227569,"2017년도 엔테로바이러스 감염증, 수족구병 관리지침",2017.05.23,https://www.kdca.go.kr/bbs/kdca/55/227569/artclView.do
지침,227568,예방접종대상 감염병의 역학과 관리 지침 (2017년 개정판),2017.05.12,https://www.kdca.go.kr/bbs/kdca/55/227568/artclView.do
지침,227567,법정감염병 진단검사 통합지침,2017.05.12,https://www.kdca.go.kr/bbs/kdca/55/227567/artclView.do
지침,227566,2017년 말라리아 관리지침,2017.05.10,https://www.kdca.go.kr/bbs/kdca/55/227566/artclView.do
지침,227565,2017년 설치류 매개감염병 관리지침,2017.05.10,https://www.kdca.go.kr/bbs/kdca/55/227565/artclView.do
지침,227564,2017년 진드기 매개감염병 관리지침,2017.05.10,https://www.kdca.go.kr/bbs/kdca/55/227564/artclView.do
지침,227563,[연구기획과] 정책연구용역사업 운영규정 및 관리안내,2017.05.04,https://www.kdca.go.kr/bbs/kdca/55/227563/artclView.do
서식,228444,[연구기획과] 정책연구용역사업 서식,2017.05.04,https://www.kdca.go.kr/bbs/kdca/57/228444/artclView.do
지침,227562,2017 한센사업지침,2017.04.19,https://www.kdca.go.kr/bbs/kdca/55/227562/artclView.do
지침,227561,2017 국가결핵관리지침 발간,2017.04.17,https://www.kdca.go.kr/bbs/kdca/55/227561/artclView.do
지침,227560,예방접종대상 감염병 사업관리 지침,2017.04.10,https://www.kdca.go.kr/bbs/kdca/55/227560/artclView.do
지침,227559,'진단용 방사선 안전관리 규정' 개정 고시,2017.04.10,https://www.kdca.go.kr/bbs/kdca/55/227559/artclView.do
지침,227558,2017 조류인플루엔자 인체감염 예방 및 관리지침,2017.04.10,https://www.kdca.go.kr/bbs/kdca/55/227558/artclView.do
지침,227557,2017년 소아 청소년 하기도 감염의 항생제 사용지침,2017.04.06,https://www.kdca.go.kr/bbs/kdca/55/227557/artclView.do
지침,227556,지역별 거점병원 운영과 관리 지침(2017),2017.04.03,https://www.kdca.go.kr/bbs/kdca/55/227556/artclView.do
공지사항,221104,권역감염병 전문병원 사업설명회 자료,2017.03.31,https://www.kdca.go.kr/bbs/kdca/50/221104/artclView.do
지침,227555,2017년 시도 심뇌혈관질환예방관리사업 안내,2017.03.30,https://www.kdca.go.kr/bbs/kdca/55/227555/artclView.do
지침,227554,2017년 지역사회 통합건강증진사업 안내[심뇌혈관질환예방관리],2017.03.30,https://www.kdca.go.kr/bbs/kdca/55/227554/artclView.do
지침,227553,2017년 고혈압.당뇨병 등록관리사업 표준 실무지침,2017.03.30,https://www.kdca.go.kr/bbs/kdca/55/227553/artclView.do
지침,227552,2017 메르스 대응지침(4-2판),2017.03.29,https://www.kdca.go.kr/bbs/kdca/55/227552/artclView.do
지침,227551,생물안전 3·4등급 연구시설 검증 기술서(2014),2017.03.21,https://www.kdca.go.kr/bbs/kdca/55/227551/artclView.do
지침,227550,동물이용 생물안전 3등급 연구시설 설치·운영 해설서(2016),2017.03.21,https://www.kdca.go.kr/bbs/kdca/55/227550/artclView.do
교육자료,218961,2015 한국형 심폐소생술 가이드라인(일러스트),2017.03.21,https://www.kdca.go.kr/bbs/kdca/49/218961/artclView.do
교육자료,218960,2015 한국형 심폐소생술 가이드라인(일반인용),2017.03.21,https://www.kdca.go.kr/bbs/kdca/49/218960/artclView.do
교육자료,218959,2015 한국형 심폐소생술 가이드라인(전문가용),2017.03.21,https://www.kdca.go.kr/bbs/kdca/49/218959/artclView.do
공지사항,221103,2017년도 감염병 병원체·매개체 감시사업 계획 알림,2017.03.21,https://www.kdca.go.kr/bbs/kdca/50/221103/artclView.do
지침,227549,생물안전 1·2등급 연구시설 안전관리지침(2016),2017.03.20,https://www.kdca.go.kr/bbs/kdca/55/227549/artclView.do
공지사항,221102,2017년도 권역감염병 전문병원 지정을 위한 공모계획 알림,2017.03.16,https://www.kdca.go.kr/bbs/kdca/50/221102/artclView.do
지침,227548,유전자재조합실험지침(2017),2017.03.15,https://www.kdca.go.kr/bbs/kdca/55/227548/artclView.do
지침,227547,가임기 여성 및 임신부 지카바이러스 감염 진료 가이드라인 2-1판,2017.03.10,https://www.kdca.go.kr/bbs/kdca/55/227547/artclView.do
교육자료,218958,의사와 함께하는 똑똑한 환자-오래된 고혈압,2017.03.07,https://www.kdca.go.kr/bbs/kdca/49/218958/artclView.do
교육자료,218957,실무자를 위한 고혈압․당뇨병 Q&A,2017.03.07,https://www.kdca.go.kr/bbs/kdca/49/218957/artclView.do
교육자료,218956,고혈압․당뇨병 건강상담 매뉴얼,2017.03.07,https://www.kdca.go.kr/bbs/kdca/49/218956/artclView.do
지침,227546,2017년 희귀질환자 의료비지원사업 안내 지침,2017.02.24,https://www.kdca.go.kr/bbs/kdca/55/227546/artclView.do
서식,228443,2017년 희귀질환자 의료비지원사업 민원서식,2017.02.24,https://www.kdca.go.kr/bbs/kdca/57/228443/artclView.do
지침,227545,공중보건 위기소통 표준운영절차(SOP)_영문,2017.02.23,https://www.kdca.go.kr/bbs/kdca/55/227545/artclView.do
지침,227544,공중보건 위기소통 지침_영문,2017.02.23,https://www.kdca.go.kr/bbs/kdca/55/227544/artclView.do
지침,227543,라싸열 대응지침(제1판),2017.02.22,https://www.kdca.go.kr/bbs/kdca/55/227543/artclView.do
지침,227542,국가지정입원치료병상 운영과 관리 지침,2017.02.14,https://www.kdca.go.kr/bbs/kdca/55/227542/artclView.do
지침,227541,"병원체생물안전정보집(제2,3,4위험군)",2017.02.14,https://www.kdca.go.kr/bbs/kdca/55/227541/artclView.do
공지사항,221100,2017년 감염병 시험의뢰 검체 안전 운송 지원 알림,2017.02.14,https://www.kdca.go.kr/bbs/kdca/50/221100/artclView.do
교육자료,218955,수치로 보는 여성건강 2016,2017.02.10,https://www.kdca.go.kr/bbs/kdca/49/218955/artclView.do
지침,227540,공중보건 위기소통 지침_국문,2017.02.06,https://www.kdca.go.kr/bbs/kdca/55/227540/artclView.do
지침,227539,공중보건 위기소통 표준운영절차(SOP)_국문,2017.02.06,https://www.kdca.go.kr/bbs/kdca/55/227539/artclView.do
공지사항,221099,검역감염병 오염지역 변경 안내(2017.2.10.시행),2017.02.06,https://www.kdca.go.kr/bbs/kdca/50/221099/artclView.do
지침,227538,2016년 성매개감염진료지침,2017.01.13,https://www.kdca.go.kr/bbs/kdca/55/227538/artclView.do
지침,227537,고위험병원체 취급 및 보존 안전관리 가이드(2016),2017.01.09,https://www.kdca.go.kr/bbs/kdca/55/227537/artclView.do
지침,227536,2017년 어린이 국가예방접종 지원사업 관리지침(의료기관용),2017.01.06,https://www.kdca.go.kr/bbs/kdca/55/227536/artclView.do
서식,228442,연구원 경력증명서 발급 신청,2016.12.31,https://www.kdca.go.kr/bbs/kdca/57/228442/artclView.do
지침,227535,모기 취급 실험실 생물안전 가이드,2016.12.28,https://www.kdca.go.kr/bbs/kdca/55/227535/artclView.do
지침,227534,[혈액] 수혈전파감염의 역학과관리(2016.12 발간),2016.12.19,https://www.kdca.go.kr/bbs/kdca/55/227534/artclView.do
지침,227533,고위험병원체 안전관리 지침 공고(2016-408호),2016.12.14,https://www.kdca.go.kr/bbs/kdca/55/227533/artclView.do
지침,227532,2017 HIV/AIDS 관리지침,2016.12.14,https://www.kdca.go.kr/bbs/kdca/55/227532/artclView.do
지침,227531,2016 건강여성 첫걸음 클리닉 사업 관리 지침(의료기관용),2016.12.12,https://www.kdca.go.kr/bbs/kdca/55/227531/artclView.do
지침,227530,질병관리본부 연구개발과제 성과관리지침,2016.11.28,https://www.kdca.go.kr/bbs/kdca/55/227530/artclView.do
지침,227529,국고보조금 지원 병원장비 관련 지침,2016.11.21,https://www.kdca.go.kr/bbs/kdca/55/227529/artclView.do
지침,227528,2015년 감염병역학조사연보,2016.11.18,https://www.kdca.go.kr/bbs/kdca/55/227528/artclView.do
지침,227527,2016 메르스 대응지침(4-1판),2016.11.15,https://www.kdca.go.kr/bbs/kdca/55/227527/artclView.do
교육자료,218954,당뇨병 임상진료지침 및 환자(일반인)용 교육자료,2016.11.15,https://www.kdca.go.kr/bbs/kdca/49/218954/artclView.do
교육자료,218953,고혈압 임상진료지침 및 환자(일반인)용 교육자료,2016.11.15,https://www.kdca.go.kr/bbs/kdca/49/218953/artclView.do
지침,227526,지카바이러스감염증 진단검사지침(제2판),2016.11.10,https://www.kdca.go.kr/bbs/kdca/55/227526/artclView.do
지침,227525,2016 소아상기도감염항생제지침,2016.11.09,https://www.kdca.go.kr/bbs/kdca/55/227525/artclView.do
지침,227524,2016 의료관련감염병관리지침,2016.11.09,https://www.kdca.go.kr/bbs/kdca/55/227524/artclView.do
지침,227523,법정감염병 진단검사 통합지침,2016.11.08,https://www.kdca.go.kr/bbs/kdca/55/227523/artclView.do
공지사항,221096,제4회 감염병연구포럼(FID 2016) 개최(10.31(월) 13:30~),2016.10.21,https://www.kdca.go.kr/bbs/kdca/50/221096/artclView.do
지침,227522,2016년 C형간염 관리지침_배포용,2016.10.20,https://www.kdca.go.kr/bbs/kdca/55/227522/artclView.do
지침,227521,2016년도 레지오넬라증 관리지침_배포용,2016.10.20,https://www.kdca.go.kr/bbs/kdca/55/227521/artclView.do
공지사항,221095,신종감염병 발생 대비 교육훈련 참고 동영상 안내,2016.10.20,https://www.kdca.go.kr/bbs/kdca/50/221095/artclView.do
지침,227520,지카바이러스 감염증 관리지침 2-1판,2016.10.19,https://www.kdca.go.kr/bbs/kdca/55/227520/artclView.do
지침,227519,지카바이러스 감염증 관리지침 (2-1판),2016.10.19,https://www.kdca.go.kr/bbs/kdca/55/227519/artclView.do
지침,227518,"옴, 머릿니 예방 및 관리 지침",2016.10.19,https://www.kdca.go.kr/bbs/kdca/55/227518/artclView.do
지침,227517,2016-2017절기 인플루엔자 관리지침,2016.10.12,https://www.kdca.go.kr/bbs/kdca/55/227517/artclView.do
공지사항,221086,"알리세요, 해외여행력! 함께해요, 감염병예방!",2016.09.12,https://www.kdca.go.kr/bbs/kdca/50/221086/artclView.do
지침,227516,[혈액] 제4판 수혈가이드라인(2016 전면개정),2016.09.02,https://www.kdca.go.kr/bbs/kdca/55/227516/artclView.do
공지사항,221083,민간의료기관용 메르스 및 지카바이러스감염증 유전자 검사 지침,2016.08.31,https://www.kdca.go.kr/bbs/kdca/50/221083/artclView.do
서식,228441,고위험병원체 반입허가 변경신청서,2016.08.30,https://www.kdca.go.kr/bbs/kdca/57/228441/artclView.do
서식,228440,고위험병원체 반입허가 신청서,2016.08.30,https://www.kdca.go.kr/bbs/kdca/57/228440/artclView.do
서식,228439,고위험병원체 인수신고서,2016.08.30,https://www.kdca.go.kr/bbs/kdca/57/228439/artclView.do
지침,227515,2016년 크로이츠펠트-야콥병(CJD) 관리지침,2016.08.22,https://www.kdca.go.kr/bbs/kdca/55/227515/artclView.do
지침,227514,배아생성의료기관 표준운영지침(20160802),2016.08.22,https://www.kdca.go.kr/bbs/kdca/55/227514/artclView.do
지침,227513,2016 메르스 대응지침(4판),2016.08.10,https://www.kdca.go.kr/bbs/kdca/55/227513/artclView.do
서식,228438,소규모 유행 역학조사 결과보고서 양식(2018),2016.08.09,https://www.kdca.go.kr/bbs/kdca/57/228438/artclView.do
지침,227512,2016 중증열성혈소판감소증후군(SFTS) 의료진용 진료지침 권고안,2016.07.20,https://www.kdca.go.kr/bbs/kdca/55/227512/artclView.do
지침,227511,시·도 심뇌혈관질환 예방관리사업 안내(2016),2016.07.07,https://www.kdca.go.kr/bbs/kdca/55/227511/artclView.do
지침,227510,고혈압·당뇨병 등록·관리사업 표준 실무지침(2016),2016.07.07,https://www.kdca.go.kr/bbs/kdca/55/227510/artclView.do
지침,227509,지역사회 통합건강증진사업 안내[심뇌혈관질환 예방관리](2016),2016.07.07,https://www.kdca.go.kr/bbs/kdca/55/227509/artclView.do
공지사항,221072,브라질 올림픽 대비 예방접종기관 알림,2016.07.07,https://www.kdca.go.kr/bbs/kdca/50/221072/artclView.do
공지사항,221070,감염병예방법에 따른 고위험병원체 종류 변경사항 안내,2016.07.06,https://www.kdca.go.kr/bbs/kdca/50/221070/artclView.do
지침,227508,아토피·천식 안심학교 운영안내서(2016),2016.07.01,https://www.kdca.go.kr/bbs/kdca/55/227508/artclView.do
지침,227507,지역사회 통합건강증진사업 안내[아토피·천식 예방관리](2016),2016.07.01,https://www.kdca.go.kr/bbs/kdca/55/227507/artclView.do
지침,227506,인체유래물은행 표준운영지침,2016.06.30,https://www.kdca.go.kr/bbs/kdca/55/227506/artclView.do
지침,227505,국립중앙인체자원은행 인체자원 폐기지침,2016.06.30,https://www.kdca.go.kr/bbs/kdca/55/227505/artclView.do
지침,227504,국립중앙인체자원은행 인체자원 기탁·위탁지침,2016.06.30,https://www.kdca.go.kr/bbs/kdca/55/227504/artclView.do
지침,227503,국립중앙인체자원은행 운영·관리 규정,2016.06.30,https://www.kdca.go.kr/bbs/kdca/55/227503/artclView.do
지침,227502,국립중앙인체자원은행 시설 및 저장장비 표준운영지침,2016.06.30,https://www.kdca.go.kr/bbs/kdca/55/227502/artclView.do
지침,227501,국립중앙인체자원은행 인체자원 정도관리지침,2016.06.30,https://www.kdca.go.kr/bbs/kdca/55/227501/artclView.do
지침,227500,인체유래물은행 표준운영지침(2013.12),2016.06.30,https://www.kdca.go.kr/bbs/kdca/55/227500/artclView.do
지침,227499,배아생성의료기관 표준운영안내(2013.12),2016.06.30,https://www.kdca.go.kr/bbs/kdca/55/227499/artclView.do
지침,227498,생명윤리법관련기관운영지침(13년12월),2016.06.30,https://www.kdca.go.kr/bbs/kdca/55/227498/artclView.do
지침,227497,2016 장기·인체조직 등록기관 업무가이드,2016.06.29,https://www.kdca.go.kr/bbs/kdca/55/227497/artclView.do
지침,227496,2016년도 인수공통감염병 관리지침,2016.06.23,https://www.kdca.go.kr/bbs/kdca/55/227496/artclView.do
지침,227495,2016 진드기 및 설치류 매개 감염병 관리지침,2016.06.23,https://www.kdca.go.kr/bbs/kdca/55/227495/artclView.do
지침,227494,에볼라바이러스병 대응지침(제6판),2016.06.21,https://www.kdca.go.kr/bbs/kdca/55/227494/artclView.do
지침,227493,2016년도 감염병관리사업 지침,2016.06.21,https://www.kdca.go.kr/bbs/kdca/55/227493/artclView.do
공지사항,221069,자궁경부암 예방접종 바로알기 (백신 안전성에 대한 오해와 진실),2016.06.21,https://www.kdca.go.kr/bbs/kdca/50/221069/artclView.do
지침,227492,2016년도 바이러스성 모기매개 감염병 관리지침,2016.06.16,https://www.kdca.go.kr/bbs/kdca/55/227492/artclView.do
지침,227491,실험실 생물안전 지침(2016),2016.06.15,https://www.kdca.go.kr/bbs/kdca/55/227491/artclView.do
지침,227490,2016 수인성 및 식품매개질환관리지침,2016.06.14,https://www.kdca.go.kr/bbs/kdca/55/227490/artclView.do
지침,227489,2016년 유비저 관리지침,2016.06.10,https://www.kdca.go.kr/bbs/kdca/55/227489/artclView.do
지침,227488,2016년도 수족구병 관리지침,2016.06.10,https://www.kdca.go.kr/bbs/kdca/55/227488/artclView.do
지침,227487,2016년 노인 폐렴구균 예방접종사업 관리 지침,2016.06.08,https://www.kdca.go.kr/bbs/kdca/55/227487/artclView.do
지침,227486,지카바이러스 감염증 관리지침 (2판),2016.05.31,https://www.kdca.go.kr/bbs/kdca/55/227486/artclView.do
서식,228436,2016년 수인성식품매개질환지침 서식,2016.05.31,https://www.kdca.go.kr/bbs/kdca/57/228436/artclView.do
지침,227485,2016년도 말라리아 관리지침,2016.05.24,https://www.kdca.go.kr/bbs/kdca/55/227485/artclView.do
지침,227484,지카바이러스감염증 진단검사지침 제1-2판,2016.05.11,https://www.kdca.go.kr/bbs/kdca/55/227484/artclView.do
지침,227483,2016 조류인플루엔자 인체감염 예방 및 관리지침,2016.05.09,https://www.kdca.go.kr/bbs/kdca/55/227483/artclView.do
지침,227482,MERS 대응 지침(4판),2016.05.09,https://www.kdca.go.kr/bbs/kdca/55/227482/artclView.do
지침,227481,지카바이러스 감염증 관리지침 2판,2016.05.09,https://www.kdca.go.kr/bbs/kdca/55/227481/artclView.do
공지사항,221067,감염병의 진단기준 고시 일부개정 발령(2016-2호) 안내,2016.05.09,https://www.kdca.go.kr/bbs/kdca/50/221067/artclView.do
지침,227480,지카바이러스 관리지침 제1-2판,2016.05.04,https://www.kdca.go.kr/bbs/kdca/55/227480/artclView.do
지침,227479,국립중앙인체자원은행 인체자원 분양지침,2016.04.29,https://www.kdca.go.kr/bbs/kdca/55/227479/artclView.do
지침,227478,2016년 조류인플루엔자 인체감염 예방 및 관리지침,2016.04.27,https://www.kdca.go.kr/bbs/kdca/55/227478/artclView.do
교육자료,218952,2015년 당뇨병 표준교육자료,2016.04.07,https://www.kdca.go.kr/bbs/kdca/49/218952/artclView.do
교육자료,218951,2015년 고혈압 표준교육자료,2016.04.07,https://www.kdca.go.kr/bbs/kdca/49/218951/artclView.do
지침,227477,가임기 여성 및 임신부 지카바이러스 감염 진료 가이드라인 1-1판,2016.03.29,https://www.kdca.go.kr/bbs/kdca/55/227477/artclView.do
지침,227476,감염병의 분류 및 종류(2016.1.29 기준),2016.03.29,https://www.kdca.go.kr/bbs/kdca/55/227476/artclView.do
지침,227475,지카바이러스 진단검사지침,2016.03.21,https://www.kdca.go.kr/bbs/kdca/55/227475/artclView.do
지침,227474,흰줄숲모기 방제 관리 지침 배포,2016.03.10,https://www.kdca.go.kr/bbs/kdca/55/227474/artclView.do
지침,227473,2016 국가결핵관리지침 발간 알림,2016.03.04,https://www.kdca.go.kr/bbs/kdca/55/227473/artclView.do
지침,227472,흰줄숲모기 유충 방제 관리 지침 배포,2016.02.29,https://www.kdca.go.kr/bbs/kdca/55/227472/artclView.do
공지사항,221061,감염병의 진단기준 고시 개정 발령,2016.02.14,https://www.kdca.go.kr/bbs/kdca/50/221061/artclView.do
지침,227471,'2016년 의료기관 결핵관리 안내' 공유,2016.02.12,https://www.kdca.go.kr/bbs/kdca/55/227471/artclView.do
서식,228435,감염병신고서식(2016.1.29 기준),2016.02.02,https://www.kdca.go.kr/bbs/kdca/57/228435/artclView.do
지침,227470,2016년 메르스(MERS) 대응지침 제3-6판,2016.01.29,https://www.kdca.go.kr/bbs/kdca/55/227470/artclView.do
지침,227469,[혈액] 특정수혈부작용 조사지침 9차개정본(2016년 개정),2016.01.20,https://www.kdca.go.kr/bbs/kdca/55/227469/artclView.do
지침,227468,[혈액] 메르스 완치자 혈장채혈지침(2016.1 제정),2016.01.19,https://www.kdca.go.kr/bbs/kdca/55/227468/artclView.do
지침,227467,[혈액] 수혈에 의한 세균감염 예방 및 발생 의심 시 의료기관 대응절차 가이드라인(2016.1 제정),2016.01.19,https://www.kdca.go.kr/bbs/kdca/55/227467/artclView.do
지침,227466,"생물안전 1,2등급 연구시설 안전 관리 지침(2015)",2016.01.19,https://www.kdca.go.kr/bbs/kdca/55/227466/artclView.do
지침,227465,2016년 성매개감염병 관리지침(개정안),2016.01.06,https://www.kdca.go.kr/bbs/kdca/55/227465/artclView.do
지침,227464,백일해 통합관리지침,2016.01.06,https://www.kdca.go.kr/bbs/kdca/55/227464/artclView.do
서식,228434,감염병신고서식(2016.1.7 기준),2016.01.06,https://www.kdca.go.kr/bbs/kdca/57/228434/artclView.do
지침,227463,"2016년도 B형간염 주산기감염 예방사업 안내(보건소용, 의료기관용)",2016.01.05,https://www.kdca.go.kr/bbs/kdca/55/227463/artclView.do
지침,227462,2016 병원체검사결과 신고안내,2016.01.04,https://www.kdca.go.kr/bbs/kdca/55/227462/artclView.do
지침,227461,2016 검역업무지침,2015.12.28,https://www.kdca.go.kr/bbs/kdca/55/227461/artclView.do
지침,227460,2016년 한센 사업 지침,2015.12.28,https://www.kdca.go.kr/bbs/kdca/55/227460/artclView.do
지침,227459,2016년 표본감시감염병 신고안내,2015.12.28,https://www.kdca.go.kr/bbs/kdca/55/227459/artclView.do
지침,227458,2016년 에이즈(HIV/AIDS) 관리지침,2015.12.28,https://www.kdca.go.kr/bbs/kdca/55/227458/artclView.do
교육자료,218950,"실무자를 위한 고혈압, 당뇨병 교육모듈",2015.12.28,https://www.kdca.go.kr/bbs/kdca/49/218950/artclView.do
지침,227457,2016 법정감염병 진단 신고기준,2015.12.21,https://www.kdca.go.kr/bbs/kdca/55/227457/artclView.do
지침,227456,2016년 에이즈 관련 민간경상보조사업 관리지침,2015.12.21,https://www.kdca.go.kr/bbs/kdca/55/227456/artclView.do
지침,227455,수인성식품매개질환 실험실 진단 실무 지침 2015,2015.12.15,https://www.kdca.go.kr/bbs/kdca/55/227455/artclView.do
공지사항,221058,질병관리본부 역학조사관 채용 예정 알림,2015.12.02,https://www.kdca.go.kr/bbs/kdca/50/221058/artclView.do
교육자료,218949,소화성궤양 예방과 관리를 위한 생활수칙 및 자주 하는 질문,2015.11.16,https://www.kdca.go.kr/bbs/kdca/49/218949/artclView.do
교육자료,218948,만성폐쇄성폐질환 예방과 관리를 위한 수칙 및 자주 하는 질문,2015.11.16,https://www.kdca.go.kr/bbs/kdca/49/218948/artclView.do
지침,227454,"[지침] 감염성물질 안전수송 지침(개정2판,2015)",2015.10.29,https://www.kdca.go.kr/bbs/kdca/55/227454/artclView.do
지침,227453,지역사회 비누로 손씻기 홍보사업 가이드,2015.10.21,https://www.kdca.go.kr/bbs/kdca/55/227453/artclView.do
지침,227452,2015년 시도 심뇌혈관질환 예방관리사업 안내,2015.10.19,https://www.kdca.go.kr/bbs/kdca/55/227452/artclView.do
지침,227451,2015년 고혈압·당뇨병 등록·관리사업 표준 실무지침,2015.10.19,https://www.kdca.go.kr/bbs/kdca/55/227451/artclView.do
교육자료,218947,1차 의료기관 의사용 만성콩팥병 예방관리 가이드라인 및 요약집,2015.10.19,https://www.kdca.go.kr/bbs/kdca/49/218947/artclView.do
교육자료,218946,2015년 급성심장정지 및 중증손상(외상)조사 심포지엄 발표자료(2)_중증손상(외상)조사,2015.10.15,https://www.kdca.go.kr/bbs/kdca/49/218946/artclView.do
교육자료,218945,2015년 급성심장정지 및 중증손상(외상)조사 심포지엄 발표자료(1)_급성심장정지조사,2015.10.14,https://www.kdca.go.kr/bbs/kdca/49/218945/artclView.do
공지사항,221053,국제공인예방접종지정기관 지정 공고,2015.09.18,https://www.kdca.go.kr/bbs/kdca/50/221053/artclView.do
교육자료,218944,여성건강통계집_수치로 보는 여성건강,2015.09.11,https://www.kdca.go.kr/bbs/kdca/49/218944/artclView.do
교육자료,218943,갱년기 바르게 알고 관리하기,2015.09.11,https://www.kdca.go.kr/bbs/kdca/49/218943/artclView.do
지침,227450,백일해 통합관리지침(제 2판),2015.09.09,https://www.kdca.go.kr/bbs/kdca/55/227450/artclView.do
지침,227449,[지침] 고위험병원체 안전관리 지침 (2015-93호),2015.09.07,https://www.kdca.go.kr/bbs/kdca/55/227449/artclView.do
공지사항,221050,국제공인예방접종지정기관 지정 공고,2015.07.31,https://www.kdca.go.kr/bbs/kdca/50/221050/artclView.do
지침,227448,2015년 수인성식품매개질환 역학조사 지침,2015.07.20,https://www.kdca.go.kr/bbs/kdca/55/227448/artclView.do
지침,227447,'14-'15절기 인플루엔자 관리지침,2015.07.10,https://www.kdca.go.kr/bbs/kdca/55/227447/artclView.do
지침,227446,[지침]유전자재조합실험지침(보건복지부고시 제2014-201호),2015.07.03,https://www.kdca.go.kr/bbs/kdca/55/227446/artclView.do
지침,227445,2015 한센사업지침,2015.07.02,https://www.kdca.go.kr/bbs/kdca/55/227445/artclView.do
서식,228437,결핵환자등 신고보고서(2015.06.30),2015.06.30,https://www.kdca.go.kr/bbs/kdca/57/228437/artclView.do
지침,227444,2015년 지역사회 통합건강증진사업 안내서[심뇌혈관질환 예방관리],2015.06.26,https://www.kdca.go.kr/bbs/kdca/55/227444/artclView.do
서식,228433,MERS 검체정보서(검체의뢰서)양식,2015.06.11,https://www.kdca.go.kr/bbs/kdca/57/228433/artclView.do
지침,227443,HIV/AIDS진료지침(개정),2015.05.29,https://www.kdca.go.kr/bbs/kdca/55/227443/artclView.do
지침,227442,2015년도 국내 말라리아 관리지침,2015.05.26,https://www.kdca.go.kr/bbs/kdca/55/227442/artclView.do
지침,227441,2015년도 진드기 및 설치류 매개 감염병 관리지침,2015.05.19,https://www.kdca.go.kr/bbs/kdca/55/227441/artclView.do
지침,227440,2015년 에이즈(HIV/AIDS) 관리지침,2015.04.23,https://www.kdca.go.kr/bbs/kdca/55/227440/artclView.do
지침,227439,2015 검역업무지침,2015.04.15,https://www.kdca.go.kr/bbs/kdca/55/227439/artclView.do
공지사항,221045,에볼라바이러스병 대응지침(국가격리병상용),2015.03.31,https://www.kdca.go.kr/bbs/kdca/50/221045/artclView.do
공지사항,221044,에볼라바이러스병대응지침(일반의료기관용),2015.03.31,https://www.kdca.go.kr/bbs/kdca/50/221044/artclView.do
지침,227438,공수병 역학과 관리,2015.03.27,https://www.kdca.go.kr/bbs/kdca/55/227438/artclView.do
지침,227437,2014 예방접종대상 감염병 사업관리 지침,2015.03.25,https://www.kdca.go.kr/bbs/kdca/55/227437/artclView.do
교육자료,218942,일반인 심폐소생술 표준 교육프로그램,2015.03.23,https://www.kdca.go.kr/bbs/kdca/49/218942/artclView.do
지침,227436,장기등 기증자 등 지원한도액,2015.02.23,https://www.kdca.go.kr/bbs/kdca/55/227436/artclView.do
서식,228432,에볼라바이러스병 관련 서식(에볼라대응지침 5-1판 서식),2015.02.11,https://www.kdca.go.kr/bbs/kdca/57/228432/artclView.do
지침,227435,2015 노인 폐렴구균 예방접종사업 관리지침,2015.02.03,https://www.kdca.go.kr/bbs/kdca/55/227435/artclView.do
지침,227434,2015 해외여행을 위한 말라리아 예방지침 개정본,2015.01.30,https://www.kdca.go.kr/bbs/kdca/55/227434/artclView.do
지침,227433,질병관리본부 기관생명윤리위원회 표준운영지침서,2015.01.28,https://www.kdca.go.kr/bbs/kdca/55/227433/artclView.do
지침,227432,2015년 감염병관리사업지침,2015.01.21,https://www.kdca.go.kr/bbs/kdca/55/227432/artclView.do
공지사항,221039,에볼라바이러스병 대응지침(제5-1판),2015.01.21,https://www.kdca.go.kr/bbs/kdca/50/221039/artclView.do
지침,227431,"법정감염병 표본감시 신고지침(급성호흡기감염증, 장관감염증, 엔테로바이러스감염증)",2015.01.16,https://www.kdca.go.kr/bbs/kdca/55/227431/artclView.do
지침,227430,2015년 영유아 건강검진 검진의사 매뉴얼,2015.01.14,https://www.kdca.go.kr/bbs/kdca/55/227430/artclView.do
공지사항,221037,에볼라바이러스병 대응 감염병관리담당자 교육자료,2015.01.02,https://www.kdca.go.kr/bbs/kdca/50/221037/artclView.do
지침,227429,생물안전 3등급 연구시설 안전관리 지침(2014),2014.12.31,https://www.kdca.go.kr/bbs/kdca/55/227429/artclView.do
지침,227428,2015년 결핵관리지침 및 Q&A,2014.12.18,https://www.kdca.go.kr/bbs/kdca/55/227428/artclView.do
지침,227427,「진단용 방사선 안전관리 규정」고시 일부개정 안내,2014.11.24,https://www.kdca.go.kr/bbs/kdca/55/227427/artclView.do
교육자료,218941,에볼라대응 의료기관교육자료(응급센터용) 입니다 ['14.10.30 교육],2014.11.03,https://www.kdca.go.kr/bbs/kdca/49/218941/artclView.do
서식,228431,후천성면역결핍증 신고(보고)서,2014.10.21,https://www.kdca.go.kr/bbs/kdca/57/228431/artclView.do
지침,227426,한국 영유아 발달선별검사 사용 지침서,2014.10.15,https://www.kdca.go.kr/bbs/kdca/55/227426/artclView.do
지침,227425,2014 결핵진료지침(개정판),2014.09.17,https://www.kdca.go.kr/bbs/kdca/55/227425/artclView.do
지침,227424,감염병의진단기준고시 개정알림,2014.09.16,https://www.kdca.go.kr/bbs/kdca/55/227424/artclView.do
서식,228430,감염병발생신고(보고)서,2014.09.16,https://www.kdca.go.kr/bbs/kdca/57/228430/artclView.do
공지사항,221011,에볼라바이러스병 응급의료 대응 지침,2014.09.05,https://www.kdca.go.kr/bbs/kdca/50/221011/artclView.do
지침,227423,고위험병원체안전관리지침,2014.08.29,https://www.kdca.go.kr/bbs/kdca/55/227423/artclView.do
공지사항,221009,일반항공기에서의 에볼라바이러스병 대응지침(영문판),2014.08.28,https://www.kdca.go.kr/bbs/kdca/50/221009/artclView.do
공지사항,221007,일반항공기에서의 에볼라바이러스병 대응지침,2014.08.25,https://www.kdca.go.kr/bbs/kdca/50/221007/artclView.do
공지사항,221002,"에볼라바이러스병 환자의 검사실 검체채취, 안전 및 감염관리 지침(국가지정입원치료격리병상용)",2014.08.21,https://www.kdca.go.kr/bbs/kdca/50/221002/artclView.do
지침,227422,2014년 에볼라병 대응지침(배포판),2014.08.18,https://www.kdca.go.kr/bbs/kdca/55/227422/artclView.do
공지사항,220999,2014년 에볼라병 대응지침(배포용),2014.08.18,https://www.kdca.go.kr/bbs/kdca/50/220999/artclView.do
지침,227421,2014년 주요 감염병 매개 모기 방제 관리지침,2014.08.14,https://www.kdca.go.kr/bbs/kdca/55/227421/artclView.do
지침,227420,2014년 에이즈관련 민간경상보조사업 관리지침,2014.08.12,https://www.kdca.go.kr/bbs/kdca/55/227420/artclView.do
지침,227419,HIV 수직감염 예방약제 보관 및 사용관련 지침,2014.08.12,https://www.kdca.go.kr/bbs/kdca/55/227419/artclView.do
서식,228429,결핵환자등 신고보고서(2014.07.29),2014.07.29,https://www.kdca.go.kr/bbs/kdca/57/228429/artclView.do
서식,228428,[연구기획과] 성과물활용 승인 신청서 서식,2014.07.15,https://www.kdca.go.kr/bbs/kdca/57/228428/artclView.do
공지사항,220989,"해외유입 감염병 증가, 손씻기 등 개인위생 철저",2014.06.26,https://www.kdca.go.kr/bbs/kdca/50/220989/artclView.do
서식,228427,골수이식대기자 등록 서식,2014.06.25,https://www.kdca.go.kr/bbs/kdca/57/228427/artclView.do
지침,227418,2014년 감염병관리사업지침,2014.06.20,https://www.kdca.go.kr/bbs/kdca/55/227418/artclView.do
서식,228426,각막대기자 등록 서식,2014.06.19,https://www.kdca.go.kr/bbs/kdca/57/228426/artclView.do
지침,227417,아토피·천식 안심학교 운영안내서(2014),2014.06.16,https://www.kdca.go.kr/bbs/kdca/55/227417/artclView.do
서식,228425,생물테러감염병 발생 신고서식,2014.06.09,https://www.kdca.go.kr/bbs/kdca/57/228425/artclView.do
지침,227416,홍역관리지침,2014.06.03,https://www.kdca.go.kr/bbs/kdca/55/227416/artclView.do
지침,227415,레지오넬라증 지침,2014.06.03,https://www.kdca.go.kr/bbs/kdca/55/227415/artclView.do
지침,227414,"학교, 의료기관, 보건소용 홍역 관리지침(2014년 5월 개정판)",2014.06.03,https://www.kdca.go.kr/bbs/kdca/55/227414/artclView.do
서식,228424,검시전장기등적출승인요청서,2014.06.02,https://www.kdca.go.kr/bbs/kdca/57/228424/artclView.do
지침,227413,[지침]기관생물안전위원회 구성운영지침(2013),2014.05.30,https://www.kdca.go.kr/bbs/kdca/55/227413/artclView.do
교육자료,218940,고혈압 당뇨병 환자 상담 및 응대 표준 매뉴얼,2014.05.27,https://www.kdca.go.kr/bbs/kdca/49/218940/artclView.do
서식,228423,장기등 적출 통보서,2014.05.22,https://www.kdca.go.kr/bbs/kdca/57/228423/artclView.do
서식,228422,[연구기획과] 질병관리본부 학술연구개발용역과제 서식,2014.05.15,https://www.kdca.go.kr/bbs/kdca/57/228422/artclView.do
지침,227412,진드기 및 설치류 지침,2014.05.08,https://www.kdca.go.kr/bbs/kdca/55/227412/artclView.do
지침,227411,2014한센사업지침,2014.04.30,https://www.kdca.go.kr/bbs/kdca/55/227411/artclView.do
지침,227410,감염성물질 안전수송지침,2014.04.22,https://www.kdca.go.kr/bbs/kdca/55/227410/artclView.do
공지사항,220983,해외여행 전 홍역 예방접종 관련 공지사항,2014.04.18,https://www.kdca.go.kr/bbs/kdca/50/220983/artclView.do
지침,227409,2014 지역사회 통합건강증진사업 안내[아토피·천식 예방관리],2014.04.16,https://www.kdca.go.kr/bbs/kdca/55/227409/artclView.do
지침,227408,장기등 기증자 등 지원에 관한 규정,2014.04.03,https://www.kdca.go.kr/bbs/kdca/55/227408/artclView.do
지침,227407,인체조직기증자 지원에 관한 규정,2014.04.01,https://www.kdca.go.kr/bbs/kdca/55/227407/artclView.do
서식,228421,검체 튜브 라벨,2014.04.01,https://www.kdca.go.kr/bbs/kdca/57/228421/artclView.do
서식,228420,검체 정보지,2014.04.01,https://www.kdca.go.kr/bbs/kdca/57/228420/artclView.do
지침,227406,뇌사자관리 손실보상금 지급 규정,2014.03.31,https://www.kdca.go.kr/bbs/kdca/55/227406/artclView.do
서식,228419,이송용 장기 라벨,2014.03.31,https://www.kdca.go.kr/bbs/kdca/57/228419/artclView.do
서식,228418,검체 이송지,2014.03.31,https://www.kdca.go.kr/bbs/kdca/57/228418/artclView.do
서식,228417,잠재 뇌사자 발생시 CHECK LIST,2014.03.27,https://www.kdca.go.kr/bbs/kdca/57/228417/artclView.do
서식,228416,유급휴가 보상금 신청서,2014.03.27,https://www.kdca.go.kr/bbs/kdca/57/228416/artclView.do
서식,228415,뇌사자관리 손실보상금 신청서,2014.03.27,https://www.kdca.go.kr/bbs/kdca/57/228415/artclView.do
지침,227405,2013년도 장기이식관리 업무안내입니다.,2014.03.26,https://www.kdca.go.kr/bbs/kdca/55/227405/artclView.do
지침,227404,장기이식 업무안내입니다.,2014.03.26,https://www.kdca.go.kr/bbs/kdca/55/227404/artclView.do
지침,227403,감염병의 진단기준 고시(2013-140호),2014.03.19,https://www.kdca.go.kr/bbs/kdca/55/227403/artclView.do
지침,227402,수인성 식품매개질환 실험실 실무지침(2014),2014.03.19,https://www.kdca.go.kr/bbs/kdca/55/227402/artclView.do
지침,227401,2014년 수인성식품매개질환 역학조사 지침,2014.02.26,https://www.kdca.go.kr/bbs/kdca/55/227401/artclView.do
서식,228414,2014년 수인성식품매개질환 역학조사 지침 내 양식 A~D,2014.02.26,https://www.kdca.go.kr/bbs/kdca/57/228414/artclView.do
지침,227400,[연구기획과] 학술연구개발용역과제 관련 규정 및 지침,2014.02.17,https://www.kdca.go.kr/bbs/kdca/55/227400/artclView.do
교육자료,218939,골다공증 예방관리 자주 하는 질문,2014.02.05,https://www.kdca.go.kr/bbs/kdca/49/218939/artclView.do
지침,227399,[연구기획과] 정책연구용역사업 운영규정 및 관리안내,2014.02.04,https://www.kdca.go.kr/bbs/kdca/55/227399/artclView.do
서식,228413,[연구기획과] 정책연구용역사업 서식,2014.02.04,https://www.kdca.go.kr/bbs/kdca/57/228413/artclView.do
지침,227398,2014 해외 여행을 위한 말라리아 예방지침,2014.01.17,https://www.kdca.go.kr/bbs/kdca/55/227398/artclView.do
지침,227397,2012년 주요 감염병 매개 모기 방제 관리지침,2014.01.06,https://www.kdca.go.kr/bbs/kdca/55/227397/artclView.do
지침,227396,2014 법정감염병 진단신고 기준,2014.01.03,https://www.kdca.go.kr/bbs/kdca/55/227396/artclView.do
지침,227395,안과감염병 표본감시 안내,2014.01.03,https://www.kdca.go.kr/bbs/kdca/55/227395/artclView.do
지침,227394,인플루엔자 및 수족구병 표본감시 안내,2014.01.03,https://www.kdca.go.kr/bbs/kdca/55/227394/artclView.do
서식,228412,"인플루엔자 및 수족구병, 안과감염병 표본감시 신고 서식",2014.01.03,https://www.kdca.go.kr/bbs/kdca/57/228412/artclView.do
서식,228411,"장관감염증, 엔테로바이러스 감염증 신고서식",2014.01.03,https://www.kdca.go.kr/bbs/kdca/57/228411/artclView.do
지침,227393,엔테로바이러스감염증 표본감시 안내,2014.01.02,https://www.kdca.go.kr/bbs/kdca/55/227393/artclView.do
지침,227392,장관감염증 표본감시 안내,2014.01.02,https://www.kdca.go.kr/bbs/kdca/55/227392/artclView.do
지침,227391,급성호흡기감염증 표본감시 안내,2014.01.02,https://www.kdca.go.kr/bbs/kdca/55/227391/artclView.do
서식,228410,급성호흡기감염증 표본감시 신고서,2014.01.02,https://www.kdca.go.kr/bbs/kdca/57/228410/artclView.do
공지사항,220973,「기관생물안전위원회 구성․운영 지침」개정 공지,2013.12.17,https://www.kdca.go.kr/bbs/kdca/50/220973/artclView.do
공지사항,220972,「감염성물질 안전수송 지침」공지,2013.12.17,https://www.kdca.go.kr/bbs/kdca/50/220972/artclView.do
공지사항,220968,예방접종등록관리 정보시스템 고도화에 따른 시스템 오픈 안내,2013.12.16,https://www.kdca.go.kr/bbs/kdca/50/220968/artclView.do
교육자료,218938,심정지 발생 시 초기 대응 국민 행동 지침(e-book),2013.12.05,https://www.kdca.go.kr/bbs/kdca/49/218938/artclView.do
교육자료,218937,학동기 소아 천식의 관리(e-book),2013.12.05,https://www.kdca.go.kr/bbs/kdca/49/218937/artclView.do
교육자료,218936,학교에서의 천식발작 응급대처법 매뉴얼(e-book),2013.12.05,https://www.kdca.go.kr/bbs/kdca/49/218936/artclView.do
교육자료,218935,천식발작 응급대처법 매뉴얼(e-book),2013.12.05,https://www.kdca.go.kr/bbs/kdca/49/218935/artclView.do
교육자료,218934,알레르기비염의 올바른 치료와 관리(e-book),2013.12.05,https://www.kdca.go.kr/bbs/kdca/49/218934/artclView.do
교육자료,218933,아토피피부염 제대로 관리하기(e-book),2013.12.05,https://www.kdca.go.kr/bbs/kdca/49/218933/artclView.do
교육자료,218932,성인천식(e-book),2013.12.05,https://www.kdca.go.kr/bbs/kdca/49/218932/artclView.do
교육자료,218931,수면무호흡증 예방 관리 자주 하는 질문(e-book),2013.12.05,https://www.kdca.go.kr/bbs/kdca/49/218931/artclView.do
교육자료,218930,만성콩팥병 예방 관리 자주 하는 질문(e-book),2013.12.05,https://www.kdca.go.kr/bbs/kdca/49/218930/artclView.do
교육자료,218929,눈 건강 관리 자주 하는 질문(e-book),2013.12.05,https://www.kdca.go.kr/bbs/kdca/49/218929/artclView.do
교육자료,218928,난청 예방 관리 자주 하는 질문(e-book),2013.12.05,https://www.kdca.go.kr/bbs/kdca/49/218928/artclView.do
교육자료,218927,관절염 예방 관리 자주 하는 질문(e-book),2013.12.05,https://www.kdca.go.kr/bbs/kdca/49/218927/artclView.do
교육자료,218926,만성콩팥병 예방과 관리를 위한 9대 생활 수칙(e-book),2013.12.05,https://www.kdca.go.kr/bbs/kdca/49/218926/artclView.do
교육자료,218925,심뇌혈관질환 예방과 관리를 위한 9대 생활 수칙(e-book),2013.12.05,https://www.kdca.go.kr/bbs/kdca/49/218925/artclView.do
교육자료,218924,수면무호흡증 예방과 관리를 위한 5대 생활 수칙(e-book),2013.12.05,https://www.kdca.go.kr/bbs/kdca/49/218924/artclView.do
교육자료,218923,눈 건강관리를 위한 9대 생활 수칙(e-book),2013.12.05,https://www.kdca.go.kr/bbs/kdca/49/218923/artclView.do
교육자료,218922,난청 예방과 관리를 위한 7대 생활 수칙(e-book),2013.12.05,https://www.kdca.go.kr/bbs/kdca/49/218922/artclView.do
교육자료,218921,관절염 예방과 관리를 위한 6대 생활 수칙(e-book),2013.12.05,https://www.kdca.go.kr/bbs/kdca/49/218921/artclView.do
교육자료,218920,골다공증 예방과 관리를 위한 7대 생활 수칙(e-book),2013.12.05,https://www.kdca.go.kr/bbs/kdca/49/218920/artclView.do
서식,228409,특정수혈부작용 발생 신고서 서식,2013.11.11,https://www.kdca.go.kr/bbs/kdca/57/228409/artclView.do
지침,227390,2013년 성매개감염병 관리지침,2013.10.15,https://www.kdca.go.kr/bbs/kdca/55/227390/artclView.do
서식,228408,감염병발생 신고서식(별지 제1호 서식),2013.09.23,https://www.kdca.go.kr/bbs/kdca/57/228408/artclView.do
공지사항,220965,감염병의 진단기준 고시(2013-140호) 일부개정 알림,2013.09.17,https://www.kdca.go.kr/bbs/kdca/50/220965/artclView.do
지침,227389,HIV 수직감염 예방약제 보관 및 사용관련 지침,2013.09.12,https://www.kdca.go.kr/bbs/kdca/55/227389/artclView.do
서식,228407,결핵환자등 신고보고서(2013),2013.08.28,https://www.kdca.go.kr/bbs/kdca/57/228407/artclView.do
교육자료,218919,심뇌혈관질환 예방관리수칙 교육 플래시 애니메이션,2013.08.22,https://www.kdca.go.kr/bbs/kdca/49/218919/artclView.do
지침,227388,2013년 결핵검사지침,2013.08.09,https://www.kdca.go.kr/bbs/kdca/55/227388/artclView.do
지침,227387,2013년 검역업무지침,2013.08.01,https://www.kdca.go.kr/bbs/kdca/55/227387/artclView.do
지침,227386,2013 HIV/AIDS 관리지침,2013.07.16,https://www.kdca.go.kr/bbs/kdca/55/227386/artclView.do
지침,227385,중증열성혈소판감소증후군(SFTS) 진단신고기준 개정(7.1시행),2013.07.09,https://www.kdca.go.kr/bbs/kdca/55/227385/artclView.do
서식,228406,방사선 관계 종사자 개인 피폭선량 기록 확인 신청 안내,2013.07.09,https://www.kdca.go.kr/bbs/kdca/57/228406/artclView.do
지침,227384,2013 말라리아 관리 지침,2013.06.27,https://www.kdca.go.kr/bbs/kdca/55/227384/artclView.do
교육자료,218918,법정감염병진단신고기준 제4군 교육자료,2013.06.27,https://www.kdca.go.kr/bbs/kdca/49/218918/artclView.do
교육자료,218917,법정감염병진단신고기준 제3군 교육자료,2013.06.27,https://www.kdca.go.kr/bbs/kdca/49/218917/artclView.do
교육자료,218916,법정감염병진단신고기준 제2군 교육자료,2013.06.27,https://www.kdca.go.kr/bbs/kdca/49/218916/artclView.do
교육자료,218915,법정감염병진단신고기준 제1군 교육자료,2013.06.27,https://www.kdca.go.kr/bbs/kdca/49/218915/artclView.do
지침,227383,예방접종 대상 감염병의 역학과 관리 2013년 수정판,2013.06.19,https://www.kdca.go.kr/bbs/kdca/55/227383/artclView.do
지침,227382,질병관리본부 예규집(201306),2013.06.12,https://www.kdca.go.kr/bbs/kdca/55/227382/artclView.do
공지사항,220956,"2013년 ""전국 예방접종률 조사"" 실시 안내",2013.06.10,https://www.kdca.go.kr/bbs/kdca/50/220956/artclView.do
공지사항,220951,심폐소생술 표준 교육프로그램 배포 안내,2013.05.23,https://www.kdca.go.kr/bbs/kdca/50/220951/artclView.do
교육자료,218914,심폐소생술 표준 교육프로그램,2013.05.22,https://www.kdca.go.kr/bbs/kdca/49/218914/artclView.do
지침,227381,조류인플루엔자 A(H7N9) 인체감염증 예방 및 관리지침,2013.05.07,https://www.kdca.go.kr/bbs/kdca/55/227381/artclView.do
공지사항,220944,「병원체 및 감염성물질 수송 가이드(안)」 공지 및 의견 수렴,2013.04.23,https://www.kdca.go.kr/bbs/kdca/50/220944/artclView.do
지침,227380,2013년 학교 결핵관리지침,2013.04.22,https://www.kdca.go.kr/bbs/kdca/55/227380/artclView.do
공지사항,220943,중국 조류인플루엔자(H7N9) 인체감염자 발생에 따른 감염병 감시 강화 요청,2013.04.18,https://www.kdca.go.kr/bbs/kdca/50/220943/artclView.do
서식,228405,"체세포복제배아등의 연구기관 등록신청 및 변경신고, 폐업신고 안내",2013.04.16,https://www.kdca.go.kr/bbs/kdca/57/228405/artclView.do
서식,228404,"배아연구기관 등록신청 및 변경신고, 폐업신고 안내",2013.04.16,https://www.kdca.go.kr/bbs/kdca/57/228404/artclView.do
서식,228403,"배아생성의료기관 지정신청 및 변경신고, 휴·폐업신고 안내",2013.04.16,https://www.kdca.go.kr/bbs/kdca/57/228403/artclView.do
서식,228402,기관위원회 등록 안내,2013.04.15,https://www.kdca.go.kr/bbs/kdca/57/228402/artclView.do
지침,227379,2013년 감염병관리사업지침,2013.04.10,https://www.kdca.go.kr/bbs/kdca/55/227379/artclView.do
공지사항,220940,'제3회 범부처 감염병 국제 컨퍼런스' 오송심포지움 2013(OSID 2013) 9월 개최 안내,2013.04.01,https://www.kdca.go.kr/bbs/kdca/50/220940/artclView.do
서식,228401,표본감시 신고서식,2013.03.26,https://www.kdca.go.kr/bbs/kdca/57/228401/artclView.do
서식,228400,신종코로나바이러스 진단신고기준(개정 2013.2.22),2013.03.18,https://www.kdca.go.kr/bbs/kdca/57/228400/artclView.do
지침,227378,[연구기획] 학술연구용역과제 관리지침 일부 정정 통보,2013.03.14,https://www.kdca.go.kr/bbs/kdca/55/227378/artclView.do
지침,227377,2013년 국가결핵관리지침,2013.03.13,https://www.kdca.go.kr/bbs/kdca/55/227377/artclView.do
교육자료,218913,심뇌혈관질환의 역학과 관리,2013.03.12,https://www.kdca.go.kr/bbs/kdca/49/218913/artclView.do
서식,228399,2013년 수인성식품매개질환 각종 양식(A~D),2013.03.06,https://www.kdca.go.kr/bbs/kdca/57/228399/artclView.do
서식,228398,2013년 수인성식품매개질환 소규모 유행 역학조사 결과보고서 양식,2013.02.06,https://www.kdca.go.kr/bbs/kdca/57/228398/artclView.do
교육자료,218912,만성콩팥병 예방과 관리를 위한 9대 생활수칙,2013.02.06,https://www.kdca.go.kr/bbs/kdca/49/218912/artclView.do
지침,227366,유전자변형생물체 인체위해성 평가 심사 가이드(2008),2013.01.07,https://www.kdca.go.kr/bbs/kdca/55/227366/artclView.do
지침,227365,고위험병원체 취급 및 보존 안전관리 가이드(2011),2013.01.07,https://www.kdca.go.kr/bbs/kdca/55/227365/artclView.do
지침,227364,"고위험병원체 위해정보(MSDS, 2008)",2013.01.07,https://www.kdca.go.kr/bbs/kdca/55/227364/artclView.do
지침,227363,고위험병원체 수송매뉴얼(2008),2013.01.07,https://www.kdca.go.kr/bbs/kdca/55/227363/artclView.do
교육자료,218911,당뇨병 표준교육자료,2012.12.26,https://www.kdca.go.kr/bbs/kdca/49/218911/artclView.do
교육자료,218910,고혈압 표준교육자료,2012.12.26,https://www.kdca.go.kr/bbs/kdca/49/218910/artclView.do
지침,227362,성인 예방접종 가이드,2012.12.03,https://www.kdca.go.kr/bbs/kdca/55/227362/artclView.do
서식,228397,의료관련감염병 표본감시 신고서식,2012.11.30,https://www.kdca.go.kr/bbs/kdca/57/228397/artclView.do
지침,227361,의료관련감염병 표본감시 안내지침,2012.11.29,https://www.kdca.go.kr/bbs/kdca/55/227361/artclView.do
지침,227360,「2012 법정감염병 진단·신고 기준」지침,2012.11.16,https://www.kdca.go.kr/bbs/kdca/55/227360/artclView.do
공지사항,220929,2012 한국인유전체역학조사사업 심포지엄 안내,2012.11.05,https://www.kdca.go.kr/bbs/kdca/50/220929/artclView.do
지침,227359,2012 브루셀라증 예방관리 지침,2012.10.25,https://www.kdca.go.kr/bbs/kdca/55/227359/artclView.do
지침,227358,다제내성균 관리지침,2012.10.24,https://www.kdca.go.kr/bbs/kdca/55/227358/artclView.do
공지사항,220927,제1회 국가 감염병 연구 포럼 개최 안내,2012.10.23,https://www.kdca.go.kr/bbs/kdca/50/220927/artclView.do
지침,227357,라임병 관리 지침,2012.10.10,https://www.kdca.go.kr/bbs/kdca/55/227357/artclView.do
지침,227356,2012년도 결핵 관련 지침(타 부처 관련),2012.09.28,https://www.kdca.go.kr/bbs/kdca/55/227356/artclView.do
지침,227355,2012년도 민간공공협력결핵관리사업 지침,2012.09.28,https://www.kdca.go.kr/bbs/kdca/55/227355/artclView.do
지침,227354,2012년 결핵 역학조사관리지침,2012.09.28,https://www.kdca.go.kr/bbs/kdca/55/227354/artclView.do
지침,227353,2012년도 국가결핵관리지침,2012.09.28,https://www.kdca.go.kr/bbs/kdca/55/227353/artclView.do
지침,227352,2012년 CJD(크로이츠펠트) 및 vCJD(변종크로이츠펠트) 관리지침,2012.09.18,https://www.kdca.go.kr/bbs/kdca/55/227352/artclView.do
공지사항,220916,국립보건연구원에서 주최하는 오송 심포지움 – 제2회 범부처 감염병 국제 컨퍼런스가 오는 9월25일 부터 26일까지 열립니다.,2012.09.07,https://www.kdca.go.kr/bbs/kdca/50/220916/artclView.do
교육자료,218909,수면무호흡증 예방관리 자주하는 질문,2012.08.25,https://www.kdca.go.kr/bbs/kdca/49/218909/artclView.do
교육자료,218908,관절염 예방관리 자주하는 질문,2012.08.25,https://www.kdca.go.kr/bbs/kdca/49/218908/artclView.do
교육자료,218907,난청 예방관리 자주하는 질문,2012.08.25,https://www.kdca.go.kr/bbs/kdca/49/218907/artclView.do
교육자료,218906,눈 건강관리 자주하는 질문,2012.08.25,https://www.kdca.go.kr/bbs/kdca/49/218906/artclView.do
교육자료,218905,수인성감염병 예방 교육자료,2012.08.25,https://www.kdca.go.kr/bbs/kdca/49/218905/artclView.do
서식,228396,검체시험의뢰서,2012.06.24,https://www.kdca.go.kr/bbs/kdca/57/228396/artclView.do
지침,227351,2012년 수인성·식품매개질환 역학조사 지침,2012.05.18,https://www.kdca.go.kr/bbs/kdca/55/227351/artclView.do
서식,228395,환경조사 결과보고서(양식 F) 양식,2012.05.18,https://www.kdca.go.kr/bbs/kdca/57/228395/artclView.do
서식,228394,수인성식품매개질환 검체검사 의뢰서(양식 E) 양식,2012.05.18,https://www.kdca.go.kr/bbs/kdca/57/228394/artclView.do
서식,228393,보건소 상황보고(양식 D) 양식,2012.05.18,https://www.kdca.go.kr/bbs/kdca/57/228393/artclView.do
서식,228392,수인성식품매개질환 사례조사서(양식 B~C),2012.05.18,https://www.kdca.go.kr/bbs/kdca/57/228392/artclView.do
서식,228391,수인성식품매개질환 신고접수양식(양식 A),2012.05.18,https://www.kdca.go.kr/bbs/kdca/57/228391/artclView.do
서식,228390,2012년 소규모 유행 역학조사 결과보고서 양식,2012.05.18,https://www.kdca.go.kr/bbs/kdca/57/228390/artclView.do
지침,227350,2012년 국가감염병매개체방제관리지침 및 방제 가이드,2012.04.27,https://www.kdca.go.kr/bbs/kdca/55/227350/artclView.do
지침,227349,2012년 레지오넬라증 관리 지침,2012.04.09,https://www.kdca.go.kr/bbs/kdca/55/227349/artclView.do
지침,227348,2012년 가을철 발열성질환 관리 지침,2012.04.03,https://www.kdca.go.kr/bbs/kdca/55/227348/artclView.do
지침,227347,2012년 말라리아 관리 지침,2012.04.03,https://www.kdca.go.kr/bbs/kdca/55/227347/artclView.do
지침,227346,제5차 퇴원손상심층조사 자료이용 지침서,2012.03.28,https://www.kdca.go.kr/bbs/kdca/55/227346/artclView.do
지침,227345,2012년 성매개감염병 관리지침,2012.03.26,https://www.kdca.go.kr/bbs/kdca/55/227345/artclView.do
지침,227344,2012 HIV/AIDS 관리지침,2012.03.26,https://www.kdca.go.kr/bbs/kdca/55/227344/artclView.do
지침,227343,2012 검역업무지침,2012.03.19,https://www.kdca.go.kr/bbs/kdca/55/227343/artclView.do
지침,227342,카바페넴내성 장내세균속 감염관리지침,2012.03.15,https://www.kdca.go.kr/bbs/kdca/55/227342/artclView.do
지침,227341,2012년 감염병 관리 사업 지침,2012.03.15,https://www.kdca.go.kr/bbs/kdca/55/227341/artclView.do
교육자료,218904,2012년 가을철발열성질환 워크숍 강의자료,2012.03.15,https://www.kdca.go.kr/bbs/kdca/49/218904/artclView.do
교육자료,218903,심뇌혈관질환 예방관리를 위한 2012년 라디오 공익광고,2012.01.13,https://www.kdca.go.kr/bbs/kdca/49/218903/artclView.do
교육자료,218902,심뇌혈관질환 예방과 관리를 위한 9대 생활수칙(소책자),2012.01.13,https://www.kdca.go.kr/bbs/kdca/49/218902/artclView.do
교육자료,218901,수면무호흡증 예방과 관리를 위한 5대 생활수칙(소책자),2012.01.13,https://www.kdca.go.kr/bbs/kdca/49/218901/artclView.do
교육자료,218900,눈 건강 관리를 위한 9대 생활수칙(소책자),2012.01.13,https://www.kdca.go.kr/bbs/kdca/49/218900/artclView.do
교육자료,218899,난청 예방과 관리를 위한 7대 생활수칙(소책자),2012.01.13,https://www.kdca.go.kr/bbs/kdca/49/218899/artclView.do
교육자료,218898,관절염 예방과 관리를 위한 6대 생활수칙(소책자),2012.01.13,https://www.kdca.go.kr/bbs/kdca/49/218898/artclView.do
지침,227340,2011-2012절기 인플루엔자 표본감시 안내,2012.01.04,https://www.kdca.go.kr/bbs/kdca/55/227340/artclView.do
지침,227339,2011 조류인플루엔자 인체감염 예방 및 관리지침,2011.12.26,https://www.kdca.go.kr/bbs/kdca/55/227339/artclView.do
지침,227338,2011 예방접종 대상 감염병의 역학과 관리,2011.12.20,https://www.kdca.go.kr/bbs/kdca/55/227338/artclView.do
서식,228389,2011년 A형간염 역학조사서,2011.10.31,https://www.kdca.go.kr/bbs/kdca/57/228389/artclView.do
교육자료,218897,C형 간염예방 포스터,2011.10.28,https://www.kdca.go.kr/bbs/kdca/49/218897/artclView.do
지침,227337,2011 의료관련감염 표본감시 안내 지침,2011.08.22,https://www.kdca.go.kr/bbs/kdca/55/227337/artclView.do
서식,228388,의료관련감염 표본감시 신고서식,2011.08.22,https://www.kdca.go.kr/bbs/kdca/57/228388/artclView.do
교육자료,218896,감염성 병원체의 수혈감염위험도 분류,2011.08.17,https://www.kdca.go.kr/bbs/kdca/49/218896/artclView.do
지침,227336,성매개감염 진료지침_전문,2011.08.08,https://www.kdca.go.kr/bbs/kdca/55/227336/artclView.do
교육자료,218895,수인성ㆍ식품매개감염병 리플랫,2011.07.28,https://www.kdca.go.kr/bbs/kdca/49/218895/artclView.do
교육자료,218894,건강한 여름나기 포스터,2011.07.28,https://www.kdca.go.kr/bbs/kdca/49/218894/artclView.do
교육자료,218893,2011년 폭염대응 건강관리 매뉴얼,2011.07.19,https://www.kdca.go.kr/bbs/kdca/49/218893/artclView.do
교육자료,218892,A형 간염 예방 수칙(2011년),2011.06.24,https://www.kdca.go.kr/bbs/kdca/49/218892/artclView.do
교육자료,218891,수족구병 예방 홍보물(2011년),2011.06.24,https://www.kdca.go.kr/bbs/kdca/49/218891/artclView.do
지침,227335,2011년 주요 감염병 매개 모기 방제 관리지침,2011.06.23,https://www.kdca.go.kr/bbs/kdca/55/227335/artclView.do
지침,227334,2011년 HIV/AIDS 관리지침,2011.06.14,https://www.kdca.go.kr/bbs/kdca/55/227334/artclView.do
교육자료,218890,국민을 위한 우리나라 장기 기증 이식의 절차와 방법 등,2011.06.14,https://www.kdca.go.kr/bbs/kdca/49/218890/artclView.do
지침,227333,제1차~제3차 퇴원손상심층조사 자료이용 지침,2011.06.08,https://www.kdca.go.kr/bbs/kdca/55/227333/artclView.do
지침,227332,제1차~제3차 퇴원손상심층조사 자료이용 지침,2011.06.08,https://www.kdca.go.kr/bbs/kdca/55/227332/artclView.do
지침,227331,제1차~제3차 퇴원손상심층조사 자료이용 지침,2011.06.08,https://www.kdca.go.kr/bbs/kdca/55/227331/artclView.do
지침,227330,2011 가을철 발열성 질환 관리 지침,2011.06.02,https://www.kdca.go.kr/bbs/kdca/55/227330/artclView.do
지침,227329,2011 감염병 감시 및 보고지침,2011.05.31,https://www.kdca.go.kr/bbs/kdca/55/227329/artclView.do
지침,227328,2011년 말라리아 관리지침,2011.05.25,https://www.kdca.go.kr/bbs/kdca/55/227328/artclView.do
지침,227327,제4차 퇴원손상심층조사 자료이용 지침,2011.05.20,https://www.kdca.go.kr/bbs/kdca/55/227327/artclView.do
교육자료,218889,심뇌혈관질환 예방관리 교육,2011.05.06,https://www.kdca.go.kr/bbs/kdca/49/218889/artclView.do
교육자료,218888,심뇌혈관질환 예방관리 교육,2011.05.06,https://www.kdca.go.kr/bbs/kdca/49/218888/artclView.do
서식,228387,2011년 감염병 역학조사서 서식,2011.05.04,https://www.kdca.go.kr/bbs/kdca/57/228387/artclView.do
서식,228386,2011년 수인성·식품매개질환 역학조사서 서식,2011.05.04,https://www.kdca.go.kr/bbs/kdca/57/228386/artclView.do
지침,227326,2011년 예방접종 대상 감염병 사업관리 지침,2011.05.03,https://www.kdca.go.kr/bbs/kdca/55/227326/artclView.do
서식,228385,제2군 감염병 역학조사 관련 서식 모음,2011.05.03,https://www.kdca.go.kr/bbs/kdca/57/228385/artclView.do
지침,227325,성매개감염 진료지침 요약본_2011(ver1),2011.04.29,https://www.kdca.go.kr/bbs/kdca/55/227325/artclView.do
지침,227324,2011년 수인성·식품매개질환 역학조사 지침,2011.04.26,https://www.kdca.go.kr/bbs/kdca/55/227324/artclView.do
서식,228384,2011년 소규모 유행 역학조사 결과보고서 양식,2011.04.26,https://www.kdca.go.kr/bbs/kdca/57/228384/artclView.do
서식,228383,의료기관 혈액원 즉시보고서 서식,2011.04.11,https://www.kdca.go.kr/bbs/kdca/57/228383/artclView.do
지침,227323,2011년 결핵환자 의료비 지원사업 지침,2011.04.07,https://www.kdca.go.kr/bbs/kdca/55/227323/artclView.do
교육자료,218887,구제역 종합질의응답 (Q&A) 2차 자료집,2011.03.25,https://www.kdca.go.kr/bbs/kdca/49/218887/artclView.do
지침,227322,2011년 감염병관리 사업지침,2011.03.24,https://www.kdca.go.kr/bbs/kdca/55/227322/artclView.do
지침,227321,2011 검역 업무 지침입니다.,2011.03.22,https://www.kdca.go.kr/bbs/kdca/55/227321/artclView.do
지침,227320,2011년 성매개감염병 관리지침,2011.03.16,https://www.kdca.go.kr/bbs/kdca/55/227320/artclView.do
교육자료,218886,구제역 종합질의응답(Q&A) 1차 자료집,2011.03.07,https://www.kdca.go.kr/bbs/kdca/49/218886/artclView.do
교육자료,218885,기후변화와 건강 홍보용 책자 '한국의 기후변화 건강영향과 적응대책' (국/영문),2011.02.14,https://www.kdca.go.kr/bbs/kdca/49/218885/artclView.do
서식,228382,감염병발생 신고서식(별지 제1호서식),2011.02.09,https://www.kdca.go.kr/bbs/kdca/57/228382/artclView.do
지침,227319,2011년 학술 및 전산용역사업 편람,2011.02.08,https://www.kdca.go.kr/bbs/kdca/55/227319/artclView.do
지침,227318,질병관리본부 연구윤리심의위원회 표준운영지침서,2011.02.08,https://www.kdca.go.kr/bbs/kdca/55/227318/artclView.do
지침,227317,배아연구계획 승인신청 안내서,2011.02.07,https://www.kdca.go.kr/bbs/kdca/55/227317/artclView.do
지침,227316,2011 엔테로바이러스감염증 표본감시 안내지침,2011.01.27,https://www.kdca.go.kr/bbs/kdca/55/227316/artclView.do
지침,227315,2011 장관감염증 표본감시 안내지침,2011.01.27,https://www.kdca.go.kr/bbs/kdca/55/227315/artclView.do
지침,227314,2011 해외유입기생충감염증 표본감시 안내지침,2011.01.27,https://www.kdca.go.kr/bbs/kdca/55/227314/artclView.do
지침,227313,2011 의료관련감염증 표본감시 안내지침,2011.01.27,https://www.kdca.go.kr/bbs/kdca/55/227313/artclView.do
지침,227312,2011 성매개감염병 표본감시 안내지침,2011.01.27,https://www.kdca.go.kr/bbs/kdca/55/227312/artclView.do
지침,227311,2011 수족구병 표본감시 안내지침,2011.01.27,https://www.kdca.go.kr/bbs/kdca/55/227311/artclView.do
지침,227310,2011 C형간염 표본감시 안내지침,2011.01.27,https://www.kdca.go.kr/bbs/kdca/55/227310/artclView.do
지침,227309,2011 기생충감염증 표본감시 안내지침,2011.01.27,https://www.kdca.go.kr/bbs/kdca/55/227309/artclView.do
지침,227308,2011 법정감염병 진단.신고기준,2011.01.13,https://www.kdca.go.kr/bbs/kdca/55/227308/artclView.do
지침,227307,2010년 주요전염병 매개모기 방제관리지침,2011.01.11,https://www.kdca.go.kr/bbs/kdca/55/227307/artclView.do
서식,228381,2010 조류인플루엔자 인체감염 예방 및 관리 지침 서식 모음,2011.01.10,https://www.kdca.go.kr/bbs/kdca/57/228381/artclView.do
교육자료,218884,「다제내성균 감염 예방 및 확산방지」를 위한 교육자료,2011.01.04,https://www.kdca.go.kr/bbs/kdca/49/218884/artclView.do
지침,227306,2010 조류인플루엔자 인체감염 예방 및 관리지침,2011.01.03,https://www.kdca.go.kr/bbs/kdca/55/227306/artclView.do
교육자료,218883,위생곤충사육메뉴얼(바퀴),2010.12.30,https://www.kdca.go.kr/bbs/kdca/49/218883/artclView.do
교육자료,218882,설치류 자원 관리 메뉴얼,2010.12.30,https://www.kdca.go.kr/bbs/kdca/49/218882/artclView.do
지침,227305,'10년 생애전환기 건강진단 문진표 및 결과통보서(서식),2010.12.27,https://www.kdca.go.kr/bbs/kdca/55/227305/artclView.do
지침,227304,2010년 HIV/AIDS 관리지침,2010.12.21,https://www.kdca.go.kr/bbs/kdca/55/227304/artclView.do
지침,227303,2010년 성병관리지침,2010.12.21,https://www.kdca.go.kr/bbs/kdca/55/227303/artclView.do
교육자료,218881,44개 상급종합병원 감염대책실무자 세미나,2010.11.05,https://www.kdca.go.kr/bbs/kdca/49/218881/artclView.do
교육자료,218880,의료감염 예방 포스터2종,2010.10.28,https://www.kdca.go.kr/bbs/kdca/49/218880/artclView.do
교육자료,218879,아토피·천식 안심학교 운영안내서,2010.10.07,https://www.kdca.go.kr/bbs/kdca/49/218879/artclView.do
지침,227302,아토피·천식 안심학교 운영안내서,2010.10.05,https://www.kdca.go.kr/bbs/kdca/55/227302/artclView.do
교육자료,218878,심뇌혈관질환 예방관리 교육홍보를 위한 연극 및 마당극 대본,2010.10.05,https://www.kdca.go.kr/bbs/kdca/49/218878/artclView.do
교육자료,218877,2010년 심뇌혈관질환 예방관리 TV공익광고 영상,2010.10.04,https://www.kdca.go.kr/bbs/kdca/49/218877/artclView.do
서식,228380,2010년 법정전염병 사례조사서 양식,2010.09.28,https://www.kdca.go.kr/bbs/kdca/57/228380/artclView.do
교육자료,218876,일반인을 위한 항생제 내성 관련Q&A,2010.09.27,https://www.kdca.go.kr/bbs/kdca/49/218876/artclView.do
교육자료,218875,의료인을 위한 항생제 내성 관련 Q&A,2010.09.22,https://www.kdca.go.kr/bbs/kdca/49/218875/artclView.do
교육자료,218874,제4차 아시아지역 환경보건 전문가학술대회,2010.09.08,https://www.kdca.go.kr/bbs/kdca/49/218874/artclView.do
지침,227301,발열성질환 관리지침(2007),2010.08.24,https://www.kdca.go.kr/bbs/kdca/55/227301/artclView.do
교육자료,218873,두창백신의 접종과 피접종자 관리』 교육교재,2010.08.20,https://www.kdca.go.kr/bbs/kdca/49/218873/artclView.do
교육자료,218872,2010 지역사회건강조사 라디오공익광고,2010.08.19,https://www.kdca.go.kr/bbs/kdca/49/218872/artclView.do
교육자료,218871,"태풍, 강풍, 호우, 홍수 대비 안전수칙",2010.08.11,https://www.kdca.go.kr/bbs/kdca/49/218871/artclView.do
서식,228379,수혈 동의서,2010.07.29,https://www.kdca.go.kr/bbs/kdca/57/228379/artclView.do
지침,227300,2010 인플루엔자 표본감시 지침 및 신고방법안내,2010.07.28,https://www.kdca.go.kr/bbs/kdca/55/227300/artclView.do
교육자료,218870,주요생물테러대상병원체,2010.07.27,https://www.kdca.go.kr/bbs/kdca/49/218870/artclView.do
교육자료,218869,언론과 미디어를 위한 HIV/AIDS 길라잡이(2010년 개정판),2010.07.13,https://www.kdca.go.kr/bbs/kdca/49/218869/artclView.do
교육자료,218868,말라리아 예방 홍보 에니메이션,2010.07.06,https://www.kdca.go.kr/bbs/kdca/49/218868/artclView.do
교육자료,218867,2010 신종인플루엔자A(H1N1) 평가대회 (2010.6.29 ~ 6.30),2010.07.05,https://www.kdca.go.kr/bbs/kdca/49/218867/artclView.do
교육자료,218866,폭염대응 건강관리 매뉴얼,2010.06.22,https://www.kdca.go.kr/bbs/kdca/49/218866/artclView.do
교육자료,218865,무더위 익수(물놀이사고)와 폭염으로부터건강을 보호하는 방법,2010.06.22,https://www.kdca.go.kr/bbs/kdca/49/218865/artclView.do
지침,227299,2009 인플루엔자 표본감시 지침 및 신고방법안내,2010.06.15,https://www.kdca.go.kr/bbs/kdca/55/227299/artclView.do
지침,227298,수족구병 표본감시 안내,2010.06.14,https://www.kdca.go.kr/bbs/kdca/55/227298/artclView.do
지침,227297,2010년 에이즈관련 민간단체사업 관리지침,2010.06.14,https://www.kdca.go.kr/bbs/kdca/55/227297/artclView.do
지침,227296,2010년 전염병관리사업 지침,2010.05.28,https://www.kdca.go.kr/bbs/kdca/55/227296/artclView.do
지침,227295,2010년 주요 전염병 매개모기 방제 관리지침,2010.05.26,https://www.kdca.go.kr/bbs/kdca/55/227295/artclView.do
교육자료,218864,2010년 주요 전염병 매개모기 방제 감시 사업 WORKSHOP 교육 자료,2010.05.19,https://www.kdca.go.kr/bbs/kdca/49/218864/artclView.do
서식,228378,선천성매독 신고서,2010.04.28,https://www.kdca.go.kr/bbs/kdca/57/228378/artclView.do
지침,227294,2010년 말라리아 관리지침,2010.04.26,https://www.kdca.go.kr/bbs/kdca/55/227294/artclView.do
교육자료,218863,쯔쯔가무시증 예방홍보 포스터 및 리플렛,2010.04.14,https://www.kdca.go.kr/bbs/kdca/49/218863/artclView.do
서식,228377,수인성식품매개질환 및 법정전염병 사례조사서 양식,2010.03.16,https://www.kdca.go.kr/bbs/kdca/57/228377/artclView.do
서식,228376,사례군조사 결과보고서 견본,2010.03.16,https://www.kdca.go.kr/bbs/kdca/57/228376/artclView.do
서식,228375,섭취음식 통계분석을 위한 엑셀양식,2010.03.16,https://www.kdca.go.kr/bbs/kdca/57/228375/artclView.do
교육자료,218862,A 형 간염 ! 이렇게 예방할 수 있습니다.,2010.03.10,https://www.kdca.go.kr/bbs/kdca/49/218862/artclView.do
교육자료,218861,한국의 전염병 관리 역사,2010.03.08,https://www.kdca.go.kr/bbs/kdca/49/218861/artclView.do
서식,228374,산모 B형 간염 표본감시 신고서식,2010.03.03,https://www.kdca.go.kr/bbs/kdca/57/228374/artclView.do
서식,228373,바이러스성간염 표본감시 신고서식,2010.03.03,https://www.kdca.go.kr/bbs/kdca/57/228373/artclView.do
교육자료,218860,천식 악화요인별 예방행동수칙,2010.02.24,https://www.kdca.go.kr/bbs/kdca/49/218860/artclView.do
지침,227293,바이러스성간염 표본감시 지침,2010.02.19,https://www.kdca.go.kr/bbs/kdca/55/227293/artclView.do
지침,227292,2010년 검역업무지침,2010.02.18,https://www.kdca.go.kr/bbs/kdca/55/227292/artclView.do
지침,227291,2009년 크로이츠펠트-야콥병 관리지침,2010.02.16,https://www.kdca.go.kr/bbs/kdca/55/227291/artclView.do
교육자료,218859,신종인플루엔자 예방접종대상자 확대 홍보자료,2010.02.16,https://www.kdca.go.kr/bbs/kdca/49/218859/artclView.do
공지사항,220865,'국외여행자의 예방접종에 관한 수수료' (2010.2.9 개정) 1부.,2010.02.12,https://www.kdca.go.kr/bbs/kdca/50/220865/artclView.do
교육자료,218858,2010년도 1/4분기 질병관리본부 학술연구용역사업 설명회 자료,2010.01.29,https://www.kdca.go.kr/bbs/kdca/49/218858/artclView.do
지침,227290,2010년 질병관리본부 학술 및 전산용역사업 편람,2010.01.19,https://www.kdca.go.kr/bbs/kdca/55/227290/artclView.do
교육자료,218857,건전한 인터넷 사용하기 캠페인,2010.01.07,https://www.kdca.go.kr/bbs/kdca/49/218857/artclView.do
지침,227289,수인성식품매개질환 요약집,2009.12.29,https://www.kdca.go.kr/bbs/kdca/55/227289/artclView.do
지침,227288,2009년 법정전염병진단및신고기준,2009.11.30,https://www.kdca.go.kr/bbs/kdca/55/227288/artclView.do
교육자료,218856,깨끗한 손 ! 건강한 사회 !,2009.11.24,https://www.kdca.go.kr/bbs/kdca/49/218856/artclView.do
교육자료,218855,손씨기 율동 동요,2009.11.24,https://www.kdca.go.kr/bbs/kdca/49/218855/artclView.do
교육자료,218854,왜 손을 씻어야 할까요?,2009.11.24,https://www.kdca.go.kr/bbs/kdca/49/218854/artclView.do
교육자료,218853,올바른 손씻기 우리함께 배워봐요,2009.11.24,https://www.kdca.go.kr/bbs/kdca/49/218853/artclView.do
교육자료,218852,"깨끗한 손, 건강한 사회",2009.11.24,https://www.kdca.go.kr/bbs/kdca/49/218852/artclView.do
교육자료,218851,"깨끗한 손, 건강한 사회",2009.11.24,https://www.kdca.go.kr/bbs/kdca/49/218851/artclView.do
서식,228372,신증후군출혈열 사례조사서,2009.11.06,https://www.kdca.go.kr/bbs/kdca/57/228372/artclView.do
교육자료,218850,기제작 TV공익광고의 지자체활용 예시,2009.11.03,https://www.kdca.go.kr/bbs/kdca/49/218850/artclView.do
교육자료,218849,09년 심뇌혈관질환 예방관리 TV공익광고,2009.10.15,https://www.kdca.go.kr/bbs/kdca/49/218849/artclView.do
교육자료,218848,09년 알레르기비염 예방관리 TV공익광고,2009.10.09,https://www.kdca.go.kr/bbs/kdca/49/218848/artclView.do
교육자료,218847,09년 심뇌혈관질환 예방관리 라디오공익광고-스폰지편,2009.10.09,https://www.kdca.go.kr/bbs/kdca/49/218847/artclView.do
교육자료,218846,자전거 안전사고 예방수칙,2009.10.09,https://www.kdca.go.kr/bbs/kdca/49/218846/artclView.do
교육자료,218845,신종 인플루엔자 대유행 대비 진료 지침 교육 워크숍,2009.10.05,https://www.kdca.go.kr/bbs/kdca/49/218845/artclView.do
교육자료,218844,쯔쯔가무시증 교육자료,2009.09.16,https://www.kdca.go.kr/bbs/kdca/49/218844/artclView.do
교육자료,218843,09년 지역사회건강조사 라디오공익광고,2009.09.11,https://www.kdca.go.kr/bbs/kdca/49/218843/artclView.do
서식,228371,수인성식품매개질환 확진자 관리대장,2009.09.01,https://www.kdca.go.kr/bbs/kdca/57/228371/artclView.do
서식,228370,신종인플루엔자 사례조사서,2009.08.31,https://www.kdca.go.kr/bbs/kdca/57/228370/artclView.do
서식,228369,"RR, OR 계산 프로그램",2009.08.28,https://www.kdca.go.kr/bbs/kdca/57/228369/artclView.do
서식,228368,사례군연구를 적용한 역학조사 결과보고서 양식,2009.08.13,https://www.kdca.go.kr/bbs/kdca/57/228368/artclView.do
교육자료,218842,"수두, 유행성이하선염의 예방 및 관리",2009.07.15,https://www.kdca.go.kr/bbs/kdca/49/218842/artclView.do
교육자료,218841,A형 간염의 예방과 대처,2009.07.14,https://www.kdca.go.kr/bbs/kdca/49/218841/artclView.do
지침,227287,성병 표본감시 안내(의료기관용),2009.07.10,https://www.kdca.go.kr/bbs/kdca/55/227287/artclView.do
서식,228367,수족구병 표본감시 결과신고서식,2009.07.10,https://www.kdca.go.kr/bbs/kdca/57/228367/artclView.do
서식,228366,성병 표본감시 결과신고서식,2009.07.10,https://www.kdca.go.kr/bbs/kdca/57/228366/artclView.do
지침,227286,2009년 수인성식품매개질환 역학조사 지침 2차 개정판,2009.06.30,https://www.kdca.go.kr/bbs/kdca/55/227286/artclView.do
지침,227285,주요 전염병 매개 모기 관리 지침,2009.06.26,https://www.kdca.go.kr/bbs/kdca/55/227285/artclView.do
교육자료,218840,수족구병 교육자료,2009.06.19,https://www.kdca.go.kr/bbs/kdca/49/218840/artclView.do
교육자료,218839,08년 심뇌혈관질환 예방관리 TV공익광고,2009.06.04,https://www.kdca.go.kr/bbs/kdca/49/218839/artclView.do
교육자료,218838,06~07 심뇌혈관질환 예방관리 TV공익광고,2009.06.04,https://www.kdca.go.kr/bbs/kdca/49/218838/artclView.do
교육자료,218837,09년 심뇌혈관질환 예방관리 홍보동영상,2009.06.04,https://www.kdca.go.kr/bbs/kdca/49/218837/artclView.do
교육자료,218836,09년 아토피피부염 예방관리 TV공익광고,2009.06.04,https://www.kdca.go.kr/bbs/kdca/49/218836/artclView.do
교육자료,218835,09년 천식 예방관리 TV공익광고,2009.06.04,https://www.kdca.go.kr/bbs/kdca/49/218835/artclView.do
교육자료,218834,"상대위험비,오즈비 계산식",2009.05.25,https://www.kdca.go.kr/bbs/kdca/49/218834/artclView.do
교육자료,218833,법정전염병 지정현황,2009.05.04,https://www.kdca.go.kr/bbs/kdca/49/218833/artclView.do
지침,227284,해외여행자를 위한 말라리아 예방지침,2009.04.23,https://www.kdca.go.kr/bbs/kdca/55/227284/artclView.do
서식,228365,소규모 유행(사례군 연구) 역학조사 결과보고서 샘플형식,2009.04.23,https://www.kdca.go.kr/bbs/kdca/57/228365/artclView.do
지침,227283,2009 보건소 아토피·천식 예방관리 지침,2009.04.17,https://www.kdca.go.kr/bbs/kdca/55/227283/artclView.do
지침,227282,2009년 VRSA/VISA 역학조사 지침,2009.04.14,https://www.kdca.go.kr/bbs/kdca/55/227282/artclView.do
지침,227281,"살충, 살균, 구서를 위한 방역소독 지침",2009.03.31,https://www.kdca.go.kr/bbs/kdca/55/227281/artclView.do
서식,228364,학술연구용역 관련(계약보증금 지급각서 및 선금지급각서),2009.03.23,https://www.kdca.go.kr/bbs/kdca/57/228364/artclView.do
공지사항,220826,질병관리본부 행정인턴(역학조사팀) 모집공고(~3.29일까지),2009.03.23,https://www.kdca.go.kr/bbs/kdca/50/220826/artclView.do
지침,227280,2009년 수인성식품매개질환 역학조사 지침,2009.03.19,https://www.kdca.go.kr/bbs/kdca/55/227280/artclView.do
서식,228363,직장도말 검체채취 방법 교육자료,2009.03.19,https://www.kdca.go.kr/bbs/kdca/57/228363/artclView.do
서식,228362,수인성식품매개질환 검체검사 의뢰서,2009.03.19,https://www.kdca.go.kr/bbs/kdca/57/228362/artclView.do
서식,228361,수인성식품매개질환 상황보고(중간보고) 양식,2009.03.19,https://www.kdca.go.kr/bbs/kdca/57/228361/artclView.do
서식,228360,수인성식품매개질환 유증상자 일일모니터링,2009.03.19,https://www.kdca.go.kr/bbs/kdca/57/228360/artclView.do
서식,228359,A형간염 사례조사서,2009.03.19,https://www.kdca.go.kr/bbs/kdca/57/228359/artclView.do
서식,228358,수인성식품매개질환 사례조사서,2009.03.19,https://www.kdca.go.kr/bbs/kdca/57/228358/artclView.do
서식,228357,수인성식품매개질환 신고접수양식(시군구보건소용),2009.03.19,https://www.kdca.go.kr/bbs/kdca/57/228357/artclView.do
서식,228356,1군 법정전염병 사례조사서,2009.03.19,https://www.kdca.go.kr/bbs/kdca/57/228356/artclView.do
서식,228355,사례조사서 양식(1),2009.03.18,https://www.kdca.go.kr/bbs/kdca/57/228355/artclView.do
서식,228354,VRSA 포본감시결과보고 및 사례조사서 양식,2009.03.18,https://www.kdca.go.kr/bbs/kdca/57/228354/artclView.do
서식,228353,전염병 환자 사례조사 결과보고서,2009.03.18,https://www.kdca.go.kr/bbs/kdca/57/228353/artclView.do
서식,228352,사례조사서 양식(2),2009.03.18,https://www.kdca.go.kr/bbs/kdca/57/228352/artclView.do
교육자료,218832,천식아토피강의슬라이드_최종,2009.03.18,https://www.kdca.go.kr/bbs/kdca/49/218832/artclView.do
교육자료,218831,천식아토피교육패키지PDF_최종,2009.03.14,https://www.kdca.go.kr/bbs/kdca/49/218831/artclView.do
교육자료,218830,천식아토피교육패키지PDF_최종,2009.03.14,https://www.kdca.go.kr/bbs/kdca/49/218830/artclView.do
교육자료,218829,09년 심뇌혈관질환 예방관리 라디오공익광고-학회편,2009.03.13,https://www.kdca.go.kr/bbs/kdca/49/218829/artclView.do
교육자료,218828,빈대 방제 요령,2009.03.13,https://www.kdca.go.kr/bbs/kdca/49/218828/artclView.do
교육자료,218827,08년 심뇌혈관질환 예방관리 라디오광고-TV연계편 외,2009.03.13,https://www.kdca.go.kr/bbs/kdca/49/218827/artclView.do
교육자료,218826,07년 심뇌혈관질환 예방관리 라디오광고-괜찮아편,2009.03.13,https://www.kdca.go.kr/bbs/kdca/49/218826/artclView.do
교육자료,218825,건강정보 교육 홍보자료 '건강하게삽시다',2009.03.13,https://www.kdca.go.kr/bbs/kdca/49/218825/artclView.do
교육자료,218824,심뇌혈관질환 예방관리 수칙 포스터,2009.03.13,https://www.kdca.go.kr/bbs/kdca/49/218824/artclView.do
교육자료,218823,심뇌혈관질환 예방관리 수칙 소책자,2009.03.13,https://www.kdca.go.kr/bbs/kdca/49/218823/artclView.do
교육자료,218822,심뇌혈관질환 예방관리 수칙 신문광고 뇌편,2009.03.13,https://www.kdca.go.kr/bbs/kdca/49/218822/artclView.do
교육자료,218821,심뇌혈관질환 예방관리 수칙 신문광고 심장편,2009.03.13,https://www.kdca.go.kr/bbs/kdca/49/218821/artclView.do
교육자료,218820,아토피천식 예방관리 수칙 포스터,2009.03.13,https://www.kdca.go.kr/bbs/kdca/49/218820/artclView.do
교육자료,218819,아토피천식 예방관리 수칙 리플렛,2009.03.13,https://www.kdca.go.kr/bbs/kdca/49/218819/artclView.do
지침,227279,2009년 말라리아 관리지침,2009.03.11,https://www.kdca.go.kr/bbs/kdca/55/227279/artclView.do
지침,227278,2009 HIV／AIDS 관리지침,2009.03.10,https://www.kdca.go.kr/bbs/kdca/55/227278/artclView.do
지침,227277,2009년 레지오넬라 관리지침,2009.03.09,https://www.kdca.go.kr/bbs/kdca/55/227277/artclView.do
지침,227276,2008 수인성식품매개질환 역학조사 지침,2009.03.09,https://www.kdca.go.kr/bbs/kdca/55/227276/artclView.do
지침,227275,2008 전염병 감시 및 보고 지침,2009.03.04,https://www.kdca.go.kr/bbs/kdca/55/227275/artclView.do
지침,227274,2007 법정전염병 진단신고기준,2009.03.04,https://www.kdca.go.kr/bbs/kdca/55/227274/artclView.do
지침,227273,2009 검역업무지침,2009.03.04,https://www.kdca.go.kr/bbs/kdca/55/227273/artclView.do
교육자료,218818,2009 범국민손씻기운동 TV 광고,2009.03.04,https://www.kdca.go.kr/bbs/kdca/49/218818/artclView.do
지침,227272,질병관리본부 학술및전산용역사업편람(2009.1.19),2009.03.02,https://www.kdca.go.kr/bbs/kdca/55/227272/artclView.do
지침,227271,2009 전염병관리 사업지침,2009.03.02,https://www.kdca.go.kr/bbs/kdca/55/227271/artclView.do
교육자료,218817,정보화시스템 개발및관리 표준안(2007)_(통합정보시스템 산출물),2009.02.27,https://www.kdca.go.kr/bbs/kdca/49/218817/artclView.do
교육자료,218816,"2009 보건소 아토피,천식 예방관리 세미나 자료집",2009.02.27,https://www.kdca.go.kr/bbs/kdca/49/218816/artclView.do
지침,227270,유전자은행 표준운영지침,2009.01.28,https://www.kdca.go.kr/bbs/kdca/55/227270/artclView.do
지침,227269,2009년 성병관리지침,2009.01.22,https://www.kdca.go.kr/bbs/kdca/55/227269/artclView.do
지침,227268,2009년 질병관리본부 학술 및 전산용역편람,2009.01.19,https://www.kdca.go.kr/bbs/kdca/55/227268/artclView.do
지침,227267,기관생명윤리심의위원회 구성 운영 표준지침서,2009.01.16,https://www.kdca.go.kr/bbs/kdca/55/227267/artclView.do
서식,228351,배아생성의료기관의 생식세포 배아 관리를 위한 표준기록양식,2009.01.15,https://www.kdca.go.kr/bbs/kdca/57/228351/artclView.do
서식,228350,인체면역결핍바이러스 감염인/후천성면역결핍증 환자 발견 신고ㆍ보고 서식,2009.01.05,https://www.kdca.go.kr/bbs/kdca/57/228350/artclView.do
공지사항,220812,「국외여행자의 예방접종에 관한 수수료」고시 개정 안내,2008.12.08,https://www.kdca.go.kr/bbs/kdca/50/220812/artclView.do
지침,227266,2008년도 검역업무지침,2008.11.12,https://www.kdca.go.kr/bbs/kdca/55/227266/artclView.do
지침,227265,고위험병원체 수송 매뉴얼,2008.11.12,https://www.kdca.go.kr/bbs/kdca/55/227265/artclView.do
지침,227264,2008년도 결핵관리지침,2008.08.28,https://www.kdca.go.kr/bbs/kdca/55/227264/artclView.do
지침,227263,보건소 아토피·천식 예방관리사업 지침,2008.08.21,https://www.kdca.go.kr/bbs/kdca/55/227263/artclView.do
지침,227262,2008년도 HIV/AIDS관리지침,2008.08.19,https://www.kdca.go.kr/bbs/kdca/55/227262/artclView.do
지침,227261,2008년도 성병관리지침,2008.08.19,https://www.kdca.go.kr/bbs/kdca/55/227261/artclView.do
서식,228349,법정전염병발생 신고양식,2008.08.19,https://www.kdca.go.kr/bbs/kdca/57/228349/artclView.do
교육자료,218815,2008년 건강정책 중장기 국가종합계획 수립 한미 국제 회의-국외전문가 5인,2008.07.21,https://www.kdca.go.kr/bbs/kdca/49/218815/artclView.do
지침,227260,2008년도 한센사업지침,2008.07.16,https://www.kdca.go.kr/bbs/kdca/55/227260/artclView.do
지침,227259,2007년 학술 및 전산용역사업 편람(위탁정산수수료 및 인건비 변동사항 반영),2008.07.01,https://www.kdca.go.kr/bbs/kdca/55/227259/artclView.do
지침,227258,기관생명윤리심의위원회 구성운영 표준지침서,2008.05.15,https://www.kdca.go.kr/bbs/kdca/55/227258/artclView.do
지침,227257,2008전염병관리사업지침,2008.04.23,https://www.kdca.go.kr/bbs/kdca/55/227257/artclView.do
지침,227256,AI인체감염예방관리 지침,2008.04.08,https://www.kdca.go.kr/bbs/kdca/55/227256/artclView.do
지침,227255,고위험병원체 실험실 진단지침 (책자),2008.04.01,https://www.kdca.go.kr/bbs/kdca/55/227255/artclView.do
지침,227254,2008년 크로이츠펠트-야콥병 표본감시 관리지침,2008.03.17,https://www.kdca.go.kr/bbs/kdca/55/227254/artclView.do
공지사항,220776,[선정결과] 인체유래생물자원 지식정보 표준화,2008.03.10,https://www.kdca.go.kr/bbs/kdca/50/220776/artclView.do
공지사항,220771,[선정결과] 질병관리본부 연구윤리심의위원회 표준운영,2008.03.10,https://www.kdca.go.kr/bbs/kdca/50/220771/artclView.do
공지사항,220766,[선정결과] 지역사회 고혈압·당뇨병 환자 자가관리 모형 및 매뉴얼 개발,2008.03.10,https://www.kdca.go.kr/bbs/kdca/50/220766/artclView.do
지침,227253,질병관리본부 학술연구용역사업 연구비카드제 운영지침,2008.03.06,https://www.kdca.go.kr/bbs/kdca/55/227253/artclView.do
지침,227252,질병관리본부 학술연구용역사업 위탁정산 운영지침,2008.03.06,https://www.kdca.go.kr/bbs/kdca/55/227252/artclView.do
지침,227251,질병관리본부 연구과제관리시스템 운영지침,2008.03.06,https://www.kdca.go.kr/bbs/kdca/55/227251/artclView.do
지침,227250,질병관리본부 연구사업 보안관리지침,2008.03.06,https://www.kdca.go.kr/bbs/kdca/55/227250/artclView.do
지침,227249,"질병관리본부 IRB(기관생명윤리심의위원회)구성,운영 표준지침서",2008.03.06,https://www.kdca.go.kr/bbs/kdca/55/227249/artclView.do
서식,228348,질병관리본부 학술연구용역사업 계약서 및 첨부파일 서식,2008.03.06,https://www.kdca.go.kr/bbs/kdca/57/228348/artclView.do
서식,228347,2008년도 학술연구용역사업 신청서 양식,2008.03.06,https://www.kdca.go.kr/bbs/kdca/57/228347/artclView.do
교육자료,218814,[제4군] 크립토스포리디움증,2008.03.03,https://www.kdca.go.kr/bbs/kdca/49/218814/artclView.do
교육자료,218813,[제4군] 아프리카수면병,2008.03.03,https://www.kdca.go.kr/bbs/kdca/49/218813/artclView.do
교육자료,218812,[제4군] 바베시아증,2008.03.03,https://www.kdca.go.kr/bbs/kdca/49/218812/artclView.do
교육자료,218811,[제4군] 리슈마니아증,2008.03.03,https://www.kdca.go.kr/bbs/kdca/49/218811/artclView.do
교육자료,218810,[제4군] 라싸열,2008.03.03,https://www.kdca.go.kr/bbs/kdca/49/218810/artclView.do
교육자료,218809,[제4군] 에볼라열,2008.03.03,https://www.kdca.go.kr/bbs/kdca/49/218809/artclView.do
교육자료,218808,[제4군] 마버그열,2008.03.03,https://www.kdca.go.kr/bbs/kdca/49/218808/artclView.do
교육자료,218807,[제4군] 뎅기열,2008.03.03,https://www.kdca.go.kr/bbs/kdca/49/218807/artclView.do
교육자료,218806,[제4군] 황열,2008.03.03,https://www.kdca.go.kr/bbs/kdca/49/218806/artclView.do
교육자료,218805,[제3군] 인플루엔자,2008.03.03,https://www.kdca.go.kr/bbs/kdca/49/218805/artclView.do
교육자료,218804,[제3군] 신증후군출혈열,2008.03.03,https://www.kdca.go.kr/bbs/kdca/49/218804/artclView.do
교육자료,218803,[제3군] 공수병,2008.03.03,https://www.kdca.go.kr/bbs/kdca/49/218803/artclView.do
교육자료,218802,[제3군] 탄저,2008.03.03,https://www.kdca.go.kr/bbs/kdca/49/218802/artclView.do
교육자료,218801,[제3군] 브루셀라증,2008.03.03,https://www.kdca.go.kr/bbs/kdca/49/218801/artclView.do
교육자료,218800,[제3군] 렙토스피라증,2008.03.03,https://www.kdca.go.kr/bbs/kdca/49/218800/artclView.do
교육자료,218799,[제3군] 쯔쯔가무시증,2008.03.03,https://www.kdca.go.kr/bbs/kdca/49/218799/artclView.do
교육자료,218798,[제3군] 발진열,2008.03.03,https://www.kdca.go.kr/bbs/kdca/49/218798/artclView.do
교육자료,218797,[제3군] 비브리오패혈증,2008.03.03,https://www.kdca.go.kr/bbs/kdca/49/218797/artclView.do
교육자료,218796,[제3군] 레지오넬라증,2008.03.03,https://www.kdca.go.kr/bbs/kdca/49/218796/artclView.do
교육자료,218795,[제3군] 수막구균성수막염,2008.03.03,https://www.kdca.go.kr/bbs/kdca/49/218795/artclView.do
교육자료,218794,[제3군] 성홍열,2008.03.03,https://www.kdca.go.kr/bbs/kdca/49/218794/artclView.do
교육자료,218793,[제3군] 한센병,2008.03.03,https://www.kdca.go.kr/bbs/kdca/49/218793/artclView.do
교육자료,218792,[제3군] 결핵,2008.03.03,https://www.kdca.go.kr/bbs/kdca/49/218792/artclView.do
교육자료,218791,[제2군] 일본 뇌염,2008.03.03,https://www.kdca.go.kr/bbs/kdca/49/218791/artclView.do
교육자료,218790,[제2군] B형 간염,2008.03.03,https://www.kdca.go.kr/bbs/kdca/49/218790/artclView.do
교육자료,218789,[제2군] 폴리오,2008.03.03,https://www.kdca.go.kr/bbs/kdca/49/218789/artclView.do
교육자료,218788,[제2군] 풍진,2008.03.03,https://www.kdca.go.kr/bbs/kdca/49/218788/artclView.do
교육자료,218787,[제2군] 유행성이하선염,2008.03.03,https://www.kdca.go.kr/bbs/kdca/49/218787/artclView.do
교육자료,218786,[제2군] 홍역,2008.03.03,https://www.kdca.go.kr/bbs/kdca/49/218786/artclView.do
교육자료,218785,[제2군] 파상풍,2008.03.03,https://www.kdca.go.kr/bbs/kdca/49/218785/artclView.do
교육자료,218784,[제2군] 백일해,2008.03.03,https://www.kdca.go.kr/bbs/kdca/49/218784/artclView.do
교육자료,218783,[제2군] 디프테리아,2008.03.02,https://www.kdca.go.kr/bbs/kdca/49/218783/artclView.do
교육자료,218782,[제1군] 장출혈성대장균감염증,2008.03.02,https://www.kdca.go.kr/bbs/kdca/49/218782/artclView.do
교육자료,218781,[제1군] 세균성이질,2008.03.02,https://www.kdca.go.kr/bbs/kdca/49/218781/artclView.do
교육자료,218780,[제1군] 파라티푸스,2008.03.02,https://www.kdca.go.kr/bbs/kdca/49/218780/artclView.do
교육자료,218779,[제1군] 장티푸스,2008.03.02,https://www.kdca.go.kr/bbs/kdca/49/218779/artclView.do
교육자료,218778,[제1군] 페스트,2008.03.02,https://www.kdca.go.kr/bbs/kdca/49/218778/artclView.do
교육자료,218777,[제1군] 콜레라,2008.03.02,https://www.kdca.go.kr/bbs/kdca/49/218777/artclView.do
지침,227248,고위험병원체진단지침(조류인플루엔자),2008.03.01,https://www.kdca.go.kr/bbs/kdca/55/227248/artclView.do
지침,227247,수인성 감시 지침,2008.03.01,https://www.kdca.go.kr/bbs/kdca/55/227247/artclView.do
서식,228346,해외유입기생충감염증 표본감시 신고 서식,2008.02.29,https://www.kdca.go.kr/bbs/kdca/57/228346/artclView.do
서식,228345,성병 표본감시 신고 서식,2008.02.29,https://www.kdca.go.kr/bbs/kdca/57/228345/artclView.do
서식,228344,VRSA 표본감시 신고 서식,2008.02.29,https://www.kdca.go.kr/bbs/kdca/57/228344/artclView.do
서식,228343,바이러스성 간염 표본감시 신고 서식,2008.02.29,https://www.kdca.go.kr/bbs/kdca/57/228343/artclView.do
공지사항,220754,"2008년 7주 감염병발생주보(CDWR) 국, 영문 발간안내",2008.02.25,https://www.kdca.go.kr/bbs/kdca/50/220754/artclView.do
지침,227246,플라비바이러스 실험실 진단 매뉴얼(2008),2008.02.24,https://www.kdca.go.kr/bbs/kdca/55/227246/artclView.do
지침,227245,공수병 실험실 진단법,2008.02.24,https://www.kdca.go.kr/bbs/kdca/55/227245/artclView.do
지침,227244,인수공통전염병 실험실 진단법 2nd,2008.02.24,https://www.kdca.go.kr/bbs/kdca/55/227244/artclView.do
지침,227243,연구시설신고.허가제도및유전자변형생물체....가이드라인(2007.12),2008.02.24,https://www.kdca.go.kr/bbs/kdca/55/227243/artclView.do
지침,227242,고위험병원체 검사 이동 및 폐기 등에관한 안전관리규정,2008.02.24,https://www.kdca.go.kr/bbs/kdca/55/227242/artclView.do
지침,227241,유전자재조합실험지침[보건복지부고시 제2007.39],2008.02.24,https://www.kdca.go.kr/bbs/kdca/55/227241/artclView.do
지침,227240,인체위해성 평가자료의 제출범위(제4조제2항제2호관련),2008.02.24,https://www.kdca.go.kr/bbs/kdca/55/227240/artclView.do
지침,227239,유전자재조합실험지침[보건복지부고시 제2007.39],2008.02.24,https://www.kdca.go.kr/bbs/kdca/55/227239/artclView.do
지침,227238,유전자변형생물체의인체위해성 심사규정[보건복지부 제2006-81호],2008.02.24,https://www.kdca.go.kr/bbs/kdca/55/227238/artclView.do
지침,227237,시험.연구용유전자변형생물체 수입승인제도 가이드라인(2007.12),2008.02.24,https://www.kdca.go.kr/bbs/kdca/55/227237/artclView.do
지침,227236,기관생물안전위원회 구성운영 워크숍(2007.12),2008.02.24,https://www.kdca.go.kr/bbs/kdca/55/227236/artclView.do
지침,227235,LMO 인체위해3및4등급연구시설허가.안전관리,2008.02.24,https://www.kdca.go.kr/bbs/kdca/55/227235/artclView.do
지침,227234,고위험병원체 목록 (32종),2008.02.24,https://www.kdca.go.kr/bbs/kdca/55/227234/artclView.do
지침,227233,고위험병원체보존및안전관리메뉴얼(2007),2008.02.24,https://www.kdca.go.kr/bbs/kdca/55/227233/artclView.do
지침,227232,HIV/AIDS 확진자 과거 헌혈력 조사지침,2008.02.24,https://www.kdca.go.kr/bbs/kdca/55/227232/artclView.do
지침,227231,헌혈 혈액 검체보관 및 이송지침,2008.02.24,https://www.kdca.go.kr/bbs/kdca/55/227231/artclView.do
지침,227230,특정 수혈부작용조사 지침,2008.02.24,https://www.kdca.go.kr/bbs/kdca/55/227230/artclView.do
지침,227229,실험실생물안전지침-2006최종판,2008.02.24,https://www.kdca.go.kr/bbs/kdca/55/227229/artclView.do
서식,228342,생물안전 3등급 연구시설 검증기술서,2008.02.24,https://www.kdca.go.kr/bbs/kdca/57/228342/artclView.do
서식,228341,별지제1호의5서식(고위험병원체보존현황 제출양식),2008.02.24,https://www.kdca.go.kr/bbs/kdca/57/228341/artclView.do
서식,228340,별지 제1호의3서식(고위험병원체 분리신고서 양식),2008.02.24,https://www.kdca.go.kr/bbs/kdca/57/228340/artclView.do
서식,228339,별지 제1호의4서식(고위험병원체 이동신고서 양식),2008.02.24,https://www.kdca.go.kr/bbs/kdca/57/228339/artclView.do
서식,228338,특정수혈부작용조사 신고 안내문(서식 포함),2008.02.24,https://www.kdca.go.kr/bbs/kdca/57/228338/artclView.do
서식,228337,청소년 건강행태 온라인조사 원시자료 요청서 양식,2008.02.24,https://www.kdca.go.kr/bbs/kdca/57/228337/artclView.do
지침,227228,영유아 건강검진기관 교육운영지침,2008.02.23,https://www.kdca.go.kr/bbs/kdca/55/227228/artclView.do
지침,227227,심뇌혈관질환 고위험군 등록관리 비용상환FAQ,2008.02.23,https://www.kdca.go.kr/bbs/kdca/55/227227/artclView.do
지침,227226,생애전환기 건강진단사업 지침 1부,2008.02.23,https://www.kdca.go.kr/bbs/kdca/55/227226/artclView.do
지침,227225,심뇌혈관질환 고위험군 등록관리시범사업운영지침(의료기관용),2008.02.23,https://www.kdca.go.kr/bbs/kdca/55/227225/artclView.do
지침,227224,심뇌혈관질환 고위험군 등록관리시범사업운영지침(약국용),2008.02.23,https://www.kdca.go.kr/bbs/kdca/55/227224/artclView.do
지침,227223,심뇌혈관질환 고위험군 등록관리시범사업운영지침(보건소용),2008.02.23,https://www.kdca.go.kr/bbs/kdca/55/227223/artclView.do
지침,227222,2007년도 영유아 건강검진 사업 지침,2008.02.23,https://www.kdca.go.kr/bbs/kdca/55/227222/artclView.do
공지사항,220751,"2008년 6주 감염병발생주보(CDWR) 국, 영문 발간안내",2008.02.22,https://www.kdca.go.kr/bbs/kdca/50/220751/artclView.do
공지사항,220750,"2008년 5주(1월보) 감염병발생주보(CDWR) 국, 영문 발간안내",2008.02.22,https://www.kdca.go.kr/bbs/kdca/50/220750/artclView.do
공지사항,220749,"2008년 4주 감염병발생주보(CDWR) 국, 영문 발간안내",2008.02.22,https://www.kdca.go.kr/bbs/kdca/50/220749/artclView.do
지침,227221,"브루셀라증 예방,관리 지침",2008.02.21,https://www.kdca.go.kr/bbs/kdca/55/227221/artclView.do
공지사항,220730,"2008년 3주 감염병발생주보(CDWR) 국, 영문 발간안내",2008.01.28,https://www.kdca.go.kr/bbs/kdca/50/220730/artclView.do
공지사항,220729,"2008년 2주 감염병발생주보(CDWR) 국, 영문 발간안내",2008.01.28,https://www.kdca.go.kr/bbs/kdca/50/220729/artclView.do
서식,228336,특정수혈부작용조사 신고서식 등 안내,2008.01.17,https://www.kdca.go.kr/bbs/kdca/57/228336/artclView.do
공지사항,220722,"2008년 1주 감염병발생주보(CDWR) 국, 영문 발간안내",2008.01.16,https://www.kdca.go.kr/bbs/kdca/50/220722/artclView.do
공지사항,220720,"2007년 52주(12월보) 감염병발생주보(CDWR) 국, 영문 발간안내",2008.01.08,https://www.kdca.go.kr/bbs/kdca/50/220720/artclView.do
공지사항,220715,"2007년 51주 감염병발생주보(CDWR) 국, 영문 발간안내",2007.12.31,https://www.kdca.go.kr/bbs/kdca/50/220715/artclView.do
공지사항,220714,"2007년 50주 감염병발생주보(CDWR) 국, 영문 발간안내",2007.12.31,https://www.kdca.go.kr/bbs/kdca/50/220714/artclView.do
공지사항,220713,"2007년 49주 감염병발생주보(CDWR) 국, 영문 발간안내",2007.12.31,https://www.kdca.go.kr/bbs/kdca/50/220713/artclView.do
공지사항,220712,"2007년 48주(11월보) 감염병발생주보(CDWR) 국, 영문 발간안내",2007.12.31,https://www.kdca.go.kr/bbs/kdca/50/220712/artclView.do
공지사항,220711,"2007년 47주 감염병발생주보(CDWR) 국, 영문 발간안내",2007.12.31,https://www.kdca.go.kr/bbs/kdca/50/220711/artclView.do
지침,227220,혈액안전감시업무 기본교육 강의자료,2007.12.10,https://www.kdca.go.kr/bbs/kdca/55/227220/artclView.do
공지사항,220689,"2007년 46주 감염병발생주보(CDWR) 국, 영문 발간안내",2007.11.27,https://www.kdca.go.kr/bbs/kdca/50/220689/artclView.do
공지사항,220688,2007년도 국립보건연구원 감염병 연구 성과 발표회,2007.11.26,https://www.kdca.go.kr/bbs/kdca/50/220688/artclView.do
공지사항,220687,"2007년 45주 감염병발생주보(CDWR) 국, 영문 발간안내",2007.11.23,https://www.kdca.go.kr/bbs/kdca/50/220687/artclView.do
공지사항,220686,"2007년 44주(10월보) 감염병발생주보(CDWR) 국, 영문 발간안내",2007.11.23,https://www.kdca.go.kr/bbs/kdca/50/220686/artclView.do
공지사항,220685,"2007년 43주 감염병발생주보(CDWR) 국, 영문 발간안내",2007.11.23,https://www.kdca.go.kr/bbs/kdca/50/220685/artclView.do
지침,227219,2007년 소아 및 청소년 표준 성장도표(해설) 입니다.,2007.11.01,https://www.kdca.go.kr/bbs/kdca/55/227219/artclView.do
공지사항,220669,"2007년 42주 감염병발생주보(CDWR) 국, 영문 발간안내",2007.10.30,https://www.kdca.go.kr/bbs/kdca/50/220669/artclView.do
공지사항,220668,"2007년 41주 감염병발생주보(CDWR) 국, 영문 발간안내",2007.10.25,https://www.kdca.go.kr/bbs/kdca/50/220668/artclView.do
공지사항,220665,"2007년 40주 감염병발생주보(CDWR) 국, 영문 발간안내",2007.10.16,https://www.kdca.go.kr/bbs/kdca/50/220665/artclView.do
공지사항,220664,"2007년 39주(9월보) 감염병발생주보(CDWR) 국, 영문 발간안내",2007.10.15,https://www.kdca.go.kr/bbs/kdca/50/220664/artclView.do
지침,227218,2007년도 역학조사 담당자 심화교육,2007.10.08,https://www.kdca.go.kr/bbs/kdca/55/227218/artclView.do
공지사항,220654,"2007년 38주 감염병발생주보(CDWR) 국, 영문 발간안내",2007.10.08,https://www.kdca.go.kr/bbs/kdca/50/220654/artclView.do
공지사항,220653,"2007년 37주 감염병발생주보(CDWR) 국, 영문 발간안내",2007.10.08,https://www.kdca.go.kr/bbs/kdca/50/220653/artclView.do
서식,228335,사례조사서 양식 모음(2007년 개정),2007.09.27,https://www.kdca.go.kr/bbs/kdca/57/228335/artclView.do
공지사항,220647,"2007년 36주 감염병발생주보(CDWR) 국, 영문 발간안내",2007.09.19,https://www.kdca.go.kr/bbs/kdca/50/220647/artclView.do
공지사항,220644,"2007년 35주(8월보) 감염병발생주보(CDWR) 국, 영문 발간안내",2007.09.13,https://www.kdca.go.kr/bbs/kdca/50/220644/artclView.do
공지사항,220643,"2007년 34주 감염병발생주보(CDWR) 국, 영문 발간안내",2007.09.13,https://www.kdca.go.kr/bbs/kdca/50/220643/artclView.do
지침,227217,"Annual report of the Korea Influenza Surveillance Scheme, 2006-07 season",2007.09.11,https://www.kdca.go.kr/bbs/kdca/55/227217/artclView.do
지침,227216,2007 전염병감시 및 보고 지침,2007.09.06,https://www.kdca.go.kr/bbs/kdca/55/227216/artclView.do
지침,227215,"브루셀라증 예방,관리 지침",2007.09.05,https://www.kdca.go.kr/bbs/kdca/55/227215/artclView.do
공지사항,220638,유전자재조합실험지침 설명회 개최 안내,2007.09.05,https://www.kdca.go.kr/bbs/kdca/50/220638/artclView.do
공지사항,220634,"2007년 33주 감염병발생주보(CDWR) 국, 영문 발간안내",2007.08.29,https://www.kdca.go.kr/bbs/kdca/50/220634/artclView.do
공지사항,220632,"2007년 32주 감염병발생주보(CDWR) 국, 영문 발간안내",2007.08.24,https://www.kdca.go.kr/bbs/kdca/50/220632/artclView.do
공지사항,220624,"2007년 31주 감염병발생주보(CDWR) 국, 영문 발간안내",2007.08.17,https://www.kdca.go.kr/bbs/kdca/50/220624/artclView.do
공지사항,220619,"2007년 30주(7월보) 감염병발생주보(CDWR) 국, 영문 발간안내",2007.08.08,https://www.kdca.go.kr/bbs/kdca/50/220619/artclView.do
공지사항,220615,"2007년 29주 감염병발생주보(CDWR) 국, 영문 발간안내",2007.08.01,https://www.kdca.go.kr/bbs/kdca/50/220615/artclView.do
공지사항,220614,"2007년 28주 감염병발생주보(CDWR) 국, 영문 발간안내",2007.08.01,https://www.kdca.go.kr/bbs/kdca/50/220614/artclView.do
공지사항,220608,제1회 예방접종 사진수기 공모전 개최,2007.07.20,https://www.kdca.go.kr/bbs/kdca/50/220608/artclView.do
공지사항,220605,"2007년 27주 감염병발생주보(CDWR) 국, 영문 발간안내",2007.07.18,https://www.kdca.go.kr/bbs/kdca/50/220605/artclView.do
공지사항,220603,"감염병발생주보(CDWR) 국, 영문 2007년 26주(6월보) 발간안내",2007.07.12,https://www.kdca.go.kr/bbs/kdca/50/220603/artclView.do
지침,227214,2007년도 전국 역학조사담당자교육 발표자료,2007.07.10,https://www.kdca.go.kr/bbs/kdca/55/227214/artclView.do
공지사항,220600,"감염병발생주보(CDWR) 국, 영문 2007년 25주 발간안내",2007.07.09,https://www.kdca.go.kr/bbs/kdca/50/220600/artclView.do
공지사항,220599,"감염병발생주보(CDWR) 국, 영문 2007년 24주 발간안내",2007.07.09,https://www.kdca.go.kr/bbs/kdca/50/220599/artclView.do
지침,227213,전염병사업관리지침,2007.06.21,https://www.kdca.go.kr/bbs/kdca/55/227213/artclView.do
지침,227212,2007 전염병관리사업 지침,2007.06.21,https://www.kdca.go.kr/bbs/kdca/55/227212/artclView.do
공지사항,220589,"감염병발생주보(CDWR) 국, 영문 2007년 23주 발간안내",2007.06.19,https://www.kdca.go.kr/bbs/kdca/50/220589/artclView.do
지침,227211,국민건강영양조사 배너광고 자료입니다.,2007.06.15,https://www.kdca.go.kr/bbs/kdca/55/227211/artclView.do
공지사항,220586,"감염병발생주보(CDWR) 국, 영문 2007년 22주(5월보) 발간안내",2007.06.13,https://www.kdca.go.kr/bbs/kdca/50/220586/artclView.do
공지사항,220580,"감염병발생주보(CDWR) 국, 영문 2007년 21주 발간안내",2007.06.04,https://www.kdca.go.kr/bbs/kdca/50/220580/artclView.do
공지사항,220571,"감염병발생주보(CDWR) 국, 영문 2007년 19주 발간안내",2007.05.22,https://www.kdca.go.kr/bbs/kdca/50/220571/artclView.do
공지사항,220567,"감염병발생주보(CDWR) 국, 영문 2007년 18주 발간안내",2007.05.16,https://www.kdca.go.kr/bbs/kdca/50/220567/artclView.do
공지사항,220564,"감염병발생주보(CDWR) 국, 영문 2007년 17주 발간안내",2007.05.10,https://www.kdca.go.kr/bbs/kdca/50/220564/artclView.do
공지사항,220563,"감염병발생주보(CDWR) 국, 영문 2007년 16주 발간안내",2007.05.08,https://www.kdca.go.kr/bbs/kdca/50/220563/artclView.do
공지사항,220562,"감염병발생주보(CDWR) 국, 영문 2007년 15주 발간안내",2007.05.08,https://www.kdca.go.kr/bbs/kdca/50/220562/artclView.do
지침,227210,2007년도 공수병지침,2007.05.01,https://www.kdca.go.kr/bbs/kdca/55/227210/artclView.do
공지사항,220558,"감염병발생주보(CDWR) 국, 영문 2007년 14주 발간안내",2007.04.17,https://www.kdca.go.kr/bbs/kdca/50/220558/artclView.do
공지사항,220557,"감염병발생주보(CDWR) 국, 영문 2007년 13주(3월호) 발간안내",2007.04.13,https://www.kdca.go.kr/bbs/kdca/50/220557/artclView.do
공지사항,220556,"감염병발생주보(CDWR) 국, 영문 2007년 12주 발간안내",2007.04.13,https://www.kdca.go.kr/bbs/kdca/50/220556/artclView.do
지침,227209,2007년도 학술및전산용역사업 편람,2007.04.03,https://www.kdca.go.kr/bbs/kdca/55/227209/artclView.do
공지사항,220543,"감염병발생주보(CDWR) 국, 영문 2007년 11주 발간안내",2007.03.27,https://www.kdca.go.kr/bbs/kdca/50/220543/artclView.do
지침,227208,2007 성병관리지침,2007.03.26,https://www.kdca.go.kr/bbs/kdca/55/227208/artclView.do
공지사항,220541,"감염병발생주보(CDWR) 국, 영문 2007년 10주 발간안내",2007.03.21,https://www.kdca.go.kr/bbs/kdca/50/220541/artclView.do
공지사항,220535,『국가필수예방접종 보장범위 확대방안』공청회 개최,2007.03.21,https://www.kdca.go.kr/bbs/kdca/50/220535/artclView.do
지침,227207,한센사업지침,2007.03.20,https://www.kdca.go.kr/bbs/kdca/55/227207/artclView.do
지침,227206,2007 HIV/AIDS 관리지침,2007.03.20,https://www.kdca.go.kr/bbs/kdca/55/227206/artclView.do
지침,227205,2007 결핵관리지침,2007.03.19,https://www.kdca.go.kr/bbs/kdca/55/227205/artclView.do
공지사항,220532,"감염병발생주보(CDWR) 국, 영문 2007년 9주(2월호) 발간안내",2007.03.12,https://www.kdca.go.kr/bbs/kdca/50/220532/artclView.do
공지사항,220531,"감염병발생주보(CDWR) 국, 영문 2007년 8주 발간안내",2007.03.12,https://www.kdca.go.kr/bbs/kdca/50/220531/artclView.do
서식,228334,홍역 면역도 조사 지침 및 보건소 면역도 조사관리 카드 양식,2007.03.09,https://www.kdca.go.kr/bbs/kdca/57/228334/artclView.do
공지사항,220522,"감염병발생주보(CDWR) 국, 영문 2007년 7주 발간안내",2007.02.26,https://www.kdca.go.kr/bbs/kdca/50/220522/artclView.do
공지사항,220514,"감염병발생주보(CDWR) 국, 영문 2007년 6주 발간안내",2007.02.20,https://www.kdca.go.kr/bbs/kdca/50/220514/artclView.do
공지사항,220513,"감염병발생주보(CDWR) 국, 영문 2007년 5주(1월호) 발간안내",2007.02.12,https://www.kdca.go.kr/bbs/kdca/50/220513/artclView.do
공지사항,220508,"감염병발생주보(CDWR) 국, 영문 2007년 4주 발간안내",2007.02.05,https://www.kdca.go.kr/bbs/kdca/50/220508/artclView.do
지침,227204,수인성식품매개역학조사지침,2007.01.31,https://www.kdca.go.kr/bbs/kdca/55/227204/artclView.do
공지사항,220503,"감염병발생주보(CDWR) 국, 영문 2007년 3주 발간안내",2007.01.31,https://www.kdca.go.kr/bbs/kdca/50/220503/artclView.do
지침,227203,수인성 식품매개 역학조사 지침,2007.01.29,https://www.kdca.go.kr/bbs/kdca/55/227203/artclView.do
서식,228333,수인성 식품매개 역학조사서,2007.01.25,https://www.kdca.go.kr/bbs/kdca/57/228333/artclView.do
공지사항,220496,"감염병발생주보(CDWR) 국, 영문 2007년 2주 발간안내",2007.01.25,https://www.kdca.go.kr/bbs/kdca/50/220496/artclView.do
공지사항,220495,"감염병발생주보(CDWR) 국, 영문 2007년 1주 발간안내",2007.01.22,https://www.kdca.go.kr/bbs/kdca/50/220495/artclView.do
공지사항,220487,"감염병발생주보(CDWR) 국, 영문 52주(12월호) 발간안내",2007.01.12,https://www.kdca.go.kr/bbs/kdca/50/220487/artclView.do
공지사항,220484,"감염병발생주보(CDWR) 국, 영문 51주 발간안내",2007.01.04,https://www.kdca.go.kr/bbs/kdca/50/220484/artclView.do
서식,228332,AI 인체감염 위험군 역학조사 자료입력 DB 양식,2007.01.03,https://www.kdca.go.kr/bbs/kdca/57/228332/artclView.do
공지사항,220481,"감염병발생주보(CDWR) 국, 영문 50주 발간안내",2007.01.02,https://www.kdca.go.kr/bbs/kdca/50/220481/artclView.do
공지사항,220480,"감염병발생주보(CDWR) 국, 영문 49주 발간안내",2007.01.02,https://www.kdca.go.kr/bbs/kdca/50/220480/artclView.do
공지사항,220479,실험실생물안전지침 발간,2006.12.28,https://www.kdca.go.kr/bbs/kdca/50/220479/artclView.do
서식,228331,전염병 역학조사서 양식,2006.12.26,https://www.kdca.go.kr/bbs/kdca/57/228331/artclView.do
공지사항,220476,"감염병발생주보(CDWR) 국, 영문 48주(11월보) 발간안내",2006.12.15,https://www.kdca.go.kr/bbs/kdca/50/220476/artclView.do
지침,227202,전염병병원체 검사 보존 및 관리 규정 전부개정고시(개정공포),2006.12.12,https://www.kdca.go.kr/bbs/kdca/55/227202/artclView.do
공지사항,220471,"감염병발생주보(CDWR) 국, 영문 47주 발간안내",2006.12.08,https://www.kdca.go.kr/bbs/kdca/50/220471/artclView.do
지침,227201,비교위험도 및 신뢰구간 계산법 (엑셀활용),2006.12.06,https://www.kdca.go.kr/bbs/kdca/55/227201/artclView.do
공지사항,220470,한국인유전체역학조사사업 결과보고회,2006.12.06,https://www.kdca.go.kr/bbs/kdca/50/220470/artclView.do
공지사항,220469,"감염병발생주보(CDWR) 국, 영문 46주 발간안내",2006.12.04,https://www.kdca.go.kr/bbs/kdca/50/220469/artclView.do
공지사항,220463,"감염병발생주보(CDWR) 국, 영문 45주 발간안내",2006.11.28,https://www.kdca.go.kr/bbs/kdca/50/220463/artclView.do
지침,227200,2006조류인플루엔자 인체감염 예방 및 관리지침,2006.11.25,https://www.kdca.go.kr/bbs/kdca/55/227200/artclView.do
지침,227199,2006 조류인플루엔자 인체감염 예방 및 관리지침,2006.11.25,https://www.kdca.go.kr/bbs/kdca/55/227199/artclView.do
지침,227198,전염병의진단기준일부개정고시(개정공포),2006.11.21,https://www.kdca.go.kr/bbs/kdca/55/227198/artclView.do
공지사항,220458,"감염병발생주보(CDWR) 국, 영문 44주 발간안내",2006.11.20,https://www.kdca.go.kr/bbs/kdca/50/220458/artclView.do
공지사항,220457,"감염병발생주보(CDWR) 국, 영문 43주(10월보) 발간안내",2006.11.20,https://www.kdca.go.kr/bbs/kdca/50/220457/artclView.do
공지사항,220453,"감염병발생주보(CDWR) 국, 영문 42주 발간안내",2006.11.09,https://www.kdca.go.kr/bbs/kdca/50/220453/artclView.do
공지사항,220448,"감염병발생주보(CDWR) 국, 영문 41주 발간안내",2006.10.31,https://www.kdca.go.kr/bbs/kdca/50/220448/artclView.do
공지사항,220447,"감염병발생주보(CDWR) 국, 영문 40주 발간안내",2006.10.26,https://www.kdca.go.kr/bbs/kdca/50/220447/artclView.do
공지사항,220443,"감염병발생주보(CDWR) 국, 영문 39주(9월보) 발간안내",2006.10.20,https://www.kdca.go.kr/bbs/kdca/50/220443/artclView.do
공지사항,220442,"감염병발생주보(CDWR) 국, 영문 38주 발간안내",2006.10.20,https://www.kdca.go.kr/bbs/kdca/50/220442/artclView.do
공지사항,220430,"감염병발생주보(CDWR) 국, 영문 37주 발간안내",2006.10.02,https://www.kdca.go.kr/bbs/kdca/50/220430/artclView.do
공지사항,220426,"감염병발생주보(CDWR) 국, 영문 36주 발간안내",2006.09.25,https://www.kdca.go.kr/bbs/kdca/50/220426/artclView.do
지침,227197,2006 수두관리지침,2006.09.21,https://www.kdca.go.kr/bbs/kdca/55/227197/artclView.do
공지사항,220424,"감염병발생주보(CDWR) 국, 영문 35주(8월보) 발간안내",2006.09.20,https://www.kdca.go.kr/bbs/kdca/50/220424/artclView.do
공지사항,220417,"감염병발생주보(CDWR) 국, 영문 34주 발간안내",2006.09.11,https://www.kdca.go.kr/bbs/kdca/50/220417/artclView.do
공지사항,220414,"감염병발생주보(CDWR) 국, 영문 33주 발간안내",2006.09.04,https://www.kdca.go.kr/bbs/kdca/50/220414/artclView.do
공지사항,220410,"감염병발생주보(CDWR) 국, 영문 32주 발간안내",2006.08.24,https://www.kdca.go.kr/bbs/kdca/50/220410/artclView.do
공지사항,220407,"감염병발생주보(CDWR) 국, 영문 31주 발간안내",2006.08.18,https://www.kdca.go.kr/bbs/kdca/50/220407/artclView.do
공지사항,220406,"감염병발생주보(CDWR) 국, 영문 30주(7월보) 발간안내",2006.08.17,https://www.kdca.go.kr/bbs/kdca/50/220406/artclView.do
공지사항,220405,"감염병발생주보(CDWR) 국, 영문 29주 발간안내",2006.08.17,https://www.kdca.go.kr/bbs/kdca/50/220405/artclView.do
공지사항,220392,"감염병발생주보(CDWR) 국, 영문 28주 발간안내",2006.07.28,https://www.kdca.go.kr/bbs/kdca/50/220392/artclView.do
공지사항,220389,"감염병발생주보(CDWR) 국, 영문 27주 발간안내",2006.07.25,https://www.kdca.go.kr/bbs/kdca/50/220389/artclView.do
공지사항,220387,"감염병발생주보(CDWR) 국, 영문 26주(6월보) 발간안내",2006.07.18,https://www.kdca.go.kr/bbs/kdca/50/220387/artclView.do
공지사항,220384,"감염병발생주보(CDWR) 국, 영문 25주 발간안내",2006.07.10,https://www.kdca.go.kr/bbs/kdca/50/220384/artclView.do
지침,227196,(1)브루셀라증 실태조사 수행지침 (2)교육자료 (3)참여동의서,2006.07.07,https://www.kdca.go.kr/bbs/kdca/55/227196/artclView.do
공지사항,220381,"감염병발생주보(CDWR) 국, 영문 24주 발간안내",2006.07.04,https://www.kdca.go.kr/bbs/kdca/50/220381/artclView.do
공지사항,220379,"감염병발생주보(CDWR) 국, 영문 23주 발간안내",2006.07.03,https://www.kdca.go.kr/bbs/kdca/50/220379/artclView.do
지침,227195,예방접종의실시기준및방법일부개정고시,2006.06.27,https://www.kdca.go.kr/bbs/kdca/55/227195/artclView.do
지침,227194,전염병의진단기준일부개정고시,2006.06.27,https://www.kdca.go.kr/bbs/kdca/55/227194/artclView.do
지침,227193,지정전염병등의종류일부개정고시,2006.06.27,https://www.kdca.go.kr/bbs/kdca/55/227193/artclView.do
공지사항,220376,예방접종의실시기준및방법일부개정고시,2006.06.27,https://www.kdca.go.kr/bbs/kdca/50/220376/artclView.do
공지사항,220375,(1)지정전염병등의종류일부개정고시 (2)전염병의진단기준일부개정고시 (3)예방접종의실시기준및방법일부개정고시,2006.06.27,https://www.kdca.go.kr/bbs/kdca/50/220375/artclView.do
서식,228330,특정수혈부작용 신고 양식(혈액관리법 별지8호 서식),2006.06.21,https://www.kdca.go.kr/bbs/kdca/57/228330/artclView.do
공지사항,220371,"감염병발생주보(CDWR) 22주(5월보) 국,영문 발간안내",2006.06.20,https://www.kdca.go.kr/bbs/kdca/50/220371/artclView.do
지침,227192,2006년 한센 사업 지침,2006.06.16,https://www.kdca.go.kr/bbs/kdca/55/227192/artclView.do
공지사항,220367,"감염병발생주보(CDWR) 국,영문 21주 발간안내",2006.06.15,https://www.kdca.go.kr/bbs/kdca/50/220367/artclView.do
지침,227191,2006년 한센관리지침,2006.06.13,https://www.kdca.go.kr/bbs/kdca/55/227191/artclView.do
공지사항,220358,"감염병발생주보(CDWR) 국,영문 20주 발간안내",2006.06.01,https://www.kdca.go.kr/bbs/kdca/50/220358/artclView.do
공지사항,220357,"감염병발생주보(CDWR) 국,영문 19주 발간안내",2006.06.01,https://www.kdca.go.kr/bbs/kdca/50/220357/artclView.do
지침,227190,2006년도 HIV/AIDS관리지침,2006.05.29,https://www.kdca.go.kr/bbs/kdca/55/227190/artclView.do
지침,227189,2006년도 성병관리지침,2006.05.29,https://www.kdca.go.kr/bbs/kdca/55/227189/artclView.do
지침,227188,2006년 크로이츠펠트-야콥병 표본감시 관리지침,2006.05.29,https://www.kdca.go.kr/bbs/kdca/55/227188/artclView.do
지침,227187,2006년도 HIV/AIDS관리지침,2006.05.26,https://www.kdca.go.kr/bbs/kdca/55/227187/artclView.do
지침,227186,2006년도 성병관리지침,2006.05.26,https://www.kdca.go.kr/bbs/kdca/55/227186/artclView.do
공지사항,220353,"감염병발생주보(CDWR) 국, 영문 18주 발간안내",2006.05.26,https://www.kdca.go.kr/bbs/kdca/50/220353/artclView.do
지침,227185,2006년도 전염병관리사업지침,2006.05.23,https://www.kdca.go.kr/bbs/kdca/55/227185/artclView.do
공지사항,220345,"감염병발생주보(CDWR) 국,영문 17주(4월보) 발간안내",2006.05.12,https://www.kdca.go.kr/bbs/kdca/50/220345/artclView.do
공지사항,220342,"감염병발생주보(CDWR) 국, 영문 16주 발간안내",2006.05.10,https://www.kdca.go.kr/bbs/kdca/50/220342/artclView.do
공지사항,220338,"감염병발생주보(CDWR) 국, 영문 15주 발간안내",2006.05.02,https://www.kdca.go.kr/bbs/kdca/50/220338/artclView.do
공지사항,220332,"감염병발생주보(CDWR) 국, 영문 14주 발간안내",2006.04.20,https://www.kdca.go.kr/bbs/kdca/50/220332/artclView.do
공지사항,220331,"감염병발생주보(CDWR) 국, 영문 13주(3월보) 발간안내",2006.04.17,https://www.kdca.go.kr/bbs/kdca/50/220331/artclView.do
공지사항,220323,"감염병발생주보(CDWR) 국, 영문 12주 발간안내",2006.04.06,https://www.kdca.go.kr/bbs/kdca/50/220323/artclView.do
공지사항,220320,감염병발생주보(CDWR) 11주 발간안내,2006.03.28,https://www.kdca.go.kr/bbs/kdca/50/220320/artclView.do
지침,227184,2006년 홍역감시관리지침,2006.03.23,https://www.kdca.go.kr/bbs/kdca/55/227184/artclView.do
공지사항,220311,감염병발생주보(CDWR) 10주 발간안내,2006.03.23,https://www.kdca.go.kr/bbs/kdca/50/220311/artclView.do
지침,227183,2006년도 결핵관리지침,2006.03.20,https://www.kdca.go.kr/bbs/kdca/55/227183/artclView.do
공지사항,220305,감염병발생주보(CDWR) 9주 발간안내,2006.03.17,https://www.kdca.go.kr/bbs/kdca/50/220305/artclView.do
공지사항,220304,감염병발생주보(CDWR) 8주(2월보) 발간안내,2006.03.16,https://www.kdca.go.kr/bbs/kdca/50/220304/artclView.do
지침,227182,2006년 결핵관리지침,2006.03.06,https://www.kdca.go.kr/bbs/kdca/55/227182/artclView.do
공지사항,220293,감염병발생주보(CDWR) 7주 발간안내,2006.03.06,https://www.kdca.go.kr/bbs/kdca/50/220293/artclView.do
공지사항,220287,감염병발생주보(CDWR) 6주 발간안내,2006.03.03,https://www.kdca.go.kr/bbs/kdca/50/220287/artclView.do
지침,227181,2006년도 학술 및 전산용역사업 편람,2006.02.23,https://www.kdca.go.kr/bbs/kdca/55/227181/artclView.do
공지사항,220271,감염병발생주보(CDWR) 5주 발간안내,2006.02.15,https://www.kdca.go.kr/bbs/kdca/50/220271/artclView.do
공지사항,220261,감염병발생주보(CDWR) 4주(2006년 1월보) 발간안내,2006.02.07,https://www.kdca.go.kr/bbs/kdca/50/220261/artclView.do
공지사항,220258,감염병발생주보(CDWR) 3주 발간안내,2006.02.02,https://www.kdca.go.kr/bbs/kdca/50/220258/artclView.do
공지사항,220253,감염병발생주보(CDWR) 2주 발간안내,2006.01.26,https://www.kdca.go.kr/bbs/kdca/50/220253/artclView.do
공지사항,220249,감염병발생주보(CDWR) 2006년 1주 발간안내,2006.01.18,https://www.kdca.go.kr/bbs/kdca/50/220249/artclView.do
공지사항,220244,감염병발생주보(CDWR) 53주(월보) 발간안내,2006.01.12,https://www.kdca.go.kr/bbs/kdca/50/220244/artclView.do
공지사항,220243,감염병 연구분야 용역사업 과제 수요조사,2006.01.12,https://www.kdca.go.kr/bbs/kdca/50/220243/artclView.do
공지사항,220236,감염병발생주보(CDWR) 52주 발간안내,2006.01.03,https://www.kdca.go.kr/bbs/kdca/50/220236/artclView.do
공지사항,220234,감염병발생주보(CDWR) 51주 발간안내,2005.12.28,https://www.kdca.go.kr/bbs/kdca/50/220234/artclView.do
공지사항,220230,감염병발생주보(CDWR) 50주 발간안내,2005.12.20,https://www.kdca.go.kr/bbs/kdca/50/220230/artclView.do
공지사항,220227,감염병발생주보(CDWR) 49주(월보) 발간안내,2005.12.15,https://www.kdca.go.kr/bbs/kdca/50/220227/artclView.do
공지사항,220216,감염병발생주보(CDWR) 47주 발간안내,2005.11.30,https://www.kdca.go.kr/bbs/kdca/50/220216/artclView.do
공지사항,220201,감염병발생주보(CDWR) 45주 발간안내,2005.11.15,https://www.kdca.go.kr/bbs/kdca/50/220201/artclView.do
공지사항,220198,감염병발생주보(CDWR) 44주(월보) 발간안내,2005.11.08,https://www.kdca.go.kr/bbs/kdca/50/220198/artclView.do
공지사항,220188,조류인플루엔자 인체감염 예방 및 관리지침,2005.11.02,https://www.kdca.go.kr/bbs/kdca/50/220188/artclView.do
공지사항,220186,감염병발생주보(CDWR) 43주 발간안내,2005.11.01,https://www.kdca.go.kr/bbs/kdca/50/220186/artclView.do
공지사항,220185,감염병발생주보(CDWR) 42주 발간안내,2005.10.27,https://www.kdca.go.kr/bbs/kdca/50/220185/artclView.do
지침,227180,조류인플루엔자 인체감염 예방 및 관리지침,2005.10.18,https://www.kdca.go.kr/bbs/kdca/55/227180/artclView.do
공지사항,220175,조류인플루엔자 인체감염 예방 및 관리지침 자료실 업로드 안내,2005.10.18,https://www.kdca.go.kr/bbs/kdca/50/220175/artclView.do
지침,227179,2005년 HIV/AIDS 관리지침,2005.10.17,https://www.kdca.go.kr/bbs/kdca/55/227179/artclView.do
공지사항,220174,05년도 가을철발열성질환 관리지침 및 HIV/AIDS 관리지침 자료실 업로드,2005.10.17,https://www.kdca.go.kr/bbs/kdca/50/220174/artclView.do
공지사항,220173,감염병발생주보(CDWR) 41주 발간안내,2005.10.17,https://www.kdca.go.kr/bbs/kdca/50/220173/artclView.do
공지사항,220168,감염병발생주보(CDWR) 40주(월보) 발간안내,2005.10.10,https://www.kdca.go.kr/bbs/kdca/50/220168/artclView.do
공지사항,220167,감염병발생주보(CDWR) 39주 발간안내,2005.10.06,https://www.kdca.go.kr/bbs/kdca/50/220167/artclView.do
공지사항,220164,감염병발생주보(CDWR) 38주 발간안내,2005.09.28,https://www.kdca.go.kr/bbs/kdca/50/220164/artclView.do
지침,227178,2005년 비브리오패혈증 관리지침,2005.09.22,https://www.kdca.go.kr/bbs/kdca/55/227178/artclView.do
공지사항,220160,감염병발생주보(CDWR) 37주 발간안내,2005.09.21,https://www.kdca.go.kr/bbs/kdca/50/220160/artclView.do
공지사항,220155,감염병발생주보(CDWR) 36주(월보) 발간안내,2005.09.13,https://www.kdca.go.kr/bbs/kdca/50/220155/artclView.do
공지사항,220152,감염병발생주보(CDWR) 35주 발간안내,2005.09.06,https://www.kdca.go.kr/bbs/kdca/50/220152/artclView.do
공지사항,220149,감염병발생주보(CDWR) 34주 발간안내,2005.08.29,https://www.kdca.go.kr/bbs/kdca/50/220149/artclView.do
공지사항,220145,감염병발생주보(CDWR) 33주 발간안내,2005.08.24,https://www.kdca.go.kr/bbs/kdca/50/220145/artclView.do
공지사항,220139,감염병발생주보(CDWR) 32주 발간안내,2005.08.16,https://www.kdca.go.kr/bbs/kdca/50/220139/artclView.do
공지사항,220138,감염병발생주보(CDWR) 31주(월보) 발간안내,2005.08.08,https://www.kdca.go.kr/bbs/kdca/50/220138/artclView.do
공지사항,220130,감염병발생주보(CDWR) 30주 발간안내,2005.08.01,https://www.kdca.go.kr/bbs/kdca/50/220130/artclView.do
공지사항,220129,감염병발생주보(CDWR) 29주 발간안내,2005.08.01,https://www.kdca.go.kr/bbs/kdca/50/220129/artclView.do
서식,228329,2005년 보건소 등록결핵환자(재치료) 외래의료비 지원사업 지침,2005.07.20,https://www.kdca.go.kr/bbs/kdca/57/228329/artclView.do
공지사항,220123,감염병발생주보(CDWR) 28주 발간안내,2005.07.18,https://www.kdca.go.kr/bbs/kdca/50/220123/artclView.do
공지사항,220117,감염병발생주보(CDWR) 27주 발간안내,2005.07.12,https://www.kdca.go.kr/bbs/kdca/50/220117/artclView.do
공지사항,220115,감염병발생주보(CDWR) 26주 발간안내,2005.07.06,https://www.kdca.go.kr/bbs/kdca/50/220115/artclView.do
공지사항,220114,예방접종관련 연구과제 수요조사,2005.07.04,https://www.kdca.go.kr/bbs/kdca/50/220114/artclView.do
공지사항,220112,예방접종 안전관리 전문 사이트 오픈,2005.07.01,https://www.kdca.go.kr/bbs/kdca/50/220112/artclView.do
공지사항,220111,「국가필수예방접종 보장범위 확대 시범사업」개시 안내,2005.07.01,https://www.kdca.go.kr/bbs/kdca/50/220111/artclView.do
공지사항,220110,2004년 감염병역학조사보고서 발간 안내,2005.06.30,https://www.kdca.go.kr/bbs/kdca/50/220110/artclView.do
공지사항,220107,감염병발생주보(CDWR) 25주 발간안내,2005.06.27,https://www.kdca.go.kr/bbs/kdca/50/220107/artclView.do
공지사항,220106,감염병발생주보(CDWR) 24주 발간안내,2005.06.27,https://www.kdca.go.kr/bbs/kdca/50/220106/artclView.do
공지사항,220101,감염병발생주보(CDWR) 24주 발간안내,2005.06.22,https://www.kdca.go.kr/bbs/kdca/50/220101/artclView.do
공지사항,220096,감염병발생주보(CDWR) 23주 발간안내,2005.06.15,https://www.kdca.go.kr/bbs/kdca/50/220096/artclView.do
공지사항,220091,감염병발생주보(CDWR) 22주 발간안내,2005.06.07,https://www.kdca.go.kr/bbs/kdca/50/220091/artclView.do
공지사항,220089,감염병발생주보(CDWR) 21주 발간안내,2005.05.30,https://www.kdca.go.kr/bbs/kdca/50/220089/artclView.do
공지사항,220085,감염병발생주보(CDWR) 20주 발간안내,2005.05.23,https://www.kdca.go.kr/bbs/kdca/50/220085/artclView.do
지침,227177,내부연구사업선정 및 평가지침,2005.05.17,https://www.kdca.go.kr/bbs/kdca/55/227177/artclView.do
지침,227176,디자인 통합 관리지침서,2005.05.17,https://www.kdca.go.kr/bbs/kdca/55/227176/artclView.do
공지사항,220078,감염병발생주보(CDWR) 19주 발간안내,2005.05.17,https://www.kdca.go.kr/bbs/kdca/50/220078/artclView.do
공지사항,220072,2005년 4월 감염병발생정보(CDMR) 발간,2005.05.09,https://www.kdca.go.kr/bbs/kdca/50/220072/artclView.do
공지사항,220071,감염병발생주보(CDWR) 18주 발간안내,2005.05.09,https://www.kdca.go.kr/bbs/kdca/50/220071/artclView.do
지침,227175,공무원 행동강령,2005.05.07,https://www.kdca.go.kr/bbs/kdca/55/227175/artclView.do
지침,227174,학술 및 전산용역사업편람(2005년도)),2005.05.07,https://www.kdca.go.kr/bbs/kdca/55/227174/artclView.do
지침,227173,학술 및 전산용역사업편람(2004년도),2005.05.07,https://www.kdca.go.kr/bbs/kdca/55/227173/artclView.do
지침,227172,2004년도 학술 및 전산용역사업 편람,2005.05.07,https://www.kdca.go.kr/bbs/kdca/55/227172/artclView.do
지침,227171,2003년도 학술 및 전산용역사업 편람,2005.05.07,https://www.kdca.go.kr/bbs/kdca/55/227171/artclView.do
지침,227170,국외출장연수정보 웹사이트 안내,2005.05.07,https://www.kdca.go.kr/bbs/kdca/55/227170/artclView.do
지침,227169,과기부카드제지침개정입니다.,2005.05.07,https://www.kdca.go.kr/bbs/kdca/55/227169/artclView.do
지침,227168,[훈령]보건복지정보화추진규정중개정,2005.05.07,https://www.kdca.go.kr/bbs/kdca/55/227168/artclView.do
지침,227167,법정전염 병 실험실 진단지침,2005.05.07,https://www.kdca.go.kr/bbs/kdca/55/227167/artclView.do
지침,227166,기술훈련생위탁수련에관한규정,2005.05.07,https://www.kdca.go.kr/bbs/kdca/55/227166/artclView.do
서식,228328,청렴계약이행을 위한 입찰 특별유의서,2005.05.07,https://www.kdca.go.kr/bbs/kdca/57/228328/artclView.do
서식,228327,HIV항체검사실적보고양식,2005.05.07,https://www.kdca.go.kr/bbs/kdca/57/228327/artclView.do
서식,228326,청렴계약이행을 위한 입찰 특별유의서,2005.05.07,https://www.kdca.go.kr/bbs/kdca/57/228326/artclView.do
서식,228325,플로터 사용 신청서,2005.05.07,https://www.kdca.go.kr/bbs/kdca/57/228325/artclView.do
서식,228324,시ㆍ도 보건환경연구원 사업실적 보고양식,2005.05.07,https://www.kdca.go.kr/bbs/kdca/57/228324/artclView.do
서식,228323,국내 정상인과 CJD환자에서의 PRNP polymorphism과 점돌연변이의 분석,2005.05.07,https://www.kdca.go.kr/bbs/kdca/57/228323/artclView.do
공지사항,220068,감염병발생주보(CDWR) 17주 발간안내,2005.05.02,https://www.kdca.go.kr/bbs/kdca/50/220068/artclView.do
공지사항,220066,2005년 한센 사업지침 발간 안내,2005.04.29,https://www.kdca.go.kr/bbs/kdca/50/220066/artclView.do
지침,227165,2005년 한센사업지침,2005.04.28,https://www.kdca.go.kr/bbs/kdca/55/227165/artclView.do
공지사항,220063,감염병발생주보(CDWR) 16주 발간안내,2005.04.26,https://www.kdca.go.kr/bbs/kdca/50/220063/artclView.do
공지사항,220055,감염병발생주보(CDWR) 15주 발간안내,2005.04.19,https://www.kdca.go.kr/bbs/kdca/50/220055/artclView.do
지침,227164,2005년 성병관리지침,2005.04.15,https://www.kdca.go.kr/bbs/kdca/55/227164/artclView.do
지침,227163,2005년 전염병관리사업지침,2005.04.15,https://www.kdca.go.kr/bbs/kdca/55/227163/artclView.do
공지사항,220051,감염병발생주보(CDWR) 14주 발간안내,2005.04.14,https://www.kdca.go.kr/bbs/kdca/50/220051/artclView.do
공지사항,220048,감염병발생주보(CDWR) 13주 발간안내,2005.04.13,https://www.kdca.go.kr/bbs/kdca/50/220048/artclView.do
지침,227162,2005년 전염병보고 및 정보관리지침,2005.04.12,https://www.kdca.go.kr/bbs/kdca/55/227162/artclView.do
공지사항,220045,2005년 결핵관리지침 발간 안내,2005.04.12,https://www.kdca.go.kr/bbs/kdca/50/220045/artclView.do
지침,227161,2005년 결핵관리지침,2005.04.04,https://www.kdca.go.kr/bbs/kdca/55/227161/artclView.do
공지사항,220036,감염병발생주보(CDWR) 12주 발간안내,2005.04.01,https://www.kdca.go.kr/bbs/kdca/50/220036/artclView.do
공지사항,220029,감염병발생주보(CDWR) 11주 발간안내,2005.03.24,https://www.kdca.go.kr/bbs/kdca/50/220029/artclView.do
공지사항,220026,감염병발생주보(CDWR) 10주 발간안내,2005.03.18,https://www.kdca.go.kr/bbs/kdca/50/220026/artclView.do
공지사항,220025,감염병발생주보(CDWR) 9주 발간안내,2005.03.18,https://www.kdca.go.kr/bbs/kdca/50/220025/artclView.do
공지사항,220023,감염병발생주보(CDWR) 8주 발간안내,2005.03.08,https://www.kdca.go.kr/bbs/kdca/50/220023/artclView.do
공지사항,220022,감염병발생주보(CDWR) 7주 발간안내,2005.03.08,https://www.kdca.go.kr/bbs/kdca/50/220022/artclView.do
지침,227160,2005년 크로이츠펠트-야콥병 표본감시 관리지침,2005.03.04,https://www.kdca.go.kr/bbs/kdca/55/227160/artclView.do
공지사항,220020,감염병발생주보(CDWR) 6주 발간안내,2005.02.17,https://www.kdca.go.kr/bbs/kdca/50/220020/artclView.do
공지사항,220019,감염병발생주보(CDWR) 5주 발간안내,2005.02.07,https://www.kdca.go.kr/bbs/kdca/50/220019/artclView.do
공지사항,220018,감염병발생주보(CDWR) 4주 발간안내,2005.02.03,https://www.kdca.go.kr/bbs/kdca/50/220018/artclView.do
공지사항,220016,감염병발생주보(CDWR) 3주 발간안내,2005.02.01,https://www.kdca.go.kr/bbs/kdca/50/220016/artclView.do
공지사항,220015,감염병발생주보(CDWR) 2주 발간안내,2005.01.27,https://www.kdca.go.kr/bbs/kdca/50/220015/artclView.do
공지사항,220013,감염병발생주보(CDWR) 1주 발간 안내,2005.01.14,https://www.kdca.go.kr/bbs/kdca/50/220013/artclView.do
공지사항,220011,감염병발생주보(CDWR) 51주 발간안내,2004.12.28,https://www.kdca.go.kr/bbs/kdca/50/220011/artclView.do
공지사항,220009,감염병발생주보(CDWR) 50주 발간안내,2004.12.20,https://www.kdca.go.kr/bbs/kdca/50/220009/artclView.do
공지사항,220006,감염병발생주보(CDWR) 49주 발간안내,2004.12.13,https://www.kdca.go.kr/bbs/kdca/50/220006/artclView.do
공지사항,220005,감염병발생주보(CDWR) 48주 발간안내,2004.12.07,https://www.kdca.go.kr/bbs/kdca/50/220005/artclView.do
공지사항,220004,감염병발생주보(CDWR) 44주 수정발간 안내,2004.12.02,https://www.kdca.go.kr/bbs/kdca/50/220004/artclView.do
공지사항,220002,감염병발생주보(CDWR) 47주 발간안내,2004.12.02,https://www.kdca.go.kr/bbs/kdca/50/220002/artclView.do
공지사항,220000,감염병발생주보(CDWR) 46주 발간안내,2004.11.23,https://www.kdca.go.kr/bbs/kdca/50/220000/artclView.do
공지사항,219999,감염병발생주보(CDWR) 45주 발간안내,2004.11.16,https://www.kdca.go.kr/bbs/kdca/50/219999/artclView.do
공지사항,219998,감염병발생주보(CDWR) 43주 발간안내,2004.11.03,https://www.kdca.go.kr/bbs/kdca/50/219998/artclView.do
공지사항,219996,감염병발생주보(CDWR) 42주 발간안내,2004.10.26,https://www.kdca.go.kr/bbs/kdca/50/219996/artclView.do
공지사항,219995,감염병발생주보(CDWR) 41주 발간안내,2004.10.19,https://www.kdca.go.kr/bbs/kdca/50/219995/artclView.do
공지사항,219993,감염병발생주보(CDWR) 40주 발간안내,2004.10.13,https://www.kdca.go.kr/bbs/kdca/50/219993/artclView.do
공지사항,219992,감염병발생주보(CDWR) 39주 발간안내,2004.10.06,https://www.kdca.go.kr/bbs/kdca/50/219992/artclView.do
공지사항,219988,감염병발생주보(CDWR) 38주 발간안내,2004.09.24,https://www.kdca.go.kr/bbs/kdca/50/219988/artclView.do
공지사항,219987,감염병발생주보(CDWR) 37주 발간안내,2004.09.24,https://www.kdca.go.kr/bbs/kdca/50/219987/artclView.do
지침,227159,2004년 인플루엔자 관리지침,2004.09.16,https://www.kdca.go.kr/bbs/kdca/55/227159/artclView.do
공지사항,219977,감염병발생주보(CDWR) 36주 발간안내,2004.09.16,https://www.kdca.go.kr/bbs/kdca/50/219977/artclView.do
공지사항,219973,감염병발생주보(CDWR) 35주 발간안내,2004.09.10,https://www.kdca.go.kr/bbs/kdca/50/219973/artclView.do
공지사항,219972,감염병발생주보(CDWR) 34주 발간안내,2004.09.01,https://www.kdca.go.kr/bbs/kdca/50/219972/artclView.do
공지사항,219971,감염병발생주보(CDWR) 33주 발간안내,2004.08.27,https://www.kdca.go.kr/bbs/kdca/50/219971/artclView.do
공지사항,219969,감염병발생주보(CDWR) 32주 발간안내,2004.08.19,https://www.kdca.go.kr/bbs/kdca/50/219969/artclView.do
공지사항,219968,감염병발생주보(CDWR) 31주 발간안내,2004.08.12,https://www.kdca.go.kr/bbs/kdca/50/219968/artclView.do
공지사항,219967,감염병발생주보(CDWR) 30주 발간안내,2004.08.05,https://www.kdca.go.kr/bbs/kdca/50/219967/artclView.do
공지사항,219966,감염병발생주보(CDWR) 29주 발간안내,2004.07.30,https://www.kdca.go.kr/bbs/kdca/50/219966/artclView.do
공지사항,219965,감염병발생주보(CDWR) 28주 발간 안내,2004.07.22,https://www.kdca.go.kr/bbs/kdca/50/219965/artclView.do
공지사항,219963,감염병발생주보(CDWR) 27주 발간 안내,2004.07.14,https://www.kdca.go.kr/bbs/kdca/50/219963/artclView.do
지침,227158,2004 결핵관리지침,2004.07.01,https://www.kdca.go.kr/bbs/kdca/55/227158/artclView.do
공지사항,219961,감염병발생주보(CDWR) 25주 발간 안내,2004.06.30,https://www.kdca.go.kr/bbs/kdca/50/219961/artclView.do
지침,227157,2004년 전염병관리사업지침,2004.06.14,https://www.kdca.go.kr/bbs/kdca/55/227157/artclView.do
공지사항,219956,감염병발생주보(CDWR) 20주 발간 안내,2004.05.27,https://www.kdca.go.kr/bbs/kdca/50/219956/artclView.do
공지사항,219952,역학조사과 연구원 모집,2004.05.07,https://www.kdca.go.kr/bbs/kdca/50/219952/artclView.do
공지사항,219948,감염병발생주보(CDWR) 15주 발간 안내,2004.04.20,https://www.kdca.go.kr/bbs/kdca/50/219948/artclView.do
지침,227156,2004년 성병관리지침,2004.04.14,https://www.kdca.go.kr/bbs/kdca/55/227156/artclView.do
지침,227155,2004년 HIV/AIDS 관리지침,2004.04.14,https://www.kdca.go.kr/bbs/kdca/55/227155/artclView.do
공지사항,219947,감염병발생주보(CDWR) 14주,2004.04.14,https://www.kdca.go.kr/bbs/kdca/50/219947/artclView.do
공지사항,219945,감염병발생주보(CDWR) 13주 발간 안내,2004.04.06,https://www.kdca.go.kr/bbs/kdca/50/219945/artclView.do
공지사항,219943,감염병발생주보(CDWR) 12주 발간 안내,2004.03.29,https://www.kdca.go.kr/bbs/kdca/50/219943/artclView.do
공지사항,219939,감염병발생주보(CDWR) 11주 발간 안내,2004.03.22,https://www.kdca.go.kr/bbs/kdca/50/219939/artclView.do
공지사항,219937,감염병발생주보(CDWR) 10주 발간 안내,2004.03.16,https://www.kdca.go.kr/bbs/kdca/50/219937/artclView.do
공지사항,219934,감염병발생주보(CDWR) 9주 발간 안내,2004.03.10,https://www.kdca.go.kr/bbs/kdca/50/219934/artclView.do
공지사항,219924,감염병발생주보(CDWR) 8주 발간 안내,2004.03.03,https://www.kdca.go.kr/bbs/kdca/50/219924/artclView.do
공지사항,219920,감염병발생주보(CDWR) 7주 발간 안내,2004.02.25,https://www.kdca.go.kr/bbs/kdca/50/219920/artclView.do
공지사항,219917,2004년 전염병관리사업 지침,2004.02.21,https://www.kdca.go.kr/bbs/kdca/50/219917/artclView.do
공지사항,219911,감염병발생주보(CDWR) 6주 발간,2004.02.17,https://www.kdca.go.kr/bbs/kdca/50/219911/artclView.do
공지사항,219909,조류인플루엔자인체감염예방및관리지침(PDF파일),2004.02.16,https://www.kdca.go.kr/bbs/kdca/50/219909/artclView.do
공지사항,219902,감염병발생주보(CDWR),2004.02.12,https://www.kdca.go.kr/bbs/kdca/50/219902/artclView.do
공지사항,219900,조류인플루엔자인체감염예방및관리지침,2004.02.11,https://www.kdca.go.kr/bbs/kdca/50/219900/artclView.do
공지사항,219887,감염병발생주보(CDWR) 4주,2004.02.02,https://www.kdca.go.kr/bbs/kdca/50/219887/artclView.do
공지사항,219881,감염병발생주보(CDWR) 3주,2004.01.29,https://www.kdca.go.kr/bbs/kdca/50/219881/artclView.do
공지사항,219869,감염병발생주보(CDWR) 2주,2004.01.19,https://www.kdca.go.kr/bbs/kdca/50/219869/artclView.do
공지사항,219866,감염병발생주보(CDWR) 1주,2004.01.14,https://www.kdca.go.kr/bbs/kdca/50/219866/artclView.do
공지사항,219864,감염병발생주보(CDWR) 52주,2004.01.05,https://www.kdca.go.kr/bbs/kdca/50/219864/artclView.do
공지사항,219862,감염병발생주보(CDWR) 51주,2003.12.29,https://www.kdca.go.kr/bbs/kdca/50/219862/artclView.do
공지사항,219856,조류인플루엔자:인체감염예방관리지침,2003.12.24,https://www.kdca.go.kr/bbs/kdca/50/219856/artclView.do
공지사항,219855,감염병발생주보(CDWR) 50주,2003.12.22,https://www.kdca.go.kr/bbs/kdca/50/219855/artclView.do
공지사항,219852,감염병발생주보(CDWR) 49주,2003.12.16,https://www.kdca.go.kr/bbs/kdca/50/219852/artclView.do
공지사항,219850,감염병발생주보(CDWR) 48주,2003.12.08,https://www.kdca.go.kr/bbs/kdca/50/219850/artclView.do
공지사항,219848,감염병발생주보(CDWR) 47주,2003.12.01,https://www.kdca.go.kr/bbs/kdca/50/219848/artclView.do
공지사항,219847,감염병발생주보(CDWR) 46주,2003.11.24,https://www.kdca.go.kr/bbs/kdca/50/219847/artclView.do
공지사항,219845,감염병발생주보(CDWR) 45주,2003.11.17,https://www.kdca.go.kr/bbs/kdca/50/219845/artclView.do
지침,227154,브루셀라 관리지침 및 교육자료,2003.11.14,https://www.kdca.go.kr/bbs/kdca/55/227154/artclView.do
공지사항,219842,감염병발생주보(CDWR) 43주,2003.11.03,https://www.kdca.go.kr/bbs/kdca/50/219842/artclView.do
공지사항,219840,감염병발생주보(CDWR) 42주,2003.10.28,https://www.kdca.go.kr/bbs/kdca/50/219840/artclView.do
공지사항,219839,감염병발생주보(CDWR) 41주,2003.10.20,https://www.kdca.go.kr/bbs/kdca/50/219839/artclView.do
지침,227153,2003-2004절기 사스 총괄지침_보건기관용,2003.10.14,https://www.kdca.go.kr/bbs/kdca/55/227153/artclView.do
공지사항,219836,감염병발생주보(CDWR) 40주,2003.10.13,https://www.kdca.go.kr/bbs/kdca/50/219836/artclView.do
공지사항,219834,감염병발생주보(CDWR) 39주,2003.10.06,https://www.kdca.go.kr/bbs/kdca/50/219834/artclView.do
공지사항,219831,감염병발생주보(CDWR)38주,2003.09.29,https://www.kdca.go.kr/bbs/kdca/50/219831/artclView.do
지침,227152,인플루엔자 표본감시 운영지침_2003,2003.09.26,https://www.kdca.go.kr/bbs/kdca/55/227152/artclView.do
공지사항,219826,감염병발생주보(CDWR) 37주,2003.09.22,https://www.kdca.go.kr/bbs/kdca/50/219826/artclView.do
공지사항,219823,감염병 발생주보(CDWR) 36주,2003.09.16,https://www.kdca.go.kr/bbs/kdca/50/219823/artclView.do
공지사항,219820,감염병발생주보(CDWR) 35주,2003.09.08,https://www.kdca.go.kr/bbs/kdca/50/219820/artclView.do
공지사항,219818,감염병발생주보(CDWR) 34주,2003.09.02,https://www.kdca.go.kr/bbs/kdca/50/219818/artclView.do
지침,227151,2003-2004 인플루엔자 관리지침,2003.08.27,https://www.kdca.go.kr/bbs/kdca/55/227151/artclView.do
공지사항,219816,감염병발생주보(CDWR) 33주,2003.08.25,https://www.kdca.go.kr/bbs/kdca/50/219816/artclView.do
공지사항,219814,감염병발생주보(CDWR) 32주,2003.08.19,https://www.kdca.go.kr/bbs/kdca/50/219814/artclView.do
공지사항,219811,감염병발생주보(CDWR) 31주,2003.08.12,https://www.kdca.go.kr/bbs/kdca/50/219811/artclView.do
지침,227150,웨스트나일바이러스감염증관리지침,2003.08.06,https://www.kdca.go.kr/bbs/kdca/55/227150/artclView.do
공지사항,219810,감염병발생주보(CDWR) 30주,2003.08.04,https://www.kdca.go.kr/bbs/kdca/50/219810/artclView.do
공지사항,219808,감염병발생주보(CDWR) 29주,2003.07.28,https://www.kdca.go.kr/bbs/kdca/50/219808/artclView.do
공지사항,219806,감염병발생주보(CDWR) 28주,2003.07.21,https://www.kdca.go.kr/bbs/kdca/50/219806/artclView.do
공지사항,219804,감염병발생주보(CDWR) 27주,2003.07.14,https://www.kdca.go.kr/bbs/kdca/50/219804/artclView.do
공지사항,219799,감염병 발생주보(CDWR) 26주,2003.07.07,https://www.kdca.go.kr/bbs/kdca/50/219799/artclView.do
공지사항,219792,감염병발생주보(CDWR) 25주,2003.06.30,https://www.kdca.go.kr/bbs/kdca/50/219792/artclView.do
공지사항,219785,감염병 발생주보(CDWR) 24주,2003.06.23,https://www.kdca.go.kr/bbs/kdca/50/219785/artclView.do
공지사항,219779,감염병 발생주보CDWR) 23주,2003.06.16,https://www.kdca.go.kr/bbs/kdca/50/219779/artclView.do
공지사항,219775,보건의료인 사스 접촉자 관리지침_0611,2003.06.11,https://www.kdca.go.kr/bbs/kdca/50/219775/artclView.do
공지사항,219772,감염병 발생주보(CDWR)22주,2003.06.09,https://www.kdca.go.kr/bbs/kdca/50/219772/artclView.do
공지사항,219764,감염병발생주보(CDWR)21주,2003.06.03,https://www.kdca.go.kr/bbs/kdca/50/219764/artclView.do
공지사항,219757,감염병 발생주보(CDWR) 20주,2003.05.27,https://www.kdca.go.kr/bbs/kdca/50/219757/artclView.do
공지사항,219742,감염병발생주보(CDWR) 18주,2003.05.13,https://www.kdca.go.kr/bbs/kdca/50/219742/artclView.do
공지사항,219735,감염병발생주보(CDWR) 17주,2003.05.06,https://www.kdca.go.kr/bbs/kdca/50/219735/artclView.do
공지사항,219726,사스 관련 지침 및 업데이트 안내,2003.04.30,https://www.kdca.go.kr/bbs/kdca/50/219726/artclView.do
공지사항,219723,감염병발생주보(CDWR)16주,2003.04.28,https://www.kdca.go.kr/bbs/kdca/50/219723/artclView.do
공지사항,219716,감염병발생주보(CDWR) 15주,2003.04.22,https://www.kdca.go.kr/bbs/kdca/50/219716/artclView.do
공지사항,219708,감염병발생주보(CDWR) 14주,2003.04.14,https://www.kdca.go.kr/bbs/kdca/50/219708/artclView.do
공지사항,219699,감염병발생주보(CDWR) 13주,2003.04.07,https://www.kdca.go.kr/bbs/kdca/50/219699/artclView.do
공지사항,219691,감염병발생주보(CDWR) 12주,2003.04.01,https://www.kdca.go.kr/bbs/kdca/50/219691/artclView.do
지침,227149,2003 성병관리지침,2003.03.24,https://www.kdca.go.kr/bbs/kdca/55/227149/artclView.do
지침,227148,2003년 HIV/AIDS 관리지침,2003.03.24,https://www.kdca.go.kr/bbs/kdca/55/227148/artclView.do
공지사항,219682,감염병 발생주보(CDWR) 11주,2003.03.24,https://www.kdca.go.kr/bbs/kdca/50/219682/artclView.do
공지사항,219677,급성호흡기증후군 역학조사시 감염위험지역 사례정의 변경 안내,2003.03.20,https://www.kdca.go.kr/bbs/kdca/50/219677/artclView.do
공지사항,219672,급성호흡기증후군 관리지침,2003.03.18,https://www.kdca.go.kr/bbs/kdca/50/219672/artclView.do
지침,227147,급성호흡기증후군 관리지침,2003.03.17,https://www.kdca.go.kr/bbs/kdca/55/227147/artclView.do
공지사항,219671,감염병발생주보(CDWR) 10주 개요,2003.03.17,https://www.kdca.go.kr/bbs/kdca/50/219671/artclView.do
공지사항,219666,감염병 발생주보(CDWR) 9주,2003.03.11,https://www.kdca.go.kr/bbs/kdca/50/219666/artclView.do
지침,227146,2003년도 결핵관리지침,2003.03.05,https://www.kdca.go.kr/bbs/kdca/55/227146/artclView.do
공지사항,219664,감염병발생정보(CDMR) 발간 안내-2003년2월호,2003.03.04,https://www.kdca.go.kr/bbs/kdca/50/219664/artclView.do
공지사항,219663,감염병발생주보(CDWR)8주,2003.03.03,https://www.kdca.go.kr/bbs/kdca/50/219663/artclView.do
공지사항,219658,감염병 발생주보(CDWR)7주,2003.02.24,https://www.kdca.go.kr/bbs/kdca/50/219658/artclView.do
지침,227145,2003 홍역 예방.관리(지침)자료,2003.02.22,https://www.kdca.go.kr/bbs/kdca/55/227145/artclView.do
지침,227144,2003 전염병관리지침,2003.02.21,https://www.kdca.go.kr/bbs/kdca/55/227144/artclView.do
공지사항,219655,감염병발생주보(CDWR) 6주,2003.02.17,https://www.kdca.go.kr/bbs/kdca/50/219655/artclView.do
공지사항,219653,감염병발생주보(CDWR) 5주,2003.02.10,https://www.kdca.go.kr/bbs/kdca/50/219653/artclView.do
공지사항,219652,일본 독감예방접종 후 사망자 관련 보도 참고사항,2003.02.08,https://www.kdca.go.kr/bbs/kdca/50/219652/artclView.do
공지사항,219651,감염병발생주보(CDWR) 4주,2003.02.04,https://www.kdca.go.kr/bbs/kdca/50/219651/artclView.do
지침,227143,수막구균성수막염 관리지침,2003.01.23,https://www.kdca.go.kr/bbs/kdca/55/227143/artclView.do
공지사항,219649,수막구균성 수막염 관리지침 신규 제정,2003.01.21,https://www.kdca.go.kr/bbs/kdca/50/219649/artclView.do
공지사항,219648,감염병발생주보(CDWR) 2주,2003.01.20,https://www.kdca.go.kr/bbs/kdca/50/219648/artclView.do
공지사항,219647,03취학아동 MMR접종확인사업지침,2003.01.20,https://www.kdca.go.kr/bbs/kdca/50/219647/artclView.do
공지사항,219642,감염병발생주보(CDWR) 1주,2003.01.13,https://www.kdca.go.kr/bbs/kdca/50/219642/artclView.do
공지사항,219641,감염병발생주보(CDWR) 52주,2003.01.06,https://www.kdca.go.kr/bbs/kdca/50/219641/artclView.do
공지사항,219639,2003년 B형수직감염 예방사업안내 지침서,2002.12.30,https://www.kdca.go.kr/bbs/kdca/50/219639/artclView.do
공지사항,219638,감염병발생주보(CDWR) 51주,2002.12.30,https://www.kdca.go.kr/bbs/kdca/50/219638/artclView.do
공지사항,219636,감염병발생주보(CDWR) 50주,2002.12.26,https://www.kdca.go.kr/bbs/kdca/50/219636/artclView.do
공지사항,219633,감염병발생주보(CDWR) 49주,2002.12.17,https://www.kdca.go.kr/bbs/kdca/50/219633/artclView.do
공지사항,219619,감염병발생주보(CDWR) 45주,2002.11.18,https://www.kdca.go.kr/bbs/kdca/50/219619/artclView.do
공지사항,219618,감염병발생주보(CDWR) 44주,2002.11.11,https://www.kdca.go.kr/bbs/kdca/50/219618/artclView.do
공지사항,219617,감염병발생주보(CDWR) 43주,2002.11.05,https://www.kdca.go.kr/bbs/kdca/50/219617/artclView.do
공지사항,219615,내부연구사업 선정 및 평가지침 개정 통보,2002.10.31,https://www.kdca.go.kr/bbs/kdca/50/219615/artclView.do
공지사항,219614,감염병발생주보(CDWR) 42주,2002.10.28,https://www.kdca.go.kr/bbs/kdca/50/219614/artclView.do
공지사항,219613,감염병발생주보(CDWR) 41주,2002.10.21,https://www.kdca.go.kr/bbs/kdca/50/219613/artclView.do
공지사항,219610,감염병발생주보(CDWR) 40주,2002.10.15,https://www.kdca.go.kr/bbs/kdca/50/219610/artclView.do
공지사항,219608,감염병발생주보(CDWR) 39주,2002.10.07,https://www.kdca.go.kr/bbs/kdca/50/219608/artclView.do
공지사항,219606,감염병발생주보(CDWR) 38주,2002.09.30,https://www.kdca.go.kr/bbs/kdca/50/219606/artclView.do
공지사항,219605,감염병발생주보(CDWR) 37주,2002.09.23,https://www.kdca.go.kr/bbs/kdca/50/219605/artclView.do
공지사항,219604,공수병예방관리 지침 발간안내,2002.09.18,https://www.kdca.go.kr/bbs/kdca/50/219604/artclView.do
공지사항,219603,감염병발생주보(CDWR) 36주,2002.09.16,https://www.kdca.go.kr/bbs/kdca/50/219603/artclView.do
공지사항,219599,감염병발생정보(CDWR) 35주,2002.09.09,https://www.kdca.go.kr/bbs/kdca/50/219599/artclView.do
공지사항,219598,장티푸스예방접종 주의,2002.09.06,https://www.kdca.go.kr/bbs/kdca/50/219598/artclView.do
공지사항,219594,감염병발생주보(CDWR) 34주,2002.08.31,https://www.kdca.go.kr/bbs/kdca/50/219594/artclView.do
지침,227142,2002콜레라관리지침,2002.08.28,https://www.kdca.go.kr/bbs/kdca/55/227142/artclView.do
공지사항,219591,감염병 발생주보(CDWR) 33주,2002.08.26,https://www.kdca.go.kr/bbs/kdca/50/219591/artclView.do
공지사항,219589,감염병 발생주보(CDWR) 32주,2002.08.19,https://www.kdca.go.kr/bbs/kdca/50/219589/artclView.do
공지사항,219588,2002년 예방접종등록현황입니다.,2002.08.16,https://www.kdca.go.kr/bbs/kdca/50/219588/artclView.do
공지사항,219587,시도별 예방접종등록실적(8월16일현재),2002.08.16,https://www.kdca.go.kr/bbs/kdca/50/219587/artclView.do
공지사항,219585,감염병발생주보(CDWR) 31주,2002.08.12,https://www.kdca.go.kr/bbs/kdca/50/219585/artclView.do
공지사항,219582,감염병 발생주보(CDWR) 30주,2002.08.05,https://www.kdca.go.kr/bbs/kdca/50/219582/artclView.do
공지사항,219580,'02년 콜레라관리 지침,2002.07.31,https://www.kdca.go.kr/bbs/kdca/50/219580/artclView.do
공지사항,219575,감염병발생주보(CDWR) 29주,2002.07.29,https://www.kdca.go.kr/bbs/kdca/50/219575/artclView.do
공지사항,219572,RNA정량검사의뢰지침서,2002.07.19,https://www.kdca.go.kr/bbs/kdca/50/219572/artclView.do
공지사항,219571,감염병발생주보(CDWR) 28주,2002.07.19,https://www.kdca.go.kr/bbs/kdca/50/219571/artclView.do
공지사항,219570,예방접종의 실시기준 및 방법고시,2002.07.18,https://www.kdca.go.kr/bbs/kdca/50/219570/artclView.do
공지사항,219569,감염병발생주보(CDWR) 27주,2002.07.13,https://www.kdca.go.kr/bbs/kdca/50/219569/artclView.do
공지사항,219567,감염병발생주보(CDWR) 26주,2002.07.05,https://www.kdca.go.kr/bbs/kdca/50/219567/artclView.do
지침,227141,법정전염병 신고를 위한 진단기준,2002.07.02,https://www.kdca.go.kr/bbs/kdca/55/227141/artclView.do
공지사항,219566,B형간염수직감염 예방사업-보건소용지침,2002.07.02,https://www.kdca.go.kr/bbs/kdca/50/219566/artclView.do
공지사항,219565,B형간염수직감염 예방사업-의료기관용지침,2002.07.02,https://www.kdca.go.kr/bbs/kdca/50/219565/artclView.do
공지사항,219562,감염병발생주보(CDWR) 25주,2002.06.28,https://www.kdca.go.kr/bbs/kdca/50/219562/artclView.do
공지사항,219559,감염병발생주보(CDWR) 24주,2002.06.21,https://www.kdca.go.kr/bbs/kdca/50/219559/artclView.do
공지사항,219552,2002 말라리아 관리지침,2002.06.17,https://www.kdca.go.kr/bbs/kdca/50/219552/artclView.do
공지사항,219551,2002말라리아관리지침,2002.06.17,https://www.kdca.go.kr/bbs/kdca/50/219551/artclView.do
공지사항,219550,감염병발생주보(CDWR) 23주,2002.06.14,https://www.kdca.go.kr/bbs/kdca/50/219550/artclView.do
지침,227140,전염병보고 및 관리지침(전염병예방법 개정에 따른),2002.06.12,https://www.kdca.go.kr/bbs/kdca/55/227140/artclView.do
지침,227139,전염병 역학조사 지침,2002.06.10,https://www.kdca.go.kr/bbs/kdca/55/227139/artclView.do
공지사항,219549,감염병 발생주보(CDWR 22주),2002.06.08,https://www.kdca.go.kr/bbs/kdca/50/219549/artclView.do
공지사항,219548,감염병 발생주보(CDWR 21주),2002.06.01,https://www.kdca.go.kr/bbs/kdca/50/219548/artclView.do
공지사항,219544,응급실증후군감시체계 운영지침,2002.05.30,https://www.kdca.go.kr/bbs/kdca/50/219544/artclView.do
공지사항,219538,감염병 발생주보(CDWR) 18주,2002.05.11,https://www.kdca.go.kr/bbs/kdca/50/219538/artclView.do
공지사항,219535,감염병 발생주보(CDWR 16주),2002.05.07,https://www.kdca.go.kr/bbs/kdca/50/219535/artclView.do
공지사항,219533,감염병 발생주보(CDWR 17주),2002.05.04,https://www.kdca.go.kr/bbs/kdca/50/219533/artclView.do
지침,227138,표준예방접종 지침,2002.05.02,https://www.kdca.go.kr/bbs/kdca/55/227138/artclView.do
지침,227137,한센병 관리지침,2002.04.23,https://www.kdca.go.kr/bbs/kdca/55/227137/artclView.do
지침,227136,성병관리지침,2002.04.23,https://www.kdca.go.kr/bbs/kdca/55/227136/artclView.do
공지사항,219530,감염병 발생주보(CDWR 15주),2002.04.20,https://www.kdca.go.kr/bbs/kdca/50/219530/artclView.do
공지사항,219529,감염병 발생주보(CDWR 14주),2002.04.13,https://www.kdca.go.kr/bbs/kdca/50/219529/artclView.do
공지사항,219523,감염병발생주보(CDWR) 13주,2002.04.06,https://www.kdca.go.kr/bbs/kdca/50/219523/artclView.do
공지사항,219519,감염병 발생주보(CDWR 12주),2002.03.30,https://www.kdca.go.kr/bbs/kdca/50/219519/artclView.do
공지사항,219516,감염병 발생주보(CDWR 11주),2002.03.22,https://www.kdca.go.kr/bbs/kdca/50/219516/artclView.do
공지사항,219515,감염병 발생주보(CDWR 10주),2002.03.15,https://www.kdca.go.kr/bbs/kdca/50/219515/artclView.do
지침,227135,에이즈(HIV/AIDS) 관리지침,2002.03.13,https://www.kdca.go.kr/bbs/kdca/55/227135/artclView.do
공지사항,219514,감염병 발생주보(CDWR 9주),2002.03.08,https://www.kdca.go.kr/bbs/kdca/50/219514/artclView.do
지침,227134,결핵관리사업지침,2002.03.05,https://www.kdca.go.kr/bbs/kdca/55/227134/artclView.do
공지사항,219512,2002년도 결핵지침 첨부자료,2002.03.05,https://www.kdca.go.kr/bbs/kdca/50/219512/artclView.do
공지사항,219511,2002년 성병관리지침,2002.03.04,https://www.kdca.go.kr/bbs/kdca/50/219511/artclView.do
공지사항,219510,2002년 HIV/AIDS관리지침,2002.03.04,https://www.kdca.go.kr/bbs/kdca/50/219510/artclView.do
공지사항,219509,2002년도 결핵관리지침,2002.03.04,https://www.kdca.go.kr/bbs/kdca/50/219509/artclView.do
공지사항,219508,감염병발생주보(CDWR 8주),2002.03.02,https://www.kdca.go.kr/bbs/kdca/50/219508/artclView.do
공지사항,219503,감염병발생주보(CDWR 7주),2002.02.22,https://www.kdca.go.kr/bbs/kdca/50/219503/artclView.do
공지사항,219502,2002년도 전염병관리 지침,2002.02.21,https://www.kdca.go.kr/bbs/kdca/50/219502/artclView.do
공지사항,219500,감염병발생주보(CDWR 6주),2002.02.18,https://www.kdca.go.kr/bbs/kdca/50/219500/artclView.do
공지사항,219498,2002년 감염병발생주보 5주 발간 안내,2002.02.09,https://www.kdca.go.kr/bbs/kdca/50/219498/artclView.do
공지사항,219497,소아마비(폴리오) 환자 역학조사서,2002.02.01,https://www.kdca.go.kr/bbs/kdca/50/219497/artclView.do
공지사항,219496,소아마비(폴리오) 환자 역학조사서,2002.02.01,https://www.kdca.go.kr/bbs/kdca/50/219496/artclView.do
공지사항,219495,감염병발생주보(4주),2002.02.01,https://www.kdca.go.kr/bbs/kdca/50/219495/artclView.do
공지사항,219494,홍역 환자사례조사 역학조사서 작성 및 전송,2002.01.31,https://www.kdca.go.kr/bbs/kdca/50/219494/artclView.do
공지사항,219493,홍역 환자사례조사 역학조사서 작성 및 전송,2002.01.31,https://www.kdca.go.kr/bbs/kdca/50/219493/artclView.do
공지사항,219490,감염병발생주보 3주,2002.01.26,https://www.kdca.go.kr/bbs/kdca/50/219490/artclView.do
공지사항,219488,홍역환자사례조사 강화 지침,2002.01.23,https://www.kdca.go.kr/bbs/kdca/50/219488/artclView.do
공지사항,219486,홍역환자사례조사 강화 지침,2002.01.23,https://www.kdca.go.kr/bbs/kdca/50/219486/artclView.do
공지사항,219485,감염병발생주보 2주,2002.01.22,https://www.kdca.go.kr/bbs/kdca/50/219485/artclView.do
공지사항,219484,감염병발생주보 (CDWR 1주),2002.01.15,https://www.kdca.go.kr/bbs/kdca/50/219484/artclView.do
공지사항,219477,황열예방접종 일시 중단 안내문,2001.12.20,https://www.kdca.go.kr/bbs/kdca/50/219477/artclView.do
공지사항,219472,세균성이질 관리지침,2001.12.10,https://www.kdca.go.kr/bbs/kdca/50/219472/artclView.do
공지사항,219471,세균성이질 관리지침,2001.12.10,https://www.kdca.go.kr/bbs/kdca/50/219471/artclView.do
공지사항,219460,예방접종후 이상반응 역학조사 업무편람: 정오표,2001.11.14,https://www.kdca.go.kr/bbs/kdca/50/219460/artclView.do
공지사항,219459,예방접종후 이상반응 역학조사 업무편람: 정오표,2001.11.14,https://www.kdca.go.kr/bbs/kdca/50/219459/artclView.do
공지사항,219430,생물테러 의심 가검물 수거 지침,2001.10.18,https://www.kdca.go.kr/bbs/kdca/50/219430/artclView.do
공지사항,219419,가을철 발열성질환 지침서,2001.10.04,https://www.kdca.go.kr/bbs/kdca/50/219419/artclView.do
공지사항,219418,가을철 발열성질환 지침서,2001.10.04,https://www.kdca.go.kr/bbs/kdca/50/219418/artclView.do
공지사항,219410,홍역퇴치를 위한 제2단계 홍역감시체계 운영지침,2001.09.11,https://www.kdca.go.kr/bbs/kdca/50/219410/artclView.do
공지사항,219389,홍역일제예방접종언론보도 사실 확인,2001.08.08,https://www.kdca.go.kr/bbs/kdca/50/219389/artclView.do
공지사항,219380,홍역일제예방접종유공자 포상계획,2001.07.12,https://www.kdca.go.kr/bbs/kdca/50/219380/artclView.do
공지사항,219363,말라리아 관리지침(2000년),2001.06.20,https://www.kdca.go.kr/bbs/kdca/50/219363/artclView.do
공지사항,219352,홍역일제에방접종사업예진의사용지침,2001.05.16,https://www.kdca.go.kr/bbs/kdca/50/219352/artclView.do
공지사항,219348,소아전염병 표본감시 운영지침,2001.05.11,https://www.kdca.go.kr/bbs/kdca/50/219348/artclView.do
공지사항,219342,[예방접종]홍역일제예방접종서식(학교용),2001.05.07,https://www.kdca.go.kr/bbs/kdca/50/219342/artclView.do
공지사항,219341,[예방접종]홍역일제예방접종지침수정,2001.05.07,https://www.kdca.go.kr/bbs/kdca/50/219341/artclView.do
공지사항,219340,[예방접종]일제예방접종서식(학교용),2001.05.07,https://www.kdca.go.kr/bbs/kdca/50/219340/artclView.do
공지사항,219339,홍역일제에방접종지침 학교용 서식 5월7일 수정본,2001.05.07,https://www.kdca.go.kr/bbs/kdca/50/219339/artclView.do
공지사항,219338,홍역일제예방접종사업지침(5월7일수정본),2001.05.07,https://www.kdca.go.kr/bbs/kdca/50/219338/artclView.do
공지사항,219337,홍역일제예방접종지침(의료기관용) 5월7일수정본,2001.05.07,https://www.kdca.go.kr/bbs/kdca/50/219337/artclView.do
공지사항,219336,[예방접종]홍역일제예방접종사업지침수정,2001.05.07,https://www.kdca.go.kr/bbs/kdca/50/219336/artclView.do
공지사항,219335,[예방접종]홍역일제예방접종지침수정,2001.05.07,https://www.kdca.go.kr/bbs/kdca/50/219335/artclView.do
공지사항,219333,[예방접종]홍역일제예방접종주요서식(의사용),2001.05.03,https://www.kdca.go.kr/bbs/kdca/50/219333/artclView.do
공지사항,219332,[예방접종]홍역일제예방접종주요서식(학교용),2001.05.03,https://www.kdca.go.kr/bbs/kdca/50/219332/artclView.do
공지사항,219331,[예방접종]홍역일제예방접종사업지침,2001.05.03,https://www.kdca.go.kr/bbs/kdca/50/219331/artclView.do
공지사항,219329,홍역퇴치 및 안전 예방접종 국제세미나 개최,2001.05.02,https://www.kdca.go.kr/bbs/kdca/50/219329/artclView.do
공지사항,219326,[예방접종]홍역일제예방접종주요서식(학교용),2001.04.30,https://www.kdca.go.kr/bbs/kdca/50/219326/artclView.do
공지사항,219321,[예방접종]홍역사업지침서식(의료기관용),2001.04.25,https://www.kdca.go.kr/bbs/kdca/50/219321/artclView.do
공지사항,219320,[예방접종]홍역사업지침정오표,2001.04.25,https://www.kdca.go.kr/bbs/kdca/50/219320/artclView.do
공지사항,219319,[예방접종]홍역사업지침(의료기관용),2001.04.25,https://www.kdca.go.kr/bbs/kdca/50/219319/artclView.do
공지사항,219318,[예방접종]홍역사업지침수정본입니다,2001.04.25,https://www.kdca.go.kr/bbs/kdca/50/219318/artclView.do
공지사항,219311,[예방접종]홍역일제예방접종사업지침,2001.04.21,https://www.kdca.go.kr/bbs/kdca/50/219311/artclView.do
공지사항,219310,[예방접종]홍역일제예방접종사업지침양식,2001.04.21,https://www.kdca.go.kr/bbs/kdca/50/219310/artclView.do
공지사항,219309,[예방접종]홍역일제예방접종사업지침양식,2001.04.21,https://www.kdca.go.kr/bbs/kdca/50/219309/artclView.do
공지사항,219308,[예방접종]홍역일제예방접종사업지침양식,2001.04.21,https://www.kdca.go.kr/bbs/kdca/50/219308/artclView.do
공지사항,219307,[예방접종]홍역일제예방접종사업지침,2001.04.16,https://www.kdca.go.kr/bbs/kdca/50/219307/artclView.do
공지사항,219306,[예방접종]홍역일제예방사업지침양식,2001.04.16,https://www.kdca.go.kr/bbs/kdca/50/219306/artclView.do
공지사항,219305,[예방접종]예방접종후이상반응 관리지침,2001.04.03,https://www.kdca.go.kr/bbs/kdca/50/219305/artclView.do
공지사항,219303,한센병관리사업지침-교육일정총괄 및 대상자-,2001.03.23,https://www.kdca.go.kr/bbs/kdca/50/219303/artclView.do
공지사항,219302,한센병관리사업지침-보고체계-,2001.03.23,https://www.kdca.go.kr/bbs/kdca/50/219302/artclView.do
공지사항,219298,한센병관리사업지침-서식-,2001.03.16,https://www.kdca.go.kr/bbs/kdca/50/219298/artclView.do
공지사항,219297,한센병관리사업지침-지침서-,2001.03.16,https://www.kdca.go.kr/bbs/kdca/50/219297/artclView.do
공지사항,219296,2001년 한센병관리사업지침,2001.03.16,https://www.kdca.go.kr/bbs/kdca/50/219296/artclView.do
공지사항,219295,[예방접종]일제 예방접종사업계획 수립을 위한 기초조사,2001.03.14,https://www.kdca.go.kr/bbs/kdca/50/219295/artclView.do
공지사항,219294,국가 홍역퇴치 5개년사업 총괄 지침,2001.02.19,https://www.kdca.go.kr/bbs/kdca/50/219294/artclView.do
공지사항,219293,국가홍역퇴치5개년사업 총괄 지침,2001.02.15,https://www.kdca.go.kr/bbs/kdca/50/219293/artclView.do
공지사항,219292,국가홍역퇴치5개년사업총괄지침,2001.02.15,https://www.kdca.go.kr/bbs/kdca/50/219292/artclView.do
공지사항,219291,홍역예방접종확인사업관련,2001.02.07,https://www.kdca.go.kr/bbs/kdca/50/219291/artclView.do
공지사항,219290,2차홍역예방접종사업지침서,2001.01.31,https://www.kdca.go.kr/bbs/kdca/50/219290/artclView.do
공지사항,219287,홍역 유행시 예방접종 시행 기준,2001.01.30,https://www.kdca.go.kr/bbs/kdca/50/219287/artclView.do
공지사항,219282,2차홍역예방접종확인사업지침서,2001.01.13,https://www.kdca.go.kr/bbs/kdca/50/219282/artclView.do
공지사항,219281,2차홍역예방접종양면서식,2001.01.13,https://www.kdca.go.kr/bbs/kdca/50/219281/artclView.do
공지사항,219280,2차 홍역예방접종 확인사업 관련 사항,2001.01.13,https://www.kdca.go.kr/bbs/kdca/50/219280/artclView.do
공지사항,219279,[결핵관리]비시지접종이상반응자 관리지침,2001.01.05,https://www.kdca.go.kr/bbs/kdca/50/219279/artclView.do
공지사항,219278,홍역면역도조사 설문서 검토 지침(12.20),2000.12.20,https://www.kdca.go.kr/bbs/kdca/50/219278/artclView.do
공지사항,219277,홍역면역도 설문조사 검토 관련 지침,2000.12.20,https://www.kdca.go.kr/bbs/kdca/50/219277/artclView.do
공지사항,219276,홍역면역도조사 설문서 검토 지침(12.20),2000.12.20,https://www.kdca.go.kr/bbs/kdca/50/219276/artclView.do
공지사항,219275,홍역면역도 설문조사 검토 관련 지침,2000.12.20,https://www.kdca.go.kr/bbs/kdca/50/219275/artclView.do
공지사항,219270,홍역면역도조사관련 추가지침사항(2월13일),2000.12.13,https://www.kdca.go.kr/bbs/kdca/50/219270/artclView.do
공지사항,219269,홍역면역도조사관련 추가지침사항(2월13일),2000.12.13,https://www.kdca.go.kr/bbs/kdca/50/219269/artclView.do
공지사항,219253,홍역 면역도 조사 수행 지침,2000.12.05,https://www.kdca.go.kr/bbs/kdca/50/219253/artclView.do
공지사항,219252,홍역 면역도 조사 수행 지침,2000.12.05,https://www.kdca.go.kr/bbs/kdca/50/219252/artclView.do
공지사항,219241,홍역 유행에 따른 예방접종 방안,2000.11.22,https://www.kdca.go.kr/bbs/kdca/50/219241/artclView.do
공지사항,219227,[예방접종]홍역 발생현황과 관리대책,2000.11.06,https://www.kdca.go.kr/bbs/kdca/50/219227/artclView.do
공지사항,219225,법정전염병진단신고기준 2장,2000.11.04,https://www.kdca.go.kr/bbs/kdca/50/219225/artclView.do
공지사항,219224,법정전염병진단신고기준 4장,2000.11.04,https://www.kdca.go.kr/bbs/kdca/50/219224/artclView.do
공지사항,219223,법정전염병진단신고기준 3장,2000.11.04,https://www.kdca.go.kr/bbs/kdca/50/219223/artclView.do
공지사항,219222,법정전염병진단신고기준 1장,2000.11.04,https://www.kdca.go.kr/bbs/kdca/50/219222/artclView.do
공지사항,219221,법정전염병진단신고기준 부록,2000.11.04,https://www.kdca.go.kr/bbs/kdca/50/219221/artclView.do
공지사항,219220,"법정전염병진단,신고기준5(부록및서식)",2000.11.04,https://www.kdca.go.kr/bbs/kdca/50/219220/artclView.do
공지사항,219216,[예방접종]2000년도 인플루엔자 예방접종 백신 수급 상황,2000.10.23,https://www.kdca.go.kr/bbs/kdca/50/219216/artclView.do
공지사항,219215,[예방접종]인플루엔자 예방접종 백신의 수급대책,2000.10.23,https://www.kdca.go.kr/bbs/kdca/50/219215/artclView.do
공지사항,219212,예방접종기록의 관리 및 등록 업무 수행 지침,2000.10.18,https://www.kdca.go.kr/bbs/kdca/50/219212/artclView.do
공지사항,219210,전염병예방법 개정에 따른 전염병 보고 및 관리지침의 부록1,2000.10.10,https://www.kdca.go.kr/bbs/kdca/50/219210/artclView.do
공지사항,219209,전염병예방법 개정에 따른 전염병 보고 및 관리지침,2000.10.10,https://www.kdca.go.kr/bbs/kdca/50/219209/artclView.do
공지사항,219208,전염병예방법 개정에 따른 전염병 보고 및 관리지침의 부록2,2000.10.10,https://www.kdca.go.kr/bbs/kdca/50/219208/artclView.do
공지사항,219199,인플루엔자표본감시지침부록4,2000.09.30,https://www.kdca.go.kr/bbs/kdca/50/219199/artclView.do
공지사항,219196,인플루엔자 표본감시 지침,2000.09.29,https://www.kdca.go.kr/bbs/kdca/50/219196/artclView.do
공지사항,219195,역학조사과 자료실이용건..,2000.09.21,https://www.kdca.go.kr/bbs/kdca/50/219195/artclView.do
공지사항,219194,역학조사과 자료실이용건..,2000.09.21,https://www.kdca.go.kr/bbs/kdca/50/219194/artclView.do
공지사항,219192,EDI 보고지침,2000.09.20,https://www.kdca.go.kr/bbs/kdca/50/219192/artclView.do
공지사항,219191,[붙임자료]인플루엔자 표본감시지침(안),2000.09.20,https://www.kdca.go.kr/bbs/kdca/50/219191/artclView.do
공지사항,219172,★☆ 말라리아 관리지침 2 ☆★,2000.07.11,https://www.kdca.go.kr/bbs/kdca/50/219172/artclView.do
공지사항,219171,★☆ 말라리아 관리지침 1 ☆★,2000.07.11,https://www.kdca.go.kr/bbs/kdca/50/219171/artclView.do
공지사항,219170,2천년 정보화근로사업 보건소 파견인력 관리지침 추가 통보,2000.06.28,https://www.kdca.go.kr/bbs/kdca/50/219170/artclView.do
공지사항,219169,역학조사지침서 ...,2000.06.01,https://www.kdca.go.kr/bbs/kdca/50/219169/artclView.do
공지사항,219168,역학조사지침서 ...,2000.06.01,https://www.kdca.go.kr/bbs/kdca/50/219168/artclView.do
공지사항,219166,♥2000년도 한센병관리 사업지침(2...,2000.03.10,https://www.kdca.go.kr/bbs/kdca/50/219166/artclView.do
공지사항,219165,★★예방접종 교육 슬라이드(1)★★ ...,2000.03.06,https://www.kdca.go.kr/bbs/kdca/50/219165/artclView.do
공지사항,219164,★★예방접종 교육 슬라이드(2)★★ ...,2000.03.06,https://www.kdca.go.kr/bbs/kdca/50/219164/artclView.do
공지사항,219163,[예방접종] 경기도 포천 원인불명 영...,2000.02.28,https://www.kdca.go.kr/bbs/kdca/50/219163/artclView.do
공지사항,219162,[예방접종] 예방접종이상반응 대책협의...,2000.02.28,https://www.kdca.go.kr/bbs/kdca/50/219162/artclView.do
공지사항,219161,성병관리지침,2000.02.10,https://www.kdca.go.kr/bbs/kdca/50/219161/artclView.do
공지사항,219160,에이즈관리지침,2000.02.10,https://www.kdca.go.kr/bbs/kdca/50/219160/artclView.do
공지사항,219159,예방접종관리지침,2000.02.10,https://www.kdca.go.kr/bbs/kdca/50/219159/artclView.do
공지사항,219158,(참고자료)최근의 DTaP 예방접종...,2000.01.11,https://www.kdca.go.kr/bbs/kdca/50/219158/artclView.do
공지사항,219153,[공문발송]★★표준예방접종지침 수정,2000.01.01,https://www.kdca.go.kr/bbs/kdca/50/219153/artclView.do
공지사항,219150,[참고자료] ★★단체예방접종 예진표중,2000.01.01,https://www.kdca.go.kr/bbs/kdca/50/219150/artclView.do
